user_id,latitude,longitude,timestamp,hour,day,weekday,month,is_weekend,distance_km,time_delta_hr,speed_kmh
U001,28.61214116729188,77.209172671956,2025-01-01 00:05:41,0,1,2,1,0,0.0,0.0,0.0
U001,28.616413955520496,77.21004263194476,2025-01-01 00:10:54,0,1,2,1,0,0.48264191534906764,0.08694444444444445,5.551153019989276
U001,28.61225695760356,77.21194991936737,2025-01-01 00:16:37,0,1,2,1,0,0.49832248486965275,0.09527777777777778,5.2302068382820694
U001,28.61189849015428,77.21083362063878,2025-01-01 00:27:13,0,1,2,1,0,0.11603002780388216,0.17666666666666667,0.6567737422861255
U001,28.612701488796684,77.21023553816045,2025-01-01 00:43:46,0,1,2,1,0,0.106682177805468,0.2758333333333333,0.38676318237631907
U001,28.61500428819639,77.21102394874116,2025-01-01 01:09:24,1,1,2,1,0,0.26737501379225614,0.4272222222222222,0.6258452858596373
U001,28.612283086899755,77.21027589565601,2025-01-01 01:19:27,1,1,2,1,0,0.3112699672552702,0.1675,1.8583281627180308
U001,28.618810537364222,77.20806813981791,2025-01-01 01:46:32,1,1,2,1,0,0.7571368933094779,0.4513888888888889,1.6773494251779202
U001,28.61470454377795,77.20955234017401,2025-01-01 01:53:39,1,1,2,1,0,0.4790000499185167,0.11861111111111111,4.038407915003888
U001,28.61486650404624,77.20909620583187,2025-01-01 02:14:40,2,1,2,1,0,0.04802909961359639,0.3502777777777778,0.13711717574063995
U001,28.614190270299325,77.20954401477694,2025-01-01 02:46:49,2,1,2,1,0,0.08697624965301637,0.5358333333333334,0.16231959499785323
U001,28.610934199904865,77.21037542146807,2025-01-01 02:56:25,2,1,2,1,0,0.3710431573547305,0.16,2.3190197334670652
U001,28.61556184941005,77.20826951462125,2025-01-01 03:28:33,3,1,2,1,0,0.5541133982931912,0.5355555555555556,1.034651573576498
U001,28.6136047532486,77.20703118804029,2025-01-01 03:33:20,3,1,2,1,0,0.24893674841042013,0.07972222222222222,3.1225515480052697
U001,28.61319527538727,77.20934249393227,2025-01-01 03:34:38,3,1,2,1,0,0.23016620334132848,0.021666666666666667,10.623055538830545
U001,28.616028310865783,77.2077673377158,2025-01-01 03:39:29,3,1,2,1,0,0.3505399098060088,0.08083333333333333,4.336576203785676
U001,28.613155720821464,77.20790484799748,2025-01-01 03:47:46,3,1,2,1,0,0.3196993499887267,0.13805555555555554,2.3157296981074773
U001,28.61454297022797,77.20918419698073,2025-01-01 04:02:13,4,1,2,1,0,0.19847005807977583,0.24083333333333334,0.8240971269748477
U001,28.61504719757691,77.20789419372034,2025-01-01 04:06:05,4,1,2,1,0,0.13783994898883475,0.06444444444444444,2.138895760171574
U001,28.61224357493605,77.20809148221319,2025-01-01 04:24:23,4,1,2,1,0,0.3123428849236743,0.305,1.024075032536637
U001,28.614231546357857,77.21030826681458,2025-01-01 04:26:39,4,1,2,1,0,0.3093369360869987,0.03777777777777778,8.188330661126436
U001,28.612920031034964,77.21102867094918,2025-01-01 05:07:26,5,1,2,1,0,0.16190334750576782,0.6797222222222222,0.2381904581204594
U001,28.61017360264326,77.20580412135045,2025-01-01 05:09:14,5,1,2,1,0,0.5944449498242346,0.03,19.81483166080782
U001,28.612346156753283,77.20844548207836,2025-01-01 05:15:46,5,1,2,1,0,0.35332917533314784,0.10888888888888888,3.2448597734676845
U001,28.61499499610412,77.20651986003173,2025-01-01 05:18:20,5,1,2,1,0,0.34940603944306753,0.042777777777777776,8.167933389578202
U001,28.61543977606461,77.20877209349938,2025-01-01 05:30:55,5,1,2,1,0,0.22534185845620622,0.20972222222222223,1.0744777356852218
U001,28.614561966660663,77.20936225708508,2025-01-01 06:07:26,6,1,2,1,0,0.11334007948713104,0.6086111111111111,0.18622742407744033
U001,28.61408541487584,77.20763889512048,2025-01-01 06:32:10,6,1,2,1,0,0.17637267845025065,0.4122222222222222,0.4278582496097725
U001,28.614310358020205,77.21153528149785,2025-01-01 06:37:04,6,1,2,1,0,0.38116365784328726,0.08166666666666667,4.667310096040253
U001,28.61742983076459,77.20847253340514,2025-01-01 06:39:25,6,1,2,1,0,0.45792692103686267,0.03916666666666667,11.691751175409259
U001,28.61096807450788,77.21035267958904,2025-01-01 07:08:17,7,1,2,1,0,0.7415833661391278,0.4811111111111111,1.541397296824977
U001,28.612276809730435,77.20812645462935,2025-01-01 07:19:38,7,1,2,1,0,0.26154113898423076,0.18916666666666668,1.382596329432057
U001,28.611123716806446,77.20985705115606,2025-01-01 07:55:17,7,1,2,1,0,0.2120819786858473,0.5941666666666666,0.3569402165820712
U001,28.636165523669607,77.21851997260485,2025-01-01 08:03:04,8,1,2,1,0,2.9100707126393903,0.1297222222222222,22.433093288012433
U001,28.63092406741876,77.21610860029791,2025-01-01 08:09:33,8,1,2,1,0,0.6285444969370749,0.10805555555555556,5.816864239006349
U001,28.63013217936261,77.21972776978055,2025-01-01 08:32:30,8,1,2,1,0,0.3640367074523134,0.3825,0.9517299541236952
U001,28.6343868166988,77.21799377897486,2025-01-01 09:08:07,9,1,2,1,0,0.5024517324293477,0.5936111111111111,0.8464324926278203
U001,28.627241391438925,77.21512736646748,2025-01-01 09:16:18,9,1,2,1,0,0.8423481455701123,0.1363888888888889,6.176076016400009
U001,28.62690584465782,77.21668533905549,2025-01-01 09:53:32,9,1,2,1,0,0.15657196979825103,0.6205555555555555,0.2523093515101628
U001,28.628926862988145,77.21920380997318,2025-01-01 10:08:32,10,1,2,1,0,0.33305079635576235,0.25,1.3322031854230494
U001,28.63160335546734,77.21647260484558,2025-01-01 10:54:15,10,1,2,1,0,0.39953608580731353,0.7619444444444444,0.5243638020074112
U001,28.631448852427702,77.21727321827012,2025-01-01 10:57:18,10,1,2,1,0,0.08000458507295258,0.050833333333333335,1.5738606899597227
U001,28.634547773147187,77.21812024735166,2025-01-01 11:26:57,11,1,2,1,0,0.3543616373994498,0.49416666666666664,0.7170893168285662
U001,28.63117084077741,77.2204610625441,2025-01-01 11:53:19,11,1,2,1,0,0.439534570588911,0.43944444444444447,1.0002050910999238
U001,28.63305140996583,77.21814538451356,2025-01-01 11:59:13,11,1,2,1,0,0.3079038371402824,0.09833333333333333,3.1312254624435503
U001,28.62984619664398,77.21981215953407,2025-01-01 12:04:49,12,1,2,1,0,0.39177319804145944,0.09333333333333334,4.197569979015636
U001,28.63007292037636,77.21837554942655,2025-01-01 12:19:57,12,1,2,1,0,0.1424607249524489,0.25222222222222224,0.5648222575207225
U001,28.626707473713104,77.22215569111466,2025-01-01 12:22:15,12,1,2,1,0,0.525510743777843,0.03833333333333333,13.708975924639384
U001,28.62904511893265,77.21867418684779,2025-01-01 12:43:51,12,1,2,1,0,0.42781950753994225,0.36,1.188387520944284
U001,28.62852972287833,77.21698838838168,2025-01-01 13:07:54,13,1,2,1,0,0.17422990568202348,0.4008333333333333,0.43466920336471554
U001,28.625716886428105,77.21758871480147,2025-01-01 13:13:16,13,1,2,1,0,0.31821406081389286,0.08944444444444444,3.557672729596318
U001,28.630472975683983,77.21654652713373,2025-01-01 13:41:01,13,1,2,1,0,0.5385463640395541,0.4625,1.1644245708963332
U001,28.62856239702701,77.21708107162601,2025-01-01 14:00:57,14,1,2,1,0,0.21875886334443753,0.3322222222222222,0.6584714950167017
U001,28.63052391995065,77.21801254405636,2025-01-01 14:08:37,14,1,2,1,0,0.2362995677369127,0.12777777777777777,1.849300964897578
U001,28.63117500643826,77.22066112009998,2025-01-01 14:25:27,14,1,2,1,0,0.26844409599038305,0.28055555555555556,0.9568304411538405
U001,28.62980012698642,77.21834981707215,2025-01-01 14:31:16,14,1,2,1,0,0.2725047090163221,0.09694444444444444,2.8109368265293972
U001,28.63146640191173,77.22035036793305,2025-01-01 14:58:17,14,1,2,1,0,0.26916954915135444,0.4502777777777778,0.5977855502436002
U001,28.62925377875433,77.21580162144811,2025-01-01 15:47:55,15,1,2,1,0,0.5075691837028729,0.8272222222222222,0.6135826263701619
U001,28.63014425254263,77.21602964530248,2025-01-01 15:49:14,15,1,2,1,0,0.10148639616721045,0.021944444444444444,4.624696534201996
U001,28.62660330889476,77.22321045961021,2025-01-01 15:52:06,15,1,2,1,0,0.8038801403582242,0.04777777777777778,16.82539828656748
U001,28.628412201168903,77.21735565282329,2025-01-01 16:09:16,16,1,2,1,0,0.6058050060499047,0.2861111111111111,2.1173767201744242
U001,28.634796878191903,77.22465363515239,2025-01-01 16:16:13,16,1,2,1,0,1.0056565782078737,0.11583333333333333,8.681927293880925
U001,28.6315117443867,77.21832180030619,2025-01-01 16:19:18,16,1,2,1,0,0.7178558889960197,0.05138888888888889,13.969087569652276
U001,28.631134718049164,77.22141859089214,2025-01-01 16:52:03,16,1,2,1,0,0.3051347124984962,0.5458333333333333,0.5590254274781611
U001,28.63100612084728,77.21900175614547,2025-01-01 17:03:11,17,1,2,1,0,0.23631216754346188,0.18555555555555556,1.2735386274797347
U001,28.63049083110075,77.2177001442097,2025-01-01 17:10:47,17,1,2,1,0,0.13935945851671433,0.12666666666666668,1.1002062514477446
U001,28.630276488816467,77.22035740296596,2025-01-01 17:23:46,17,1,2,1,0,0.2604386842751575,0.21638888888888888,1.2035677322086868
U001,28.63101609071993,77.21546145370507,2025-01-01 17:34:05,17,1,2,1,0,0.4848640605294022,0.17194444444444446,2.819887912610416
U001,28.62897612007628,77.21562421807728,2025-01-01 17:51:37,17,1,2,1,0,0.22738996062032651,0.2922222222222222,0.7781405496513075
U001,28.6336250025612,77.21483624549393,2025-01-01 18:26:28,18,1,2,1,0,0.5226214436424439,0.5808333333333333,0.8997786691118116
U001,28.629749050416063,77.21746943090793,2025-01-01 18:34:45,18,1,2,1,0,0.501791363471012,0.13805555555555554,3.634706053311154
U001,28.63105808380252,77.2168731218524,2025-01-01 18:47:22,18,1,2,1,0,0.15676171912803658,0.21027777777777779,0.7454982679800947
U001,28.633376470088898,77.2125082747184,2025-01-01 18:49:31,18,1,2,1,0,0.4979265467169526,0.035833333333333335,13.895624559542862
U001,28.627463749181263,77.21645317287124,2025-01-01 18:50:49,18,1,2,1,0,0.7619045480256762,0.021666666666666667,35.16482529349275
U001,28.614618614420635,77.23313916475101,2025-01-01 19:19:46,19,1,2,1,0,2.1662601418322014,0.4825,4.489658325040832
U001,28.608097262324097,77.22939559002734,2025-01-01 19:21:43,19,1,2,1,0,0.812017792328571,0.0325,24.985162840879106
U001,28.608456832479497,77.23218962091006,2025-01-01 19:32:32,19,1,2,1,0,0.2756669781793895,0.1802777777777778,1.5291234536915288
U001,28.611122811389443,77.23211774269537,2025-01-01 19:56:27,19,1,2,1,0,0.2965263570778979,0.39861111111111114,0.743898874899256
U001,28.60955927633417,77.23270754497445,2025-01-01 20:02:11,20,1,2,1,0,0.183142587243635,0.09555555555555556,1.9166084711543196
U001,28.607493904407324,77.23008104335706,2025-01-01 20:26:46,20,1,2,1,0,0.3442132932711518,0.4097222222222222,0.840113800526201
U001,28.611725465011933,77.22628818500235,2025-01-01 20:38:05,20,1,2,1,0,0.5987349668383393,0.18861111111111112,3.1744416503947295
U001,28.608582914904844,77.23413201346669,2025-01-01 20:43:08,20,1,2,1,0,0.8416637052888067,0.08416666666666667,9.999964815312556
U001,28.6144921686777,77.2091401468089,2025-01-01 21:05:00,21,1,2,1,0,2.5265580198691104,0.36444444444444446,6.932628713055486
U001,28.61588469987247,77.21160591052053,2025-01-01 21:07:42,21,1,2,1,0,0.2861962555530445,0.045,6.359916790067656
U001,28.60979942710395,77.20782521436746,2025-01-01 21:34:54,21,1,2,1,0,0.770751549642511,0.4533333333333333,1.7001872418584802
U001,28.612474130691783,77.2115253562825,2025-01-01 21:35:02,21,1,2,1,0,0.4678863229128284,0.0022222222222222222,210.54884531077278
U001,28.615947681092248,77.20951104533184,2025-01-01 21:47:49,21,1,2,1,0,0.4334093433529996,0.21305555555555555,2.034255066585135
U001,28.61445675637968,77.21045192341292,2025-01-01 22:31:18,22,1,2,1,0,0.18952322532635452,0.7247222222222223,0.2615115412705543
U001,28.61658634070196,77.20765164275248,2025-01-01 22:33:25,22,1,2,1,0,0.3616494476644516,0.035277777777777776,10.251480406236425
U001,28.61455424454425,77.2069106600529,2025-01-01 22:44:53,22,1,2,1,0,0.23725284302838864,0.19111111111111112,1.241439294915987
U001,28.61596746226949,77.20902797649583,2025-01-01 22:56:55,22,1,2,1,0,0.2596334086373813,0.20055555555555554,1.2945710125963612
U001,28.61473869589781,77.20999999451236,2025-01-01 23:00:57,23,1,2,1,0,0.16634595913402836,0.06722222222222222,2.4745679871177773
U001,28.61081259208828,77.20658819004507,2025-01-01 23:38:32,23,1,2,1,0,0.549095439933919,0.6263888888888889,0.8766046934643495
U001,28.616138054648594,77.20836147511038,2025-01-01 23:43:51,23,1,2,1,0,0.6169456007611491,0.08861111111111111,6.962395494483188
U001,28.61540825605292,77.21533566563944,2025-01-01 23:59:00,23,1,2,1,0,0.6855884469128459,0.2525,2.715201769951865
U001,28.61590441051311,77.2080381577621,2025-01-02 00:05:26,0,2,3,1,0,0.7144627330339526,0.10722222222222222,6.663383002389195
U001,28.61529685483793,77.2071430073612,2025-01-02 00:17:36,0,2,3,1,0,0.11044860736694853,0.20277777777777778,0.5446780637274174
U001,28.61568228449365,77.20935099976913,2025-01-02 00:52:40,0,2,3,1,0,0.21974827974794459,0.5844444444444444,0.3759951554622626
U001,28.6131930481769,77.20949082442833,2025-01-02 01:14:03,1,2,3,1,0,0.2771267640272666,0.35638888888888887,0.7775965319549181
U001,28.61375214836982,77.21004341910158,2025-01-02 01:17:38,1,2,3,1,0,0.08230838528918424,0.059722222222222225,1.3781869164700618
U001,28.61022066610488,77.20320709925845,2025-01-02 01:49:35,1,2,3,1,0,0.7742970031576939,0.5325,1.4540788791693784
U001,28.612560611317097,77.20961103033152,2025-01-02 02:11:44,2,2,3,1,0,0.6771166028003477,0.36916666666666664,1.8341758992334476
U001,28.61606787540963,77.20758712655538,2025-01-02 02:36:12,2,2,3,1,0,0.43717573689994627,0.4077777777777778,1.0720930877655357
U001,28.615212426305536,77.21181038538266,2025-01-02 02:37:03,2,2,3,1,0,0.4230757037147257,0.014166666666666666,29.864167321039464
U001,28.612927222400007,77.2107112602395,2025-01-02 02:41:48,2,2,3,1,0,0.2758252385041135,0.07916666666666666,3.4841082758414337
U001,28.61237725937662,77.20520714711265,2025-01-02 02:50:32,2,2,3,1,0,0.5407557079525048,0.14555555555555555,3.7151155508187355
U001,28.61466577635023,77.21179433654387,2025-01-02 03:15:37,3,2,3,1,0,0.6915294772835006,0.41805555555555557,1.6541568891831242
U001,28.61371148948772,77.20950136617913,2025-01-02 03:26:55,3,2,3,1,0,0.24770522554420082,0.18833333333333332,1.315248985190447
U001,28.616167663587685,77.208295644801,2025-01-02 03:32:17,3,2,3,1,0,0.29739420431964236,0.08944444444444444,3.3249041476730206
U001,28.612088915437127,77.21018441934764,2025-01-02 03:46:10,3,2,3,1,0,0.48957909264664057,0.2313888888888889,2.1158280114380625
U001,28.61399649167783,77.20922278475399,2025-01-02 03:54:27,3,2,3,1,0,0.23195567162700712,0.13805555555555554,1.680161806553774
U001,28.61384368157761,77.20968356026674,2025-01-02 04:18:36,4,2,3,1,0,0.04808081186542147,0.4025,0.11945543320601607
U001,28.61752153756116,77.21106758832359,2025-01-02 04:24:54,4,2,3,1,0,0.4306960165964282,0.105,4.101866824727888
U001,28.610690595347144,77.20727005961119,2025-01-02 04:25:09,4,2,3,1,0,0.8451944338465016,0.004166666666666667,202.8466641231604
U001,28.613043004632534,77.20840134728385,2025-01-02 05:05:33,5,2,3,1,0,0.28393172805731576,0.6733333333333333,0.4216807842435383
U001,28.61961909035073,77.20949113681615,2025-01-02 05:11:25,5,2,3,1,0,0.7389245228231258,0.09777777777777778,7.557182619781968
U001,28.61332124448537,77.21081486969543,2025-01-02 05:35:38,5,2,3,1,0,0.7121093835323578,0.4036111111111111,1.764345341167576
U001,28.61740577627158,77.21130105226163,2025-01-02 06:10:25,6,2,3,1,0,0.45665193835532353,0.5797222222222222,0.7877081830757856
U001,28.61374817925492,77.20854438269603,2025-01-02 06:44:32,6,2,3,1,0,0.4876651802646865,0.5686111111111111,0.8576427205436599
U001,28.61353105152639,77.20958512016972,2025-01-02 06:47:51,6,2,3,1,0,0.10442064165672969,0.05527777777777778,1.8890166329860647
U001,28.610782526735345,77.20842871927393,2025-01-02 06:50:28,6,2,3,1,0,0.3258027421434838,0.043611111111111114,7.470636125583068
U001,28.61244972903988,77.21013357226434,2025-01-02 06:53:15,6,2,3,1,0,0.2491256231745332,0.04638888888888889,5.370372715139638
U001,28.61253723565814,77.2101326413788,2025-01-02 07:04:58,7,2,3,1,0,0.009730716291850364,0.19527777777777777,0.04983012610335891
U001,28.614081103386443,77.2088432497414,2025-01-02 07:08:41,7,2,3,1,0,0.21286704356175903,0.06194444444444445,3.43641864045889
U001,28.60977492900585,77.20824373899603,2025-01-02 07:14:35,7,2,3,1,0,0.48238776265184247,0.09833333333333333,4.905638264256026
U001,28.61120044952454,77.2065298867021,2025-01-02 07:25:49,7,2,3,1,0,0.23046817946338316,0.18722222222222223,1.2309873087064975
U001,28.615263479501213,77.20759562328774,2025-01-02 07:40:12,7,2,3,1,0,0.46361116057576873,0.23972222222222223,1.9339515389023956
U001,28.62511364860436,77.21266478991375,2025-01-02 08:08:49,8,2,3,1,0,1.201864565296752,0.47694444444444445,2.519925704757313
U001,28.624427623105568,77.20859903080638,2025-01-02 08:10:11,8,2,3,1,0,0.4041005785925493,0.02277777777777778,17.741001011380213
U001,28.620836404271508,77.21374375607265,2025-01-02 08:17:00,8,2,3,1,0,0.6415781672921299,0.11361111111111111,5.647142792791364
U001,28.62334930276485,77.2091985999521,2025-01-02 08:45:18,8,2,3,1,0,0.5243003856095446,0.4716666666666667,1.1115909235538048
U001,28.62130157363923,77.21613960316616,2025-01-02 08:59:38,8,2,3,1,0,0.714727000071899,0.2388888888888889,2.9918804654172515
U001,28.63534482954256,77.21748837822233,2025-01-02 09:19:28,9,2,3,1,0,1.5670778511416918,0.33055555555555555,4.740739717739572
U001,28.630038280203944,77.21816216422629,2025-01-02 09:33:38,9,2,3,1,0,0.5937143360239594,0.2361111111111111,2.5145548349250046
U001,28.63176724151876,77.21849442717475,2025-01-02 09:43:21,9,2,3,1,0,0.19496749956466367,0.16194444444444445,1.2039159492843725
U001,28.627949687414144,77.2175849735921,2025-01-02 10:20:40,10,2,3,1,0,0.4336735403844441,0.6219444444444444,0.6972866214309955
U001,28.6301594794772,77.21671633950899,2025-01-02 10:23:00,10,2,3,1,0,0.25993197915268756,0.03888888888888889,6.683965178211966
U001,28.630536433729404,77.21565775070763,2025-01-02 10:35:01,10,2,3,1,0,0.11149599224226169,0.20027777777777778,0.5567067573816118
U001,28.627213606052287,77.21542428880441,2025-01-02 10:54:17,10,2,3,1,0,0.3701835202190126,0.3211111111111111,1.1528206512010772
U001,28.627609232723355,77.21571365270643,2025-01-02 11:04:06,11,2,3,1,0,0.05227717175425642,0.16361111111111112,0.319520913947917
U001,28.63084135808485,77.21431775078763,2025-01-02 11:24:16,11,2,3,1,0,0.3843524716826888,0.33611111111111114,1.1435280149237022
U001,28.629594711450807,77.21476113547928,2025-01-02 11:30:42,11,2,3,1,0,0.14521831134669344,0.10722222222222222,1.3543676705909233
U001,28.62990405358232,77.21841382773518,2025-01-02 11:48:36,11,2,3,1,0,0.35815688879568,0.29833333333333334,1.2005258842313296
U001,28.63109115615878,77.22275469610616,2025-01-02 12:39:24,12,2,3,1,0,0.4437512053874852,0.8466666666666667,0.5241155969143526
U001,28.632011810570607,77.21817933678763,2025-01-02 12:44:29,12,2,3,1,0,0.45812989746226845,0.08472222222222223,5.407434855292348
U001,28.629326631500984,77.22006858768522,2025-01-02 12:46:19,12,2,3,1,0,0.3509246660979487,0.030555555555555555,11.484807254114685
U001,28.63174378978016,77.21959457202185,2025-01-02 12:58:13,12,2,3,1,0,0.27272825062528455,0.19833333333333333,1.3751004233207624
U001,28.627502172616666,77.21545250681575,2025-01-02 12:58:57,12,2,3,1,0,0.6211923600461834,0.012222222222222223,50.824829458324096
U001,28.63048261306077,77.21839191443193,2025-01-02 13:06:36,13,2,3,1,0,0.4383339950026287,0.1275,3.437913686295127
U001,28.63136648404065,77.215842047886,2025-01-02 13:14:02,13,2,3,1,0,0.2675672337673846,0.1238888888888889,2.15973551919862
U001,28.63099961539849,77.2161764813128,2025-01-02 13:44:43,13,2,3,1,0,0.05224483257021865,0.5113888888888889,0.10216262751373555
U001,28.63144493526494,77.21581158006741,2025-01-02 13:55:39,13,2,3,1,0,0.060994268453852724,0.18222222222222223,0.3347246439540698
U001,28.63453116706661,77.22423762357708,2025-01-02 14:01:15,14,2,3,1,0,0.8910850541362181,0.09333333333333334,9.547339865745194
U001,28.629734163262608,77.21708619133449,2025-01-02 14:14:53,14,2,3,1,0,0.8784462969117488,0.22722222222222221,3.8660228225944935
U001,28.629641692688026,77.22021021788207,2025-01-02 14:40:31,14,2,3,1,0,0.30507725109931944,0.4272222222222222,0.7140949960712288
U001,28.635515066348795,77.21812850633073,2025-01-02 15:26:42,15,2,3,1,0,0.6839614326290608,0.7697222222222222,0.8885821571507106
U001,28.631269428584776,77.21848683968192,2025-01-02 15:32:52,15,2,3,1,0,0.47338694370229295,0.10277777777777777,4.605927019806094
U001,28.63127299646784,77.21524432575193,2025-01-02 15:46:24,15,2,3,1,0,0.3164637291480575,0.22555555555555556,1.4030411637105997
U001,28.62983360155252,77.21474030398245,2025-01-02 16:04:56,16,2,3,1,0,0.16744235540043065,0.3088888888888889,0.5420795678431208
U001,28.6300525138042,77.22102754678845,2025-01-02 16:23:29,16,2,3,1,0,0.6141138795846769,0.30916666666666665,1.9863521711633756
U001,28.63088649976922,77.21637629637962,2025-01-02 16:54:04,16,2,3,1,0,0.46333228567570584,0.5097222222222222,0.9089897702629652
U001,28.63122941930753,77.21680063719994,2025-01-02 17:23:13,17,2,3,1,0,0.05629535496603284,0.48583333333333334,0.11587380095924427
U001,28.63099948139068,77.22178851634324,2025-01-02 17:51:14,17,2,3,1,0,0.48747965862369347,0.46694444444444444,1.0439778530905988
U001,28.629692939083565,77.21753149101761,2025-01-02 17:57:44,17,2,3,1,0,0.44014941253566203,0.10833333333333334,4.062917654175342
U001,28.63098428533036,77.21616860167357,2025-01-02 17:59:43,17,2,3,1,0,0.1957341668218795,0.03305555555555555,5.921369752594674
U001,28.63240446482731,77.21923403320334,2025-01-02 18:33:14,18,2,3,1,0,0.3382986650119307,0.5586111111111111,0.6056067598423424
U001,28.62940755138014,77.21660795333041,2025-01-02 18:47:56,18,2,3,1,0,0.4204050627748678,0.245,1.7159390317341543
U001,28.6297745863436,77.21712102038897,2025-01-02 18:59:10,18,2,3,1,0,0.06460016553428016,0.18722222222222223,0.34504539454511657
U001,28.619213063791324,77.21213029723704,2025-01-02 19:44:06,19,2,3,1,0,1.2714045312827569,0.7488888888888889,1.6977211842054616
U001,28.62395200525344,77.2090879350482,2025-01-02 19:46:30,19,2,3,1,0,0.6048598812540732,0.04,15.12149703135183
U001,28.62405446730688,77.2115784327206,2025-01-02 19:51:06,19,2,3,1,0,0.2433517395139847,0.07666666666666666,3.174153124095453
U001,28.624404580061835,77.21285357071832,2025-01-02 19:59:26,19,2,3,1,0,0.1304061838523887,0.1388888888888889,0.9389245237371986
U001,28.61118836924164,77.22939181683844,2025-01-02 20:06:16,20,2,3,1,0,2.1830367049274964,0.11388888888888889,19.16812716521704
U001,28.611185286279948,77.22997501816597,2025-01-02 20:12:57,20,2,3,1,0,0.05693131332765002,0.11138888888888888,0.5111040597993518
U001,28.60996881648551,77.22945633057745,2025-01-02 20:18:17,20,2,3,1,0,0.14443125850588867,0.08888888888888889,1.6248516581912475
U001,28.61182350753515,77.22631305574403,2025-01-02 20:29:27,20,2,3,1,0,0.3697038857161651,0.18611111111111112,1.9864686396689466
U001,28.611211573767683,77.22756806161806,2025-01-02 21:05:00,21,2,3,1,0,0.14013748950076363,0.5925,0.23651896962154198
U001,28.60976056964404,77.23035485533009,2025-01-02 21:11:08,21,2,3,1,0,0.31628731907694974,0.10222222222222223,3.094115077926682
U001,28.6085695568498,77.23057217645079,2025-01-02 21:14:54,21,2,3,1,0,0.1341229953204315,0.06277777777777778,2.1364724918298825
U001,28.61188447106458,77.22838065680432,2025-01-02 21:42:36,21,2,3,1,0,0.42618509686092004,0.46166666666666667,0.923144614139177
U001,28.613350794916418,77.23064803224806,2025-01-02 21:54:28,21,2,3,1,0,0.2749036391837614,0.19777777777777777,1.3899622205920519
U001,28.613929415923074,77.20823125287865,2025-01-02 22:00:52,22,2,3,1,0,2.1891501413086036,0.10666666666666667,20.523282574768157
U001,28.61499340206664,77.2097565045672,2025-01-02 22:27:43,22,2,3,1,0,0.19016875603543434,0.4475,0.4249581140456633
U001,28.61776574491275,77.21146008971142,2025-01-02 22:46:32,22,2,3,1,0,0.35026158183059325,0.3136111111111111,1.1168659828079146
U001,28.61527823340933,77.21018620085303,2025-01-02 22:48:17,22,2,3,1,0,0.3032637842201465,0.029166666666666667,10.397615458976452
U001,28.61851153305209,77.21032450521447,2025-01-02 22:50:29,22,2,3,1,0,0.35977988955775997,0.03666666666666667,9.812178806120727
U001,28.61392591589167,77.2094360402812,2025-01-02 23:07:52,23,2,3,1,0,0.5172200182058206,0.2897222222222222,1.7852272919855747
U001,28.617933652724933,77.21217098823145,2025-01-02 23:39:42,23,2,3,1,0,0.5194856181722595,0.5305555555555556,0.979135196555044
U001,28.61404670196244,77.20802423582211,2025-01-02 23:51:01,23,2,3,1,0,0.5921546547281406,0.18861111111111112,3.139553397674972
U001,28.613803813284047,77.2111685996634,2025-01-03 00:07:58,0,3,4,1,0,0.3081208760682574,0.2825,1.0906933666133005
U001,28.61618065916145,77.21120877243209,2025-01-03 00:11:01,0,3,4,1,0,0.26432229285583386,0.050833333333333335,5.199782810278699
U001,28.613568461181128,77.20736241337285,2025-01-03 00:24:31,0,3,4,1,0,0.47469599190184286,0.225,2.1097599640081905
U001,28.61455404125661,77.20601332487803,2025-01-03 00:26:35,0,3,4,1,0,0.17132600583104507,0.034444444444444444,4.973980814449695
U001,28.614249062517995,77.20906203244064,2025-01-03 00:34:34,0,3,4,1,0,0.29952211119101474,0.13305555555555557,2.251105637343743
U001,28.61461873050726,77.2097910512234,2025-01-03 01:15:36,1,3,4,1,0,0.08218098375915074,0.6838888888888889,0.12016715740574438
U001,28.612736357918926,77.2095770405912,2025-01-03 01:25:21,1,3,4,1,0,0.21035020604584215,0.1625,1.2944628064359516
U001,28.61452621928911,77.20638827996892,2025-01-03 01:31:38,1,3,4,1,0,0.3694578284678665,0.10472222222222222,3.5279792638841365
U001,28.613621380935346,77.20637833320475,2025-01-03 01:36:31,1,3,4,1,0,0.1006181191968681,0.08138888888888889,1.2362635805758537
U001,28.613491118324497,77.20783072784823,2025-01-03 01:43:08,1,3,4,1,0,0.14251299432335632,0.11027777777777778,1.2923092684233821
U001,28.614838291049274,77.21270032367362,2025-01-03 02:05:43,2,3,4,1,0,0.49838629357473124,0.3763888888888889,1.3241259460288062
U001,28.612134490725715,77.20578423634599,2025-01-03 02:15:10,2,3,4,1,0,0.7390303591440066,0.1575,4.692256248533376
U001,28.61190757900478,77.20663324084317,2025-01-03 02:26:06,2,3,4,1,0,0.08663220133640791,0.18222222222222223,0.47542061709004335
U001,28.61398055141781,77.20869357842096,2025-01-03 02:52:43,2,3,4,1,0,0.3059109064160828,0.4436111111111111,0.6895925254213514
U001,28.613097185681323,77.21355263781005,2025-01-03 03:05:00,3,3,4,1,0,0.4843794883100978,0.20472222222222222,2.3660327787196094
U001,28.613680664199503,77.20930810385032,2025-01-03 03:12:58,3,3,4,1,0,0.41937838778127096,0.13277777777777777,3.1584983180179402
U001,28.6125793346656,77.21145014368692,2025-01-03 03:19:00,3,3,4,1,0,0.24231768711501905,0.10055555555555555,2.4097891536300238
U001,28.61575068275677,77.20746241695063,2025-01-03 03:22:36,3,3,4,1,0,0.5252384871954263,0.06,8.753974786590438
U001,28.614102025314704,77.20733169650735,2025-01-03 04:11:05,4,3,4,1,0,0.18376588588313827,0.8080555555555555,0.22741739057383906
U001,28.615061945750423,77.20728817870064,2025-01-03 04:18:40,4,3,4,1,0,0.10682277791892646,0.12638888888888888,0.8451912099079896
U001,28.613925600943983,77.20961613936859,2025-01-03 04:20:22,4,3,4,1,0,0.26000822651148764,0.028333333333333332,9.176760935699564
U001,28.613290713313763,77.2081243113462,2025-01-03 04:28:11,4,3,4,1,0,0.1618340043606187,0.13027777777777777,1.242222634751018
U001,28.61388303501155,77.20869570428954,2025-01-03 05:02:39,5,3,4,1,0,0.08630732035418372,0.5744444444444444,0.1502448516803972
U001,28.61532711655238,77.20912413899364,2025-01-03 05:15:07,5,3,4,1,0,0.1659312709234027,0.20777777777777778,0.7985996996313499
U001,28.614487073002177,77.21146648296379,2025-01-03 05:29:18,5,3,4,1,0,0.24698849140825938,0.2363888888888889,1.0448396816330596
U001,28.61092091266909,77.20978723973381,2025-01-03 05:45:36,5,3,4,1,0,0.42908381580081684,0.27166666666666667,1.579449628714663
U001,28.61294746159908,77.21215411385643,2025-01-03 06:01:45,6,3,4,1,0,0.3227396318240923,0.26916666666666667,1.1990326878913646
U001,28.61216730474046,77.20678979882905,2025-01-03 06:27:09,6,3,4,1,0,0.530777829030381,0.42333333333333334,1.2538058953473565
U001,28.61459910856359,77.20918398084432,2025-01-03 06:44:17,6,3,4,1,0,0.3574041376627486,0.28555555555555556,1.251609820608847
U001,28.61305554092133,77.2090797773919,2025-01-03 06:44:36,6,3,4,1,0,0.17193803222633117,0.005277777777777778,32.577732421831165
U001,28.608684863425363,77.20544779307899,2025-01-03 06:56:17,6,3,4,1,0,0.6015768168623803,0.1947222222222222,3.0894101864544496
U001,28.61270557807796,77.21089559559375,2025-01-03 07:06:38,7,3,4,1,0,0.694762086193785,0.1725,4.0276062967755655
U001,28.611397066823223,77.21037611497587,2025-01-03 07:24:07,7,3,4,1,0,0.15408330220074198,0.29138888888888886,0.5287892163228515
U001,28.612152970236348,77.2077797020226,2025-01-03 07:53:42,7,3,4,1,0,0.26702600899627205,0.4930555555555556,0.5415738774008898
U001,28.621743947795697,77.21794960992526,2025-01-03 08:04:52,8,3,4,1,0,1.4569857141854587,0.18611111111111112,7.82857995681739
U001,28.6197480692561,77.21316659539623,2025-01-03 08:08:09,8,3,4,1,0,0.5169257295530392,0.05472222222222222,9.446358509598685
U001,28.625323831074013,77.21783684154288,2025-01-03 08:21:07,8,3,4,1,0,0.7695392631835304,0.21611111111111111,3.5608500610034826
U001,28.621671871535337,77.21350585647117,2025-01-03 08:27:31,8,3,4,1,0,0.5861732472294773,0.10666666666666667,5.4953741927763495
U001,28.621643996284167,77.21197000992669,2025-01-03 08:43:14,8,3,4,1,0,0.14994160668353762,0.2619444444444444,0.5724175864907057
U001,28.63276397497606,77.21900885393184,2025-01-03 09:01:22,9,3,4,1,0,1.4145216859368814,0.3022222222222222,4.680402637291151
U001,28.62974525828788,77.21831819038758,2025-01-03 09:07:04,9,3,4,1,0,0.3423673822003301,0.095,3.6038671810561063
U001,28.63594255047253,77.21769525579082,2025-01-03 09:09:54,9,3,4,1,0,0.691784125869409,0.04722222222222222,14.649546194881601
U001,28.621245064732697,77.21337532604278,2025-01-03 09:27:49,9,3,4,1,0,1.6877975173575364,0.2986111111111111,5.652159127895006
U001,28.627292751878954,77.21579650468964,2025-01-03 09:59:49,9,3,4,1,0,0.7127868928764005,0.5333333333333333,1.336475424143251
U001,28.62875726861237,77.21739205646146,2025-01-03 10:17:37,10,3,4,1,0,0.2253225035370742,0.2966666666666667,0.7595140568665422
U001,28.63060166742176,77.21615726493741,2025-01-03 10:38:46,10,3,4,1,0,0.23787586089921622,0.3525,0.6748251373027411
U001,28.631527958150937,77.21587184241626,2025-01-03 10:47:37,10,3,4,1,0,0.10669938541623897,0.1475,0.7233856638389083
U001,28.630466912342023,77.21715329380928,2025-01-03 10:52:03,10,3,4,1,0,0.17193570464628585,0.07388888888888889,2.3269493861903348
U001,28.630801212482,77.21898605068876,2025-01-03 11:27:36,11,3,4,1,0,0.18269646846969906,0.5925,0.30834846999105325
U001,28.62720371463688,77.21870120689128,2025-01-03 11:43:42,11,3,4,1,0,0.40098839684138005,0.2683333333333333,1.4943666963032798
U001,28.629556631308464,77.21635451580173,2025-01-03 11:50:44,11,3,4,1,0,0.3477217598238787,0.11722222222222223,2.966346766270055
U001,28.62862443374937,77.21811856915288,2025-01-03 11:57:58,11,3,4,1,0,0.20096687347104383,0.12055555555555555,1.6670063237229442
U001,28.635273611274656,77.22127109306976,2025-01-03 12:10:17,12,3,4,1,0,0.8008193746439694,0.20527777777777778,3.901149862947618
U001,28.63210067233372,77.21855195199872,2025-01-03 12:19:39,12,3,4,1,0,0.44147847309627924,0.15611111111111112,2.8279759842466285
U001,28.632009492414745,77.21795434164447,2025-01-03 12:23:23,12,3,4,1,0,0.05919990784364312,0.06222222222222222,0.9514270903442644
U001,28.63040569946643,77.21834778707166,2025-01-03 12:41:24,12,3,4,1,0,0.18242098263544035,0.30027777777777775,0.6075074352336589
U001,28.630289089189496,77.2163355905037,2025-01-03 12:43:53,12,3,4,1,0,0.1968160528957383,0.04138888888888889,4.755287184058107
U001,28.630014697682743,77.21722608399462,2025-01-03 13:11:53,13,3,4,1,0,0.09211146785579992,0.4666666666666667,0.19738171683385697
U001,28.62955369210194,77.21263706002169,2025-01-03 13:17:56,13,3,4,1,0,0.4508107071913997,0.10083333333333333,4.470849988675038
U001,28.626353221914982,77.21514482394971,2025-01-03 13:19:47,13,3,4,1,0,0.43192092280898803,0.030833333333333334,14.008246145156368
U001,28.63270097089012,77.22031370426494,2025-01-03 13:32:43,13,3,4,1,0,0.8675876705325042,0.21555555555555556,4.0248912550477
U001,28.63112045592323,77.21863423613007,2025-01-03 13:40:16,13,3,4,1,0,0.2403196834919886,0.12583333333333332,1.9098252992740816
U001,28.631514261935976,77.21648753982257,2025-01-03 14:31:23,14,3,4,1,0,0.21404073196969076,0.8519444444444444,0.25123789862761225
U001,28.62918608657195,77.21945344991438,2025-01-03 14:42:51,14,3,4,1,0,0.388345716391258,0.19111111111111112,2.0320415392565825
U001,28.63207075927827,77.21889842205553,2025-01-03 14:50:50,14,3,4,1,0,0.32530292586013987,0.13305555555555557,2.4448654135626375
U001,28.626966388148908,77.2171357244291,2025-01-03 15:20:18,15,3,4,1,0,0.5930806510269183,0.4911111111111111,1.20763028489644
U001,28.62954472508371,77.21856312020606,2025-01-03 15:37:47,15,3,4,1,0,0.31875456414071124,0.29138888888888886,1.0939146147822312
U001,28.63059680219112,77.21843954165954,2025-01-03 15:45:35,15,3,4,1,0,0.11760574508568307,0.13,0.9046595775821774
U001,28.62768810375056,77.2205983557734,2025-01-03 15:50:13,15,3,4,1,0,0.3860095053743421,0.07722222222222222,4.998684242257667
U001,28.627845972586208,77.21833449638095,2025-01-03 16:06:23,16,3,4,1,0,0.2216521637820198,0.26944444444444443,0.8226265872322385
U001,28.630120161136563,77.21611576535945,2025-01-03 16:08:49,16,3,4,1,0,0.3329276217253396,0.04055555555555555,8.209174234323442
U001,28.62969239186431,77.21945515671673,2025-01-03 16:21:24,16,3,4,1,0,0.3293754111688478,0.20972222222222223,1.5705317618647046
U001,28.62910076932439,77.2182514938692,2025-01-03 16:34:09,16,3,4,1,0,0.13464272703815494,0.2125,0.6336128331207291
U001,28.62827141542781,77.21860079313173,2025-01-03 17:08:13,17,3,4,1,0,0.09831973449449892,0.5677777777777778,0.173165872886593
U001,28.634264748410587,77.21835633798396,2025-01-03 17:25:23,17,3,4,1,0,0.6668551540907534,0.2861111111111111,2.3307558783754487
U001,28.630552635324182,77.21797214541857,2025-01-03 17:37:55,17,3,4,1,0,0.41446772636586715,0.2088888888888889,1.9841540091983
U001,28.630417721438285,77.21935623807835,2025-01-03 18:09:24,18,3,4,1,0,0.13591638950210602,0.5247222222222222,0.2590254114386351
U001,28.63106634549976,77.21629291610975,2025-01-03 18:10:25,18,3,4,1,0,0.3075525702381302,0.016944444444444446,18.15064348946342
U001,28.63383111634093,77.22082208303112,2025-01-03 18:41:42,18,3,4,1,0,0.53842911295937,0.5213888888888889,1.0326823690217006
U001,28.63381800614372,77.22210161196914,2025-01-03 18:47:38,18,3,4,1,0,0.12488517478244365,0.09888888888888889,1.2628837899348235
U001,28.625104949558484,77.21240834500738,2025-01-03 19:44:15,19,3,4,1,0,1.3541411951116216,0.9436111111111111,1.4350627914047211
U001,28.625427122507,77.21546228765942,2025-01-03 19:47:40,19,3,4,1,0,0.300221335778223,0.05694444444444444,5.27217955512977
U001,28.619289861315977,77.21275318123674,2025-01-03 19:49:13,19,3,4,1,0,0.7318709834282022,0.025833333333333333,28.3304896810917
U001,28.613450722013614,77.20834098406105,2025-01-03 20:05:25,20,3,4,1,0,0.7791381888938423,0.27,2.88569699590312
U001,28.6144890283148,77.20900406607556,2025-01-03 20:18:31,20,3,4,1,0,0.13236013980144082,0.21833333333333332,0.6062296479455305
U001,28.61354176506223,77.2059192611857,2025-01-03 20:44:48,20,3,4,1,0,0.3190115343418753,0.43805555555555553,0.7282444664747946
U001,28.6139600084108,77.20885686695163,2025-01-03 21:32:32,21,3,4,1,0,0.2904996594530735,0.7955555555555556,0.36515320322313705
U001,28.609391865731936,77.20511002102398,2025-01-03 21:44:31,21,3,4,1,0,0.6259339215144516,0.19972222222222222,3.1340224164840413
U001,28.617369080622,77.20858588746042,2025-01-03 21:49:32,21,3,4,1,0,0.9497034479455748,0.08361111111111111,11.35857944386734
U001,28.61542526035588,77.20927250763532,2025-01-03 22:20:10,22,3,4,1,0,0.22629576876769583,0.5105555555555555,0.4432343675537024
U001,28.61333575570957,77.20860452306891,2025-01-03 22:27:11,22,3,4,1,0,0.24131843680533255,0.11694444444444445,2.063530576007594
U001,28.615557896723388,77.2101365377287,2025-01-03 22:37:12,22,3,4,1,0,0.2888214291946529,0.16694444444444445,1.7300451665569891
U001,28.613102953500128,77.2099905775287,2025-01-03 22:41:58,22,3,4,1,0,0.2733488016396101,0.07944444444444444,3.440754146512575
U001,28.61772987772177,77.20262740228802,2025-01-03 22:55:23,22,3,4,1,0,0.8839056649950127,0.22361111111111112,3.9528700546360813
U001,28.61374134225546,77.2060078555097,2025-01-03 23:01:36,23,3,4,1,0,0.5527929620366595,0.10361111111111111,5.335267193919502
U001,28.612430013382404,77.20655924433005,2025-01-03 23:33:27,23,3,4,1,0,0.1554299663599261,0.5308333333333334,0.2928037042887148
U001,28.61901501527885,77.21275024303742,2025-01-03 23:44:00,23,3,4,1,0,0.9493928203368388,0.17583333333333334,5.399390447413301
U001,28.61388610879549,77.20720281404134,2025-01-04 00:16:37,0,4,5,1,1,0.7864279815734426,0.5436111111111112,1.446673854708428
U001,28.61121271307297,77.21073934490698,2025-01-04 00:23:44,0,4,5,1,1,0.4555716393780448,0.11861111111111111,3.8408850158336327
U001,28.615269404638298,77.20868502384172,2025-01-04 00:40:35,0,4,5,1,1,0.4936492730158156,0.2808333333333333,1.757801565634952
U001,28.61210312796442,77.20833943178377,2025-01-04 01:01:12,1,4,5,1,1,0.35368640076967456,0.3436111111111111,1.0293217807363206
U001,28.613396509605703,77.2104715490726,2025-01-04 01:05:27,1,4,5,1,1,0.25298324100512887,0.07083333333333333,3.5715281083077017
U001,28.611275476755047,77.2070197818213,2025-01-04 01:20:12,1,4,5,1,1,0.4112877276273396,0.24583333333333332,1.6730348242468054
U001,28.616839730306268,77.2093833229794,2025-01-04 01:20:21,1,4,5,1,1,0.6603331877601685,0.0025,264.13327510406737
U001,28.61297912248532,77.20804564737922,2025-01-04 01:31:10,1,4,5,1,1,0.4486994182626623,0.1802777777777778,2.4889335989916552
U001,28.6170061732894,77.20998916701372,2025-01-04 02:06:11,2,4,5,1,1,0.4863177231414381,0.5836111111111111,0.833290720280427
U001,28.61078512418705,77.20734499884242,2025-01-04 02:12:44,2,4,5,1,1,0.7383338898961699,0.10916666666666666,6.76336387691148
U001,28.612029500492845,77.20204885227595,2025-01-04 02:36:24,2,4,5,1,1,0.5351884053581748,0.39444444444444443,1.3568156755559362
U001,28.61456577408477,77.20992596272298,2025-01-04 02:51:08,2,4,5,1,1,0.8190108534337812,0.24555555555555555,3.335338317151145
U001,28.61510200389125,77.20783331213181,2025-01-04 02:59:27,2,4,5,1,1,0.21279534158088942,0.1386111111111111,1.5351968530885811
U001,28.614028523985084,77.20822086028319,2025-01-04 03:40:24,3,4,5,1,1,0.12521676141512364,0.6825,0.18346778229322144
U001,28.6147015384544,77.20986848635333,2025-01-04 03:47:34,3,4,5,1,1,0.17738961464034106,0.11944444444444445,1.4851223551284367
U001,28.611051962470217,77.21076666291124,2025-01-04 03:48:55,3,4,5,1,1,0.4151774475510108,0.0225,18.452331002267147
U001,28.61407282278507,77.20965330792703,2025-01-04 03:48:57,3,4,5,1,1,0.3530484966087696,0.0005555555555555556,635.4872938957852
U001,28.611310829202537,77.21335347003495,2025-01-04 03:58:06,3,4,5,1,1,0.4741127445122238,0.1525,3.108936029588353
U001,28.615350348982403,77.2081850306928,2025-01-04 04:20:29,4,4,5,1,1,0.6754955870418037,0.37305555555555553,1.810710434363733
U001,28.617041366772828,77.20812920944418,2025-01-04 04:27:57,4,4,5,1,1,0.18811153114668724,0.12444444444444444,1.5116105181430226
U001,28.61226496355188,77.20758339198944,2025-01-04 04:34:22,4,4,5,1,1,0.5337775062907533,0.10694444444444444,4.991166292588862
U001,28.61255237978609,77.21006719318981,2025-01-04 04:43:44,4,4,5,1,1,0.2445553058527365,0.15611111111111112,1.5665464431847889
U001,28.617389398106525,77.21229047106046,2025-01-04 04:45:10,4,4,5,1,1,0.5799853706346997,0.02388888888888889,24.27845737540603
U001,28.608736983870813,77.21104007870484,2025-01-04 05:20:43,5,4,5,1,1,0.9698160416259307,0.5925,1.6368203234192922
U001,28.610638870094693,77.20894287667984,2025-01-04 05:27:00,5,4,5,1,1,0.2943403425703304,0.10472222222222222,2.81067701128167
U001,28.614732385078145,77.20850100325596,2025-01-04 05:36:02,5,4,5,1,1,0.45721725197870117,0.15055555555555555,3.036867356316096
U001,28.612229847290354,77.2090625511568,2025-01-04 05:50:23,5,4,5,1,1,0.28361706542739795,0.23916666666666667,1.1858553258288416
U001,28.61113849465636,77.21241690248492,2025-01-04 06:22:14,6,4,5,1,1,0.3492037645831632,0.5308333333333334,0.6578406868128662
U001,28.6131832239172,77.20835584132921,2025-01-04 06:22:50,6,4,5,1,1,0.45699719792108245,0.01,45.69971979210825
U001,28.612451804398347,77.20908023179248,2025-01-04 06:29:46,6,4,5,1,1,0.10777163490175579,0.11555555555555555,0.9326391481882713
U001,28.61564032609408,77.20575677562107,2025-01-04 06:33:08,6,4,5,1,1,0.48057253502833475,0.05611111111111111,8.564659040108936
U001,28.61473649497222,77.21002657711719,2025-01-04 06:51:34,6,4,5,1,1,0.4287346281437247,0.30722222222222223,1.3955195852779465
U001,28.610881280339417,77.21141979163625,2025-01-04 07:03:01,7,4,5,1,1,0.44973610968552047,0.19083333333333333,2.3566957712778365
U001,28.614835857019685,77.21203901879528,2025-01-04 07:13:49,7,4,5,1,1,0.4438639413083399,0.18,2.465910785046333
U001,28.61384951242984,77.20545330094191,2025-01-04 07:34:09,7,4,5,1,1,0.6521464933449983,0.3388888888888889,1.9243667016737653
U001,28.611695533321143,77.21050309089028,2025-01-04 07:56:21,7,4,5,1,1,0.5480445713297163,0.37,1.4812015441343684
U001,28.621765637845645,77.19474797362336,2025-01-04 08:02:34,8,4,5,1,1,1.9023445002587853,0.10361111111111111,18.36042949311428
U001,28.629638233409768,77.19616873526218,2025-01-04 08:11:11,8,4,5,1,1,0.8863080919853834,0.1436111111111111,6.171584392934972
U001,28.62311848696796,77.1965344997823,2025-01-04 08:27:33,8,4,5,1,1,0.7258411801209037,0.2727777777777778,2.6609248965735777
U001,28.62433768793636,77.19370182453186,2025-01-04 09:08:25,9,4,5,1,1,0.30793222499495776,0.6811111111111111,0.45210277731723
U001,28.6240739235188,77.19615832096734,2025-01-04 09:28:56,9,4,5,1,1,0.241552922064502,0.34194444444444444,0.7064098451926947
U001,28.62571531432252,77.19335648857408,2025-01-04 09:31:53,9,4,5,1,1,0.3287818824093768,0.049166666666666664,6.687089133750036
U001,28.62444533655476,77.19293008901906,2025-01-04 09:34:38,9,4,5,1,1,0.1472201793971514,0.04583333333333333,3.2120766413923945
U001,28.62446466775823,77.1942036151938,2025-01-04 10:03:04,10,4,5,1,1,0.12432050148294221,0.4738888888888889,0.26234103478229304
U001,28.62864443117905,77.19841677309813,2025-01-04 10:03:30,10,4,5,1,1,0.6205703540523837,0.007222222222222222,85.92512594571467
U001,28.62618200850276,77.19404610207314,2025-01-04 10:07:16,10,4,5,1,1,0.5068986994702396,0.06277777777777778,8.07449255793302
U001,28.62709604351061,77.19602348608518,2025-01-04 10:17:07,10,4,5,1,1,0.21812373980759975,0.16416666666666666,1.3286725267468007
U001,28.627370503340256,77.19395586064563,2025-01-04 10:54:58,10,4,5,1,1,0.20409884779657303,0.6308333333333334,0.32353846414251997
U001,28.598540081799342,77.20545199004256,2025-01-04 11:11:23,11,4,5,1,1,3.396536214674042,0.27361111111111114,12.413736419113249
U001,28.6005114770332,77.20578022722087,2025-01-04 11:21:55,11,4,5,1,1,0.22153901516924646,0.17555555555555555,1.261931099065328
U001,28.60388779139168,77.20823461402776,2025-01-04 11:23:32,11,4,5,1,1,0.4453761541383358,0.026944444444444444,16.52942427729906
U001,28.60397285210308,77.20354101038016,2025-01-04 11:43:26,11,4,5,1,1,0.4583040989800353,0.33166666666666667,1.3818214039599055
U001,28.599682182984264,77.2016180184359,2025-01-04 11:45:28,11,4,5,1,1,0.5127072812716504,0.03388888888888889,15.129067316212634
U001,28.60166403045885,77.20449608551534,2025-01-04 12:09:50,12,4,5,1,1,0.3570868934975441,0.4061111111111111,0.8792837322784943
U001,28.60326793360009,77.20410466536185,2025-01-04 12:12:39,12,4,5,1,1,0.18239364854755064,0.04694444444444444,3.88530848977031
U001,28.59924438348472,77.2059039926268,2025-01-04 12:56:20,12,4,5,1,1,0.48064766394274644,0.7280555555555556,0.6601799275825591
U001,28.60299820914045,77.20633886125572,2025-01-04 13:07:20,13,4,5,1,1,0.41955984967847054,0.18333333333333332,2.288508270973476
U001,28.59998188689539,77.20605696078069,2025-01-04 13:21:53,13,4,5,1,1,0.3365269270960872,0.2425,1.3877399055508752
U001,28.59656864346736,77.20775951373679,2025-01-04 13:30:47,13,4,5,1,1,0.41433755026384256,0.14833333333333334,2.793286855711298
U001,28.597756635421025,77.20532502235845,2025-01-04 14:13:45,14,4,5,1,1,0.27192172686265836,0.7161111111111111,0.3797200219959542
U001,28.60175568783141,77.20436195047753,2025-01-04 14:19:47,14,4,5,1,1,0.4545057285117638,0.10055555555555555,4.519946471387707
U001,28.597953711526973,77.20685092698197,2025-01-04 14:22:36,14,4,5,1,1,0.4876183603639696,0.04694444444444444,10.387136670475092
U001,28.599490458664214,77.205950253552,2025-01-04 14:56:50,14,4,5,1,1,0.19217538226346748,0.5705555555555556,0.33682150737511335
U001,28.63438826116844,77.22263175825572,2025-01-04 15:01:29,15,4,5,1,1,4.208246906819472,0.0775,54.299960087993185
U001,28.640643940254066,77.2301636366804,2025-01-04 15:14:13,15,4,5,1,1,1.0120095521660541,0.21222222222222223,4.768631397641093
U001,28.6406760465446,77.22239270721478,2025-01-04 15:30:28,15,4,5,1,1,0.7583691713184094,0.2708333333333333,2.8001323248679735
U001,28.639361639477983,77.22599985839301,2025-01-04 16:28:29,16,4,5,1,1,0.3811573640058266,0.9669444444444445,0.3941874491298408
U001,28.64394502646206,77.22578957041083,2025-01-04 16:38:11,16,4,5,1,1,0.5100623785133889,0.16166666666666665,3.1550250217323024
U001,28.643595784353348,77.22472009310938,2025-01-04 16:53:42,16,4,5,1,1,0.11135737708128507,0.2586111111111111,0.4305978061145287
U001,28.639543008197872,77.22460999356613,2025-01-04 17:22:36,17,4,5,1,1,0.4507762151286548,0.4816666666666667,0.935867574661567
U001,28.64026192468828,77.22769147199205,2025-01-04 17:31:12,17,4,5,1,1,0.31116568845980314,0.14333333333333334,2.1709234078590915
U001,28.638933577249816,77.22965642282765,2025-01-04 17:33:06,17,4,5,1,1,0.24205159151863742,0.03166666666666667,7.643734469009602
U001,28.637415353164585,77.22226694208848,2025-01-04 17:37:47,17,4,5,1,1,0.7406488310978945,0.07805555555555556,9.488739473140285
U001,28.63766331296756,77.22625818722118,2025-01-04 17:46:39,17,4,5,1,1,0.3904896411932393,0.14777777777777779,2.6424111058189124
U001,28.639961586271813,77.22394583213702,2025-01-04 18:10:22,18,4,5,1,1,0.3409309780671457,0.3952777777777778,0.8625098531565175
U001,28.63855168767531,77.22542347496218,2025-01-04 18:16:48,18,4,5,1,1,0.21300898750194716,0.10722222222222222,1.9866123186710098
U001,28.64086198439243,77.22703152115429,2025-01-04 18:17:19,18,4,5,1,1,0.30103340179617355,0.008611111111111111,34.95871762794273
U001,28.637566637448263,77.2255819640004,2025-01-04 18:31:49,18,4,5,1,1,0.39278469595436466,0.24166666666666667,1.62531598325944
U001,28.614672545583502,77.21026228799856,2025-01-04 19:11:16,19,4,5,1,1,2.952352273486281,0.6575,4.490269617469629
U001,28.61448702329588,77.20862368616949,2025-01-04 19:16:14,19,4,5,1,1,0.1612748034023007,0.08277777777777778,1.9482862155982632
U001,28.61383161241024,77.21216702554274,2025-01-04 19:20:23,19,4,5,1,1,0.3534743825826075,0.06916666666666667,5.110473001194325
U001,28.610941438235265,77.20758193130096,2025-01-04 19:34:44,19,4,5,1,1,0.5510044720586764,0.23916666666666667,2.303851451116417
U001,28.614231754619784,77.20787221386698,2025-01-04 19:51:21,19,4,5,1,1,0.3669621534027019,0.27694444444444444,1.3250388688562957
U001,28.615970007298387,77.20654329861341,2025-01-04 20:04:29,20,4,5,1,1,0.2327793899688769,0.21888888888888888,1.063459141989793
U001,28.61061904487573,77.20188528027425,2025-01-04 20:29:37,20,4,5,1,1,0.7488455490364401,0.41888888888888887,1.7876949446493264
U001,28.612773572238723,77.21186310027387,2025-01-04 20:38:26,20,4,5,1,1,1.003029652241608,0.14694444444444443,6.8259106768805085
U001,28.611284383568453,77.20975634826178,2025-01-04 20:53:44,20,4,5,1,1,0.2640326168637091,0.255,1.0354220269165062
U001,28.616121625121632,77.20861449788111,2025-01-04 21:07:23,21,4,5,1,1,0.5493040682350566,0.2275,2.4145233768573915
U001,28.61505265371452,77.20982708977083,2025-01-04 21:25:20,21,4,5,1,1,0.167746358241317,0.2991666666666667,0.5607120609737616
U001,28.61322253206749,77.21118099278193,2025-01-04 21:46:58,21,4,5,1,1,0.24264918326653528,0.3605555555555556,0.6729869489672781
U001,28.615069000744867,77.20636725794152,2025-01-04 21:59:06,21,4,5,1,1,0.5127870899261235,0.20222222222222222,2.535760334799512
U001,28.61506275760657,77.21021940557596,2025-01-04 22:03:00,22,4,5,1,1,0.37602130199134276,0.065,5.784943107559119
U001,28.612906335817385,77.20525907032108,2025-01-04 22:11:44,22,4,5,1,1,0.5403194124529511,0.14555555555555555,3.712118100821802
U001,28.61427237445609,77.20682688435582,2025-01-04 22:40:57,22,4,5,1,1,0.2156253506797065,0.48694444444444446,0.44281304189785703
U001,28.610903667473742,77.20904744127994,2025-01-04 23:33:15,23,4,5,1,1,0.4327791644607104,0.8716666666666667,0.496496173377488
U001,28.61386849463081,77.20546054542483,2025-01-04 23:46:45,23,4,5,1,1,0.48091688120606624,0.225,2.13740836091585
U001,28.612899274039595,77.2071658880096,2025-01-04 23:59:48,23,4,5,1,1,0.198307982919951,0.2175,0.911760841011269
U001,28.61242040142059,77.20831573418971,2025-01-05 00:09:21,0,5,6,1,1,0.12423291412694415,0.15916666666666668,0.7805209264520051
U001,28.615401101800504,77.20880690722156,2025-01-05 00:21:58,0,5,6,1,1,0.33488867557842517,0.21027777777777779,1.5926013633848488
U001,28.613451689421805,77.20711849113533,2025-01-05 00:26:28,0,5,6,1,1,0.27230537948154493,0.075,3.630738393087266
U001,28.613739754791712,77.20682397675448,2025-01-05 00:43:47,0,5,6,1,1,0.0430408045447286,0.2886111111111111,0.14913079534265924
U001,28.61662674348462,77.21204414820694,2025-01-05 01:24:58,1,5,6,1,1,0.6022470955386648,0.6863888888888889,0.8774138178628869
U001,28.61593256462488,77.20976039141061,2025-01-05 01:43:07,1,5,6,1,1,0.23590791238642625,0.3025,0.7798608673931446
U001,28.61434030603654,77.21191156145035,2025-01-05 01:58:09,1,5,6,1,1,0.27466299537179933,0.25055555555555553,1.0962159460515273
U001,28.612882095533163,77.20976440532604,2025-01-05 02:11:46,2,5,6,1,1,0.2649919969727847,0.22694444444444445,1.1676513942497244
U001,28.611128783721984,77.20950529855511,2025-01-05 02:30:23,2,5,6,1,1,0.19659322112277375,0.31027777777777776,0.6336039355792171
U001,28.614026352557307,77.20790995569907,2025-01-05 02:36:16,2,5,6,1,1,0.3578568334713247,0.09805555555555556,3.649531446166484
U001,28.615593451206625,77.21161291665841,2025-01-05 03:02:05,3,5,6,1,1,0.40126901630834205,0.43027777777777776,0.9325813161459209
U001,28.6078948573176,77.21307409527768,2025-01-05 03:09:23,3,5,6,1,1,0.8678462103916638,0.12166666666666667,7.13298255116436
U001,28.61074311080808,77.20685006918016,2025-01-05 03:55:30,3,5,6,1,1,0.6851717660534109,0.7686111111111111,0.8914414014428187
U001,28.613915784959268,77.20861160065809,2025-01-05 04:06:42,4,5,6,1,1,0.39246067694760883,0.18666666666666668,2.102467912219333
U001,28.61429778757208,77.21052403576736,2025-01-05 04:32:44,4,5,6,1,1,0.19145225123020337,0.4338888888888889,0.44124718593388745
U001,28.607833806833344,77.21062929063778,2025-01-05 04:59:43,4,5,6,1,1,0.7188352981871574,0.44972222222222225,1.5983984394526045
U001,28.616248950793665,77.20864118126286,2025-01-05 05:14:18,5,5,6,1,1,0.9556349160471139,0.24305555555555555,3.931755083165269
U001,28.617287199600973,77.21042711090496,2025-01-05 05:30:49,5,5,6,1,1,0.20908932184132745,0.2752777777777778,0.7595575768201602
U001,28.614202895892703,77.21462112381104,2025-01-05 05:40:26,5,5,6,1,1,0.5340597770675429,0.16027777777777777,3.332088730404081
U001,28.610707746776463,77.20979130050291,2025-01-05 05:47:17,5,5,6,1,1,0.6110023801293633,0.11416666666666667,5.351845665366685
U001,28.61789428054617,77.21164626425498,2025-01-05 05:57:23,5,5,6,1,1,0.8193637949356591,0.16833333333333333,4.867507692687084
U001,28.61390371840279,77.20952438148352,2025-01-05 06:13:05,6,5,6,1,1,0.4896898699270991,0.26166666666666666,1.8714262544984681
U001,28.613190823715826,77.2052072792013,2025-01-05 06:17:38,6,5,6,1,1,0.428803291633287,0.07583333333333334,5.65454890065873
U001,28.61100360508168,77.20924490491387,2025-01-05 06:30:46,6,5,6,1,1,0.4631348139704513,0.21888888888888888,2.1158443277837877
U001,28.60997169721299,77.21140441492868,2025-01-05 06:46:17,6,5,6,1,1,0.2400106274059289,0.2586111111111111,0.9280754658016585
U001,28.6106310498356,77.21007357746431,2025-01-05 07:03:13,7,5,6,1,1,0.1491736924617811,0.2822222222222222,0.5285682016362323
U001,28.6137233364243,77.21009082183255,2025-01-05 07:33:48,7,5,6,1,1,0.3438507007880535,0.5097222222222222,0.6745844811100778
U001,28.612625490126057,77.21027592541631,2025-01-05 07:42:18,7,5,6,1,1,0.1234049243750077,0.14166666666666666,0.8710935838235838
U001,28.61113161283876,77.20932441200593,2025-01-05 07:44:24,7,5,6,1,1,0.19031640173265704,0.035,5.437611478075915
U001,28.61352747318309,77.20568397294403,2025-01-05 07:51:51,7,5,6,1,1,0.44413600440914547,0.12416666666666666,3.576934263697816
U001,28.61237736497875,77.20303553631412,2025-01-05 08:18:11,8,5,6,1,1,0.2884292978307881,0.4388888888888889,0.6571806786017956
U001,28.6142303597092,77.20356786966447,2025-01-05 08:20:56,8,5,6,1,1,0.21249515912081743,0.04583333333333333,4.636258017181471
U001,28.614949769416462,77.20668264321723,2025-01-05 08:40:54,8,5,6,1,1,0.3143918662752385,0.3327777777777778,0.9447501824631541
U001,28.61301043834655,77.20950969472035,2025-01-05 08:55:31,8,5,6,1,1,0.35022344469940225,0.2436111111111111,1.4376332963715486
U001,28.61245627366751,77.2091804817999,2025-01-05 08:58:34,8,5,6,1,1,0.06949676638072268,0.050833333333333335,1.3671495025715936
U001,28.61642691908509,77.2104814425238,2025-01-05 09:05:11,9,5,6,1,1,0.45941588545219203,0.11027777777777778,4.165987878155898
U001,28.612564324515105,77.20918491812269,2025-01-05 09:07:01,9,5,6,1,1,0.44775901152941344,0.030555555555555555,14.653931286417167
U001,28.61381948150265,77.20844016366439,2025-01-05 09:07:02,9,5,6,1,1,0.1573662810436345,0.0002777777777777778,566.5186117570843
U001,28.625275538281933,77.19403832145423,2025-01-05 10:04:10,10,5,6,1,1,1.8970615427151778,0.9522222222222222,1.992246660961097
U001,28.62541561923244,77.19434873391334,2025-01-05 10:38:50,10,5,6,1,1,0.034066897472822245,0.5777777777777777,0.058961937933730814
U001,28.621658427735625,77.19670982733172,2025-01-05 10:45:14,10,5,6,1,1,0.4771271906455575,0.10666666666666667,4.473067412302101
U001,28.62675226274057,77.19237850628812,2025-01-05 10:56:42,10,5,6,1,1,0.7067833108974229,0.19111111111111112,3.698284766323724
U001,28.623256892492204,77.19349784754526,2025-01-05 11:12:26,11,5,6,1,1,0.4037306289442531,0.26222222222222225,1.539650703600965
U001,28.623334350189023,77.19389881073126,2025-01-05 11:17:09,11,5,6,1,1,0.040072789141004275,0.07861111111111112,0.5097598618643653
U001,28.623613073077767,77.1948097591879,2025-01-05 11:37:33,11,5,6,1,1,0.09416025658485085,0.34,0.27694193113191423
U001,28.623572169431203,77.19937109561236,2025-01-05 11:40:25,11,5,6,1,1,0.44523396340263205,0.04777777777777778,9.318850396799276
U001,28.62856840840259,77.19973224903792,2025-01-05 11:41:14,11,5,6,1,1,0.5566735859925682,0.01361111111111111,40.89846754231114
U001,28.623859080726653,77.19518203178134,2025-01-05 12:46:13,12,5,6,1,1,0.6866224466047209,1.0830555555555557,0.6339678911969724
U001,28.622705717983266,77.19799176252964,2025-01-05 12:55:29,12,5,6,1,1,0.3027509941632963,0.15444444444444444,1.9602582355896885
U001,28.627237558057303,77.19559344894584,2025-01-05 12:57:27,12,5,6,1,1,0.5556337004193618,0.03277777777777778,16.951536622963577
U001,28.59806213304319,77.2063552653201,2025-01-05 13:04:24,13,5,6,1,1,3.4100090280773387,0.11583333333333333,29.43892686109933
U001,28.599989310723377,77.20537031709203,2025-01-05 13:28:25,13,5,6,1,1,0.23487808830778237,0.4002777777777778,0.5867877292907817
U001,28.595638648569302,77.20582610857002,2025-01-05 13:30:32,13,5,6,1,1,0.4858137980306446,0.035277777777777776,13.771099786695439
U001,28.5990879174305,77.20520562609269,2025-01-05 14:11:19,14,5,6,1,1,0.3882956172932545,0.6797222222222222,0.5712563229488011
U001,28.59922694045316,77.20422312540427,2025-01-05 14:21:45,14,5,6,1,1,0.0971573051907534,0.1738888888888889,0.5587321065282943
U001,28.598801332246065,77.2048925658361,2025-01-05 14:58:09,14,5,6,1,1,0.08069162879064148,0.6066666666666667,0.1330081793252332
U001,28.60007940036795,77.20692179088284,2025-01-05 15:13:14,15,5,6,1,1,0.24381068637058148,0.2513888888888889,0.9698546640155727
U001,28.600426672109403,77.20498890971167,2025-01-05 15:54:21,15,5,6,1,1,0.19261187518145648,0.6852777777777778,0.28107124063771516
U001,28.60141634329562,77.20698830355536,2025-01-05 15:59:40,15,5,6,1,1,0.22407757849719867,0.08861111111111111,2.5287751805326497
U001,28.62571577934371,77.21940958403853,2025-01-05 16:06:31,16,5,6,1,1,2.961556533880995,0.11416666666666667,25.940641172680248
U001,28.6286005447201,77.21907835879844,2025-01-05 16:19:12,16,5,6,1,1,0.3223962255005902,0.21138888888888888,1.525133261238009
U001,28.627967048205228,77.21707113703124,2025-01-05 16:56:25,16,5,6,1,1,0.20818618036236955,0.6202777777777778,0.3356337883137171
U001,28.63942601634383,77.22827981674493,2025-01-05 17:16:10,17,5,6,1,1,1.6793441437684067,0.32916666666666666,5.101804993726805
U001,28.6360996822006,77.22506258035284,2025-01-05 17:20:31,17,5,6,1,1,0.4851664438544101,0.0725,6.691950949716002
U001,28.640018994866832,77.22651978463857,2025-01-05 17:30:47,17,5,6,1,1,0.4584238111758599,0.1711111111111111,2.679100195183597
U001,28.64071038700725,77.22599145576548,2025-01-05 17:47:56,17,5,6,1,1,0.0925678434181525,0.28583333333333333,0.32385251341627697
U001,28.641102300857323,77.22577923362769,2025-01-05 18:15:38,18,5,6,1,1,0.04824980090911505,0.46166666666666667,0.10451220413526725
U001,28.640413346902548,77.22445047845174,2025-01-05 18:27:47,18,5,6,1,1,0.15061121467501767,0.2025,0.743759084814902
U001,28.63792676587892,77.22770001992654,2025-01-05 18:31:35,18,5,6,1,1,0.42073526720773335,0.06333333333333334,6.6431884295957895
U001,28.64128877001881,77.22548572505232,2025-01-05 18:55:34,18,5,6,1,1,0.431800091180489,0.3997222222222222,1.0802504018413903
U001,28.640816041227136,77.22420843275884,2025-01-05 18:59:32,18,5,6,1,1,0.13527991141917292,0.0661111111111111,2.0462507609622795
U001,28.63919439733128,77.2251789066008,2025-01-05 19:18:43,19,5,6,1,1,0.2036774602692151,0.31972222222222224,0.6370450538394217
U001,28.637701715103,77.22105234296009,2025-01-05 19:32:08,19,5,6,1,1,0.4355805085878181,0.22361111111111112,1.947937678156702
U001,28.64279873693915,77.22180706496185,2025-01-05 19:43:33,19,5,6,1,1,0.5715287014085103,0.19027777777777777,3.003654489154215
U001,28.641255640703204,77.22419096300081,2025-01-05 19:54:19,19,5,6,1,1,0.2890721882786379,0.17944444444444443,1.610928603410366
U001,28.637627820381063,77.22544526894691,2025-01-05 20:19:25,20,5,6,1,1,0.4215584525409137,0.41833333333333333,1.0077094483049729
U001,28.642396057826044,77.22316835429969,2025-01-05 20:31:47,20,5,6,1,1,0.5748832955747227,0.2061111111111111,2.7891911914676575
U001,28.639575628373112,77.22407357572904,2025-01-05 20:37:35,20,5,6,1,1,0.3258217629633084,0.09666666666666666,3.370569961689397
U001,28.61407962761026,77.20842713634141,2025-01-05 21:12:30,21,5,6,1,1,3.2201699085909343,0.5819444444444445,5.533466191373443
U001,28.613550578798066,77.21066373123345,2025-01-05 21:24:25,21,5,6,1,1,0.2261106067417366,0.1986111111111111,1.1384589989793732
U001,28.6123050416104,77.20817775370071,2025-01-05 21:27:09,21,5,6,1,1,0.27940995036160815,0.04555555555555556,6.133389154279203
U001,28.615303605875614,77.21051934239316,2025-01-05 21:57:11,21,5,6,1,1,0.404249750069423,0.5005555555555555,0.807602164400623
U001,28.60724968415048,77.20765570389118,2025-01-05 22:04:50,22,5,6,1,1,0.9381691308921986,0.1275,7.3581892618995965
U001,28.61110147980019,77.2113831013713,2025-01-05 22:32:18,22,5,6,1,1,0.561994544843263,0.4577777777777778,1.227657986308099
U001,28.61178029439018,77.20741875409183,2025-01-05 22:38:33,22,5,6,1,1,0.3942786487574412,0.10416666666666667,3.785075028071435
U001,28.61678837185564,77.20885902869215,2025-01-05 22:42:43,22,5,6,1,1,0.5743458309167454,0.06944444444444445,8.270579965201133
U001,28.6132738965093,77.20766091647602,2025-01-05 22:58:10,22,5,6,1,1,0.4079165920434725,0.2575,1.5841421050231943
U001,28.61110876799666,77.20920765726059,2025-01-05 23:12:46,23,5,6,1,1,0.2841797391630138,0.24333333333333335,1.16786194176581
U001,28.612844613241112,77.2039886002848,2025-01-05 23:14:05,23,5,6,1,1,0.5448020886824805,0.021944444444444444,24.826424294391515
U001,28.61238096724489,77.21248883427508,2025-01-05 23:41:39,23,5,6,1,1,0.8313549607347418,0.45944444444444443,1.8094787537152786
U001,28.613814256130123,77.20600767286386,2025-01-05 23:44:05,23,5,6,1,1,0.6524245228768407,0.04055555555555555,16.08718001614128
U001,28.61181803936705,77.2108452881794,2025-01-06 00:20:01,0,6,0,1,0,0.5217923163853408,0.5988888888888889,0.8712673186397156
U001,28.613753029338987,77.20828606332077,2025-01-06 00:29:07,0,6,0,1,0,0.32970314123758593,0.15166666666666667,2.1738668653027644
U001,28.612586499253485,77.20936828718503,2025-01-06 00:50:47,0,6,0,1,0,0.16728821222278678,0.3611111111111111,0.463259664616948
U001,28.61356313153385,77.20795230601266,2025-01-06 00:57:40,0,6,0,1,0,0.17577911601276364,0.11472222222222223,1.5322150548328064
U001,28.61468053596336,77.20927253445512,2025-01-06 01:24:00,1,6,0,1,0,0.1790145982760288,0.4388888888888889,0.407881363160572
U001,28.613275870315253,77.20921304445115,2025-01-06 01:41:24,1,6,0,1,0,0.15629960741293128,0.29,0.5389641634928665
U001,28.61528416328059,77.20559617517372,2025-01-06 01:41:36,1,6,0,1,0,0.4177529195624795,0.0033333333333333335,125.32587586874385
U001,28.612487611934128,77.20661722074261,2025-01-06 02:22:37,2,6,0,1,0,0.32654466031356116,0.6836111111111111,0.4776760573461277
U001,28.614527300992915,77.21161353383144,2025-01-06 02:30:05,2,6,0,1,0,0.5378700588174266,0.12444444444444444,4.322170115497178
U001,28.612648273087004,77.20715577996525,2025-01-06 02:45:15,2,6,0,1,0,0.482704655811575,0.25277777777777777,1.9096008361776595
U001,28.614403061238026,77.20884843790918,2025-01-06 02:46:14,2,6,0,1,0,0.25568257134763095,0.01638888888888889,15.600970455109683
U001,28.612289765096,77.20840613011998,2025-01-06 02:48:00,2,6,0,1,0,0.2389213700918629,0.029444444444444443,8.114310682365156
U001,28.61572149118359,77.20897180903323,2025-01-06 03:00:28,3,6,0,1,0,0.3855650340363402,0.20777777777777778,1.8556605916187494
U001,28.61618723572221,77.21020380773986,2025-01-06 03:11:00,3,6,0,1,0,0.13093555804200915,0.17555555555555555,0.7458354572013179
U001,28.61393946269449,77.20687638330678,2025-01-06 03:32:24,3,6,0,1,0,0.4098365484325461,0.3566666666666667,1.1490744348576059
U001,28.61385435671673,77.2079268174825,2025-01-06 03:43:55,3,6,0,1,0,0.10297320653290969,0.19194444444444445,0.5364740137749274
U001,28.61188442029698,77.21061080660456,2025-01-06 03:57:32,3,6,0,1,0,0.3415036096869447,0.22694444444444445,1.5047894674088138
U001,28.61618017327981,77.2067263637128,2025-01-06 04:11:33,4,6,0,1,0,0.6098686927591,0.2336111111111111,2.610615093855839
U001,28.615067176331387,77.21238894248941,2025-01-06 04:12:21,4,6,0,1,0,0.566425393729083,0.013333333333333334,42.481904529681216
U001,28.610109716321247,77.21045541082447,2025-01-06 04:15:51,4,6,0,1,0,0.5826613280035013,0.058333333333333334,9.98847990863145
U001,28.61302806105155,77.2113860104478,2025-01-06 04:30:24,4,6,0,1,0,0.3369804527857549,0.2425,1.3896101145804325
U001,28.61323229525536,77.20919135180961,2025-01-06 04:51:13,4,6,0,1,0,0.21543204016323722,0.34694444444444444,0.6209410284929175
U001,28.610935229388065,77.21102464165155,2025-01-06 05:15:12,5,6,0,1,0,0.31187588354993023,0.3997222222222222,0.7802315363306108
U001,28.612131994382143,77.21017431855515,2025-01-06 05:27:27,5,6,0,1,0,0.15683963262836637,0.20416666666666666,0.7681941189960801
U001,28.617895558681926,77.20951240896333,2025-01-06 05:33:29,5,6,0,1,0,0.6441278115841548,0.10055555555555555,6.405690943930821
U001,28.61259182693842,77.20662792403691,2025-01-06 06:48:53,6,6,0,1,0,0.653514169621977,1.2566666666666666,0.5200378007601939
U001,28.614376543806,77.20966310963507,2025-01-06 06:56:40,6,6,0,1,0,0.35660077190029266,0.1297222222222222,2.7489566998737764
U001,28.61533202979783,77.20895199037396,2025-01-06 06:59:48,6,6,0,1,0,0.12691121480286416,0.052222222222222225,2.430214751544207
U001,28.61334457676477,77.20671612972237,2025-01-06 07:04:54,7,6,0,1,0,0.31059976877349105,0.085,3.6541149267469533
U001,28.61246906479589,77.20919652754017,2025-01-06 07:19:05,7,6,0,1,0,0.2609633427437407,0.2363888888888889,1.103957736636271
U001,28.613992555698303,77.20689299763485,2025-01-06 07:45:14,7,6,0,1,0,0.28153051318052463,0.43583333333333335,0.6459591124600947
U001,28.609984110832062,77.20733788801745,2025-01-06 07:54:22,7,6,0,1,0,0.44782945506366995,0.15222222222222223,2.9419453252357877
U001,28.62423517612378,77.21369673218936,2025-01-06 08:26:04,8,6,0,1,0,1.7018713841515725,0.5283333333333333,3.2212076671638594
U001,28.62405444022731,77.21546348765523,2025-01-06 08:46:10,8,6,0,1,0,0.17361095295261458,0.335,0.5182416506048196
U001,28.623675430284248,77.2136696107846,2025-01-06 08:55:01,8,6,0,1,0,0.1800920401839339,0.1475,1.220962984297857
U001,28.62121088807984,77.2120870623463,2025-01-06 08:59:20,8,6,0,1,0,0.31457979009742565,0.07194444444444445,4.3725376229758
U001,28.632136692023263,77.21707073623708,2025-01-06 09:02:05,9,6,0,1,0,1.3086522230537259,0.04583333333333333,28.552412139354022
U001,28.6324317712006,77.2191600270402,2025-01-06 09:11:15,9,6,0,1,0,0.20653201394352416,0.1527777777777778,1.3518459094485218
U001,28.62992606800628,77.21781463607408,2025-01-06 09:27:15,9,6,0,1,0,0.30801246418738615,0.26666666666666666,1.155046740702698
U001,28.62813382100048,77.21597291074468,2025-01-06 09:44:47,9,6,0,1,0,0.2683786830389113,0.2922222222222222,0.9184061396768829
U001,28.631324530245728,77.21939734855728,2025-01-06 09:45:16,9,6,0,1,0,0.4874238369369518,0.008055555555555555,60.507786654242295
U001,28.63075531986999,77.21890798588231,2025-01-06 10:15:34,10,6,0,1,0,0.0792915956469132,0.505,0.15701306068695683
U001,28.62935977403264,77.21859177509367,2025-01-06 10:21:56,10,6,0,1,0,0.1582167917196218,0.10611111111111111,1.4910482989283729
U001,28.631289030017783,77.21994939510056,2025-01-06 10:25:45,10,6,0,1,0,0.2521452375522128,0.0636111111111111,3.9638552628295467
U001,28.63035484105476,77.21801136923983,2025-01-06 10:30:03,10,6,0,1,0,0.2157953815941595,0.07166666666666667,3.0110983478254814
U001,28.6301972814034,77.21699093331253,2025-01-06 10:50:13,10,6,0,1,0,0.10112288483099639,0.33611111111111114,0.3008614755302372
U001,28.63089798678215,77.21648779522478,2025-01-06 11:15:52,11,6,0,1,0,0.09209831244023599,0.4275,0.21543464898300815
U001,28.628485783307152,77.21526847618802,2025-01-06 11:17:15,11,6,0,1,0,0.29343952568505816,0.023055555555555555,12.727497499592884
U001,28.62948707384668,77.2180190992887,2025-01-06 11:20:35,11,6,0,1,0,0.2906336432623479,0.05555555555555555,5.231405578722263
U001,28.62940477407705,77.21589870104113,2025-01-06 11:20:42,11,6,0,1,0,0.20715285939362282,0.0019444444444444444,106.53575625957745
U001,28.6288875203948,77.2162405327115,2025-01-06 11:56:06,11,6,0,1,0,0.06649185489841702,0.59,0.11269805914985936
U001,28.628494548531098,77.21717013432851,2025-01-06 12:05:20,12,6,0,1,0,0.10070379262864934,0.15388888888888888,0.6543928762872521
U001,28.6299287571262,77.2203768874931,2025-01-06 12:11:36,12,6,0,1,0,0.35126763517567966,0.10444444444444445,3.363200762320337
U001,28.63053634918469,77.21896866529593,2025-01-06 12:18:18,12,6,0,1,0,0.15314900812266835,0.11166666666666666,1.371483654829866
U001,28.628037113350228,77.2166792455419,2025-01-06 12:27:54,12,6,0,1,0,0.35659286695027353,0.16,2.2287054184392097
U001,28.63204439449746,77.2192705935361,2025-01-06 12:59:45,12,6,0,1,0,0.512362429992739,0.5308333333333334,0.9652039497508426
U001,28.62973560705929,77.220552202856,2025-01-06 13:24:51,13,6,0,1,0,0.2855761957244075,0.41833333333333333,0.6826522606957949
U001,28.62904635778885,77.2153495657197,2025-01-06 13:35:38,13,6,0,1,0,0.5135283601286315,0.17972222222222223,2.857344816789912
U001,28.62884046161245,77.21602644272129,2025-01-06 13:52:31,13,6,0,1,0,0.06991809775659691,0.2813888888888889,0.2484749772198903
U001,28.63012681047058,77.21772132110905,2025-01-06 14:15:39,14,6,0,1,0,0.2186844297944637,0.38555555555555554,0.5671930455764188
U001,28.631908711320207,77.21662757868438,2025-01-06 14:22:07,14,6,0,1,0,0.22506407044264393,0.10777777777777778,2.0882233340039127
U001,28.63271306598844,77.2170700866915,2025-01-06 14:23:00,14,6,0,1,0,0.09932122891094794,0.014722222222222222,6.74634762413986
U001,28.62945440339471,77.21739003420228,2025-01-06 14:23:19,14,6,0,1,0,0.3636897729390507,0.005277777777777778,68.9096411884517
U001,28.63064013049126,77.21570920668073,2025-01-06 15:04:42,15,6,0,1,0,0.21046428200816,0.6897222222222222,0.30514354217856465
U001,28.63377941291662,77.2181286981823,2025-01-06 15:05:32,15,6,0,1,0,0.4214399197530445,0.013888888888888888,30.343674222219207
U001,28.630415816992823,77.21756245161737,2025-01-06 15:26:33,15,6,0,1,0,0.3780756594138363,0.3502777777777778,1.0793595352020702
U001,28.62759814970764,77.2182969753533,2025-01-06 15:26:44,15,6,0,1,0,0.3214074767493053,0.0030555555555555557,105.18790148159083
U001,28.633989259635293,77.22264148976457,2025-01-06 15:59:41,15,6,0,1,0,0.8275433741639184,0.5491666666666667,1.506907509858425
U001,28.62817923590924,77.21385999708477,2025-01-06 16:05:16,16,6,0,1,0,1.073277679393789,0.09305555555555556,11.533730286022807
U001,28.630163619572983,77.21533466942073,2025-01-06 16:11:40,16,6,0,1,0,0.26344497579586795,0.10666666666666667,2.469796648086262
U001,28.629358397300248,77.21504417408177,2025-01-06 16:17:12,16,6,0,1,0,0.09391835351744338,0.09222222222222222,1.0183917851289042
U001,28.63315798186134,77.21609089392254,2025-01-06 16:25:01,16,6,0,1,0,0.43466984719223095,0.13027777777777777,3.3364849677868476
U001,28.63090193674842,77.21990685428885,2025-01-06 17:05:19,17,6,0,1,0,0.44903655884048405,0.6716666666666666,0.6685407823927803
U001,28.6257455169803,77.21972066357002,2025-01-06 17:18:44,17,6,0,1,0,0.5736556245116957,0.22361111111111112,2.5654164574436082
U001,28.63180786580879,77.21644804558409,2025-01-06 17:37:02,17,6,0,1,0,0.7459465867061378,0.305,2.445726513790616
U001,28.63151203310697,77.21478764118565,2025-01-06 18:21:48,18,6,0,1,0,0.16535686306755326,0.7461111111111111,0.22162498400714511
U001,28.630568535637003,77.21362994089966,2025-01-06 18:29:01,18,6,0,1,0,0.154185690536717,0.12027777777777778,1.2819133624299797
U001,28.630583258517728,77.21744145876434,2025-01-06 18:53:36,18,6,0,1,0,0.3720032996161182,0.4097222222222222,0.9079402566901869
U001,28.63141000361541,77.21734431284567,2025-01-06 18:59:44,18,6,0,1,0,0.09241749897150124,0.10222222222222223,0.9040842290690339
U001,28.62132090851533,77.21034007777384,2025-01-06 19:19:12,19,6,0,1,0,1.3137407780598718,0.3244444444444444,4.049201028266729
U001,28.6227354052625,77.21484605198977,2025-01-06 19:33:33,19,6,0,1,0,0.46709160191695864,0.23916666666666667,1.952996244948956
U001,28.623756747297985,77.2185963319557,2025-01-06 19:44:25,19,6,0,1,0,0.383261286385598,0.1811111111111111,2.1161666119450193
U001,28.624141960686767,77.21384929457595,2025-01-06 19:49:34,19,6,0,1,0,0.4653102686837163,0.08583333333333333,5.4210905089365005
U001,28.613489100690323,77.20834198167657,2025-01-06 20:17:41,20,6,0,1,0,1.3008163991084651,0.4686111111111111,2.7758974729048456
U001,28.616087609586963,77.21506597673067,2025-01-06 20:43:55,20,6,0,1,0,0.7171372641507437,0.43722222222222223,1.6402122941186006
U001,28.61321511985846,77.20958193307216,2025-01-06 20:50:32,20,6,0,1,0,0.6233659842529675,0.11027777777777778,5.652689025971494
U001,28.61392651403465,77.21155912592579,2025-01-06 20:51:16,20,6,0,1,0,0.20858451362986152,0.012222222222222223,17.066005660625034
U001,28.613815026409576,77.23043984687287,2025-01-06 21:02:08,21,6,0,1,0,1.843071251145058,0.1811111111111111,10.176467030862284
U001,28.61082950317402,77.22934722302973,2025-01-06 21:05:52,21,6,0,1,0,0.34868784949852105,0.06222222222222222,5.603911866940517
U001,28.610706237158663,77.23346182921432,2025-01-06 21:24:08,21,6,0,1,0,0.4018903304082436,0.30444444444444446,1.3200777276183184
U001,28.6100197863228,77.22597500709166,2025-01-06 21:25:19,21,6,0,1,0,0.7348209348852704,0.01972222222222222,37.25852627587287
U001,28.609516927831724,77.23074938648986,2025-01-06 21:49:24,21,6,0,1,0,0.4694083872249161,0.4013888888888889,1.1694603418752234
U001,28.61194546233892,77.2297500596532,2025-01-06 22:02:19,22,6,0,1,0,0.28712070134136286,0.2152777777777778,1.3337219675211693
U001,28.61041200680957,77.22994690464695,2025-01-06 22:41:57,22,6,0,1,0,0.171591769694192,0.6605555555555556,0.25976886917539577
U001,28.61098828461776,77.2288192723309,2025-01-06 22:44:49,22,6,0,1,0,0.1273693884639941,0.04777777777777778,2.665870921339411
U001,28.61669609385451,77.23201921981473,2025-01-06 22:50:06,22,6,0,1,0,0.7073806074227373,0.08805555555555555,8.033344437608374
U001,28.61413947355373,77.20951696770851,2025-01-06 23:23:47,23,6,0,1,0,2.2148309255136,0.5613888888888889,3.9452703274858782
U001,28.613808082502533,77.2094874964692,2025-01-06 23:36:35,23,6,0,1,0,0.03696112990756402,0.21333333333333335,0.17325529644170634
U001,28.61812504017847,77.20631420773904,2025-01-06 23:52:19,23,6,0,1,0,0.5712874732056272,0.26222222222222225,2.1786386690045103
U001,28.61615782940829,77.21012657332577,2025-01-06 23:58:15,23,6,0,1,0,0.4316591828574916,0.09888888888888889,4.365092860356657
U001,28.613708330096923,77.20839494839564,2025-01-07 00:03:40,0,7,1,1,0,0.3205581199227942,0.09027777777777778,3.550797636067874
U001,28.61328779016129,77.2076056722598,2025-01-07 00:20:06,0,7,1,1,0,0.09012547927103678,0.2738888888888889,0.3290585450058138
U001,28.60745929558715,77.21033195832722,2025-01-07 00:50:05,0,7,1,1,0,0.7006135950942135,0.49972222222222223,1.4020060824564584
U001,28.61356663024184,77.2088395232231,2025-01-07 00:51:54,0,7,1,1,0,0.6945559880241932,0.03027777777777778,22.93946382465225
U001,28.61294705923808,77.21109398779917,2025-01-07 01:28:50,1,7,1,1,0,0.23060098059331696,0.6155555555555555,0.3746225316497929
U001,28.61644150900373,77.20889817801435,2025-01-07 01:35:03,1,7,1,1,0,0.4437621485145583,0.10361111111111111,4.282959074135147
U001,28.61148216926977,77.20944980410388,2025-01-07 01:35:22,1,7,1,1,0,0.5540761018474896,0.005277777777777778,104.98284035005065
U001,28.61507376891254,77.20794626656631,2025-01-07 01:43:51,1,7,1,1,0,0.42548241002199083,0.1413888888888889,3.009305846913884
U001,28.61296557611833,77.20861241518057,2025-01-07 01:59:19,1,7,1,1,0,0.24327191254053088,0.2577777777777778,0.9437272469244733
U001,28.60905161272444,77.20790508470245,2025-01-07 02:06:16,2,7,1,1,0,0.44065610295673346,0.11583333333333333,3.8042253492667637
U001,28.61176598723352,77.20493992816299,2025-01-07 02:11:37,2,7,1,1,0,0.4181868627933736,0.08916666666666667,4.689946124785497
U001,28.610243044676967,77.20590449748275,2025-01-07 02:19:05,2,7,1,1,0,0.19376020895040025,0.12444444444444444,1.5570016790657164
U001,28.6122986367968,77.20764131253846,2025-01-07 02:53:48,2,7,1,1,0,0.28458650865694307,0.5786111111111111,0.4918441820283222
U001,28.617559134074703,77.20594305025935,2025-01-07 03:03:54,3,7,1,1,0,0.6079771737232554,0.16833333333333333,3.6117455864747847
U001,28.611591652297065,77.20764596070711,2025-01-07 03:20:47,3,7,1,1,0,0.6840577905231248,0.2813888888888889,2.4310049811285777
U001,28.61323822363672,77.21265357645096,2025-01-07 03:26:49,3,7,1,1,0,0.5219856649927235,0.10055555555555555,5.1910176629110625
U001,28.61551997153911,77.2120103418569,2025-01-07 03:51:19,3,7,1,1,0,0.26137260182687755,0.4083333333333333,0.640096167739292
U001,28.61415671059916,77.20839219827955,2025-01-07 03:56:13,3,7,1,1,0,0.38433658512297375,0.08166666666666667,4.706162266811924
U001,28.613733741687884,77.20908985075208,2025-01-07 04:11:23,4,7,1,1,0,0.08276312613461233,0.25277777777777777,0.3274145649281367
U001,28.61323739527689,77.20988935774501,2025-01-07 04:29:48,4,7,1,1,0,0.09558703139953813,0.30694444444444446,0.3114147629306219
U001,28.615441227003483,77.21070718736765,2025-01-07 04:38:30,4,7,1,1,0,0.2577304518857583,0.145,1.7774513923155748
U001,28.61408383221985,77.21104353124306,2025-01-07 04:39:55,4,7,1,1,0,0.1544649490975119,0.02361111111111111,6.542044902953446
U001,28.6133254717557,77.20996444043512,2025-01-07 04:40:29,4,7,1,1,0,0.13493070053842712,0.009444444444444445,14.286780057009931
U001,28.612801792284987,77.20779032217548,2025-01-07 05:07:21,5,7,1,1,0,0.22007045778293957,0.4477777777777778,0.4914724863638849
U001,28.615290954432563,77.20903389283689,2025-01-07 05:08:20,5,7,1,1,0,0.302231628877806,0.01638888888888889,18.441251931527145
U001,28.61437247570925,77.2098421317163,2025-01-07 05:09:17,5,7,1,1,0,0.12905422829614677,0.015833333333333335,8.150793366072426
U001,28.612193741336853,77.20722091428573,2025-01-07 05:25:51,5,7,1,1,0,0.35236537024806364,0.2761111111111111,1.2761723670956029
U001,28.60941000400077,77.20946789962973,2025-01-07 05:54:55,5,7,1,1,0,0.3793750568968884,0.48444444444444446,0.783113649557797
U001,28.61503107392617,77.207874779543,2025-01-07 06:02:57,6,7,1,1,0,0.644090545070797,0.1338888888888889,4.8106347764623845
U001,28.613719098017587,77.20879380271393,2025-01-07 06:10:46,6,7,1,1,0,0.17126072001477297,0.13027777777777777,1.3145812197296007
U001,28.616516573047324,77.20899572637421,2025-01-07 06:18:29,6,7,1,1,0,0.3116888734290217,0.12861111111111112,2.423498799880082
U001,28.61612773697512,77.2079192742649,2025-01-07 06:30:40,6,7,1,1,0,0.11362263591171398,0.20305555555555554,0.5595642808237624
U001,28.613655972814502,77.20461743792701,2025-01-07 06:33:32,6,7,1,1,0,0.42358090236249973,0.04777777777777778,8.865646793633715
U001,28.61323466710068,77.2076970485488,2025-01-07 07:01:14,7,7,1,1,0,0.30424380840789045,0.46166666666666667,0.6590118593672717
U001,28.61420866887368,77.21025081364378,2025-01-07 07:17:32,7,7,1,1,0,0.2717950233121743,0.27166666666666667,1.0004724784497214
U001,28.615911948294176,77.21232989317971,2025-01-07 07:41:51,7,7,1,1,0,0.27759291142620857,0.4052777777777778,0.6849448122922213
U001,28.626275582223546,77.21285511159478,2025-01-07 08:09:36,8,7,1,1,0,1.1535232547144576,0.4625,2.494104334517746
U001,28.62305265835943,77.21325738806277,2025-01-07 08:17:49,8,7,1,1,0,0.36051727721961746,0.13694444444444445,2.6325805233075514
U001,28.625598703343613,77.21468347233831,2025-01-07 08:39:32,8,7,1,1,0,0.3154746787962252,0.36194444444444446,0.8716107779481279
U001,28.62395936626321,77.21362816674545,2025-01-07 08:43:05,8,7,1,1,0,0.2093744106835293,0.059166666666666666,3.5387224340878194
U001,28.62994000754605,77.2204489967532,2025-01-07 09:20:50,9,7,1,1,0,0.9409789613395223,0.6291666666666667,1.495595700142287
U001,28.632082871592683,77.21849463526138,2025-01-07 09:26:51,9,7,1,1,0,0.3052179711121376,0.10027777777777777,3.043724919677827
U001,28.631224563399936,77.21854710617448,2025-01-07 09:46:43,9,7,1,1,0,0.09557680911839213,0.33111111111111113,0.2886547926394393
U001,28.629804459990886,77.21916308386912,2025-01-07 09:54:33,9,7,1,1,0,0.1689653582543198,0.13055555555555556,1.294202744075641
U001,28.63257542815673,77.21995898571099,2025-01-07 10:08:29,10,7,1,1,0,0.3177584416539197,0.23222222222222222,1.3683377870264486
U001,28.63000997051702,77.22022687082338,2025-01-07 10:42:44,10,7,1,1,0,0.28646148945631045,0.5708333333333333,0.5018303464928067
U001,28.62659566690918,77.21745477749185,2025-01-07 10:48:13,10,7,1,1,0,0.46619600940553974,0.0913888888888889,5.10123292966548
U001,28.63385847092475,77.22208086489397,2025-01-07 10:54:53,10,7,1,1,0,0.9252302226039913,0.1111111111111111,8.327072003435923
U001,28.631173616996865,77.21694427892935,2025-01-07 10:55:48,10,7,1,1,0,0.583476364364994,0.015277777777777777,38.19118021298142
U001,28.63124193993576,77.21589845639231,2025-01-07 11:17:49,11,7,1,1,0,0.10235278533663665,0.36694444444444446,0.27893264739734436
U001,28.63141500463448,77.22003698482143,2025-01-07 11:34:03,11,7,1,1,0,0.4043708170132941,0.27055555555555555,1.4945943955316825
U001,28.632506331076204,77.21617880665987,2025-01-07 11:53:14,11,7,1,1,0,0.39561945328641673,0.31972222222222224,1.2373849103658559
U001,28.631224528829577,77.21430517280027,2025-01-07 11:55:53,11,7,1,1,0,0.23184773083888807,0.04416666666666667,5.249382585031428
U001,28.63591353638048,77.21890000277658,2025-01-07 12:00:39,12,7,1,1,0,0.6877117999671584,0.07944444444444444,8.656512167418777
U001,28.628432649933107,77.22066018544736,2025-01-07 12:14:48,12,7,1,1,0,0.8493901798968998,0.23583333333333334,3.601654473061059
U001,28.634081351354045,77.21850774930851,2025-01-07 12:15:17,12,7,1,1,0,0.6623060989333762,0.008055555555555555,82.21730883310877
U001,28.63122096936681,77.21881187719609,2025-01-07 12:42:42,12,7,1,1,0,0.3194419494386439,0.45694444444444443,0.6990826857015915
U001,28.629655285223603,77.21963280957976,2025-01-07 13:23:24,13,7,1,1,0,0.1916481732504,0.6783333333333333,0.2825280195337592
U001,28.632577336014617,77.21419678159813,2025-01-07 13:23:33,13,7,1,1,0,0.6221347078294223,0.0025,248.8538831317689
U001,28.63255811708082,77.21605710811468,2025-01-07 13:33:40,13,7,1,1,0,0.18157482845761402,0.1686111111111111,1.0768853088095725
U001,28.6290837882111,77.21684382907085,2025-01-07 14:23:27,14,7,1,1,0,0.3938841638059654,0.8297222222222222,0.47471810837009554
U001,28.63038387258797,77.21968281999322,2025-01-07 14:29:27,14,7,1,1,0,0.3125286836223664,0.1,3.125286836223664
U001,28.629601999936263,77.21747574148029,2025-01-07 14:34:50,14,7,1,1,0,0.23229261075332522,0.08972222222222222,2.5890198102537796
U001,28.62910778701955,77.2176328673138,2025-01-07 14:47:43,14,7,1,1,0,0.057053619949470225,0.21472222222222223,0.2657089674231472
U001,28.628761832252074,77.2160653361906,2025-01-07 14:47:48,14,7,1,1,0,0.15775376056595822,0.001388888888888889,113.58270760748991
U001,28.62800821908032,77.22131717661146,2025-01-07 15:23:01,15,7,1,1,0,0.5193887352089511,0.5869444444444445,0.8849027197123635
U001,28.63040963486745,77.2197638841263,2025-01-07 15:30:09,15,7,1,1,0,0.3070594452157638,0.11888888888888889,2.5827429971419384
U001,28.62888250488184,77.21922644598207,2025-01-07 15:52:55,15,7,1,1,0,0.17772600802282465,0.3794444444444444,0.4683847942036375
U001,28.63216934330699,77.21721758127259,2025-01-07 15:56:29,15,7,1,1,0,0.4147482752347542,0.059444444444444446,6.977073788995865
U001,28.631308475132727,77.2156635563859,2025-01-07 16:25:32,16,7,1,1,0,0.1793507867015576,0.4841666666666667,0.3704319174558849
U001,28.62959466106309,77.2181565855354,2025-01-07 16:30:52,16,7,1,1,0,0.3090616765891267,0.08888888888888889,3.4769438616276753
U001,28.627371827224096,77.21975289674492,2025-01-07 16:48:57,16,7,1,1,0,0.2921745428995908,0.3013888888888889,0.9694270547820524
U001,28.6292251838084,77.218237689342,2025-01-07 16:57:13,16,7,1,1,0,0.25365474261489857,0.13777777777777778,1.841042486721038
U001,28.630347685512724,77.21597628126382,2025-01-07 17:10:09,17,7,1,1,0,0.2535609259622816,0.21555555555555556,1.1763135740518218
U001,28.63354510171588,77.2171346962523,2025-01-07 17:10:58,17,7,1,1,0,0.3730796071983843,0.01361111111111111,27.409930324779257
U001,28.62959450890924,77.21854160067754,2025-01-07 17:23:11,17,7,1,1,0,0.46024599249379244,0.2036111111111111,2.2604168799149424
U001,28.62939206344088,77.21798336590584,2025-01-07 17:24:25,17,7,1,1,0,0.05895088093686611,0.020555555555555556,2.867880694225919
U001,28.63360577761585,77.21874142974447,2025-01-07 17:33:47,17,7,1,1,0,0.4743490221597672,0.15611111111111112,3.0385346615216404
U001,28.63031583165969,77.21721386855542,2025-01-07 18:31:49,18,7,1,1,0,0.39503778476542006,0.9672222222222222,0.4084250503031339
U001,28.632012024244258,77.21530764454648,2025-01-07 18:46:29,18,7,1,1,0,0.26492531920930285,0.24444444444444444,1.08378539676533
U001,28.626756836792417,77.21804620546497,2025-01-07 18:51:21,18,7,1,1,0,0.6425772673503453,0.0811111111111111,7.922185487880969
U001,28.6206366910322,77.21448681042045,2025-01-07 19:41:44,19,7,1,1,0,0.7640795213329608,0.8397222222222223,0.9099193770422291
U001,28.622481839774185,77.21424603102886,2025-01-07 19:52:30,19,7,1,1,0,0.20651282671444268,0.17944444444444443,1.1508454739504546
U001,28.621813005785544,77.21411556257455,2025-01-07 19:55:34,19,7,1,1,0,0.07545334632774549,0.051111111111111114,1.476261123803716
U001,28.6219846333012,77.21327614107942,2025-01-07 19:56:48,19,7,1,1,0,0.08412653533858393,0.020555555555555556,4.092642259714894
U001,28.619406041008403,77.21300970812419,2025-01-07 19:59:09,19,7,1,1,0,0.2879033330062897,0.03916666666666667,7.350723395905268
U001,28.610261594922527,77.23167919174426,2025-01-07 20:33:30,20,7,1,1,0,2.0868711555746824,0.5725,3.645189791396825
U001,28.609147751912072,77.22791988437105,2025-01-07 20:45:40,20,7,1,1,0,0.3873135944875103,0.20277777777777778,1.9100396440479959
U001,28.612864242541143,77.22614835750568,2025-01-07 20:47:06,20,7,1,1,0,0.44797858121154777,0.02388888888888889,18.752591771646184
U001,28.60845585391207,77.22828115596738,2025-01-07 21:23:31,21,7,1,1,0,0.532572190694278,0.6069444444444444,0.8774644789470942
U001,28.60820942154431,77.22617481838374,2025-01-07 21:40:35,21,7,1,1,0,0.20743748236933884,0.28444444444444444,0.7292723989547069
U001,28.61598000356624,77.2333863971221,2025-01-07 21:50:31,21,7,1,1,0,1.1145172569862423,0.16555555555555557,6.731983431460523
U001,28.60994545383363,77.22914309397387,2025-01-07 21:50:47,21,7,1,1,0,0.7885599968949374,0.0044444444444444444,177.42599930136092
U001,28.61116776067084,77.2100167872044,2025-01-07 22:01:02,22,7,1,1,0,1.8720016361963112,0.17083333333333334,10.95805835822231
U001,28.61413844086333,77.21125931548883,2025-01-07 22:26:01,22,7,1,1,0,0.3518885994866068,0.41638888888888886,0.8450960361252732
U001,28.616378775412283,77.20788658484729,2025-01-07 22:38:19,22,7,1,1,0,0.4128501262192863,0.205,2.013903054728226
U001,28.615145617008224,77.2104479104551,2025-01-07 23:26:06,23,7,1,1,0,0.28515082113978546,0.7963888888888889,0.3580547457632465
U001,28.61242257135464,77.21146218199158,2025-01-07 23:55:51,23,7,1,1,0,0.3185648916359234,0.49583333333333335,0.6424838150640472
U001,28.609346576527084,77.2133816647083,2025-01-07 23:57:14,23,7,1,1,0,0.3899963131569002,0.023055555555555555,16.91550273933543
U001,28.612847201174297,77.20979801363941,2025-01-08 00:22:32,0,8,2,1,0,0.523349268871519,0.4216666666666667,1.2411445111577526
U001,28.61330955436936,77.20959260516352,2025-01-08 00:41:30,0,8,2,1,0,0.0551830242692787,0.3161111111111111,0.1745684423281224
U001,28.613534958664545,77.20804692992716,2025-01-08 00:49:44,0,8,2,1,0,0.1529483415334794,0.13722222222222222,1.1146032986245462
U001,28.61498291222493,77.2085023053139,2025-01-08 01:11:44,1,8,2,1,0,0.16702853545917787,0.36666666666666664,0.4555323694341215
U001,28.612504307294262,77.21197460097044,2025-01-08 01:32:44,1,8,2,1,0,0.43685758970010474,0.35,1.2481645420002994
U001,28.61305042721148,77.21179658745208,2025-01-08 01:37:22,1,8,2,1,0,0.06316307146090927,0.07722222222222222,0.8179390548894726
U001,28.614023069285675,77.20901407224497,2025-01-08 01:53:13,1,8,2,1,0,0.29235488399178494,0.26416666666666666,1.106706185457861
U001,28.614192315077847,77.21364180797175,2025-01-08 02:06:38,2,8,2,1,0,0.4521242967008292,0.22361111111111112,2.021922320649671
U001,28.615707485923373,77.21062944657228,2025-01-08 02:19:30,2,8,2,1,0,0.3388934222555211,0.21444444444444444,1.5803320208806684
U001,28.612204139697543,77.20821823918924,2025-01-08 02:33:52,2,8,2,1,0,0.4551382233318042,0.23944444444444443,1.9008092853764447
U001,28.61495259486445,77.21001615624459,2025-01-08 03:07:09,3,8,2,1,0,0.35242217823541955,0.5547222222222222,0.6353128901589936
U001,28.6129166997646,77.20901327605483,2025-01-08 03:07:16,3,8,2,1,0,0.24664137949994705,0.0019444444444444444,126.8441380285442
U001,28.61373688091994,77.21158448947205,2025-01-08 03:23:06,3,8,2,1,0,0.26704446292425027,0.2638888888888889,1.0119579647655799
U001,28.6143647930018,77.21005109120617,2025-01-08 03:28:32,3,8,2,1,0,0.16516493198043097,0.09055555555555556,1.8239072243237777
U001,28.6156212506206,77.20910848217585,2025-01-08 04:12:25,4,8,2,1,0,0.16728844294092635,0.7313888888888889,0.22872707732143369
U001,28.61498366712216,77.20876375756812,2025-01-08 04:36:23,4,8,2,1,0,0.07847640734670885,0.39944444444444444,0.19646388487354094
U001,28.611356846617745,77.21172501367447,2025-01-08 04:37:38,4,8,2,1,0,0.49618088290545986,0.020833333333333332,23.816682379462076
U001,28.61549530581593,77.21101149945007,2025-01-08 04:55:39,4,8,2,1,0,0.4654166968987116,0.30027777777777775,1.5499538472112506
U001,28.613600599209533,77.21176166754168,2025-01-08 05:09:39,5,8,2,1,0,0.22304473936889302,0.23333333333333334,0.9559060258666844
U001,28.61286839959356,77.21097733965483,2025-01-08 05:15:50,5,8,2,1,0,0.1117607656277772,0.10305555555555555,1.08447104113207
U001,28.612578890698764,77.20755532690282,2025-01-08 05:23:33,5,8,2,1,0,0.3355888458677506,0.12861111111111112,2.6093301190581037
U001,28.61340496689209,77.20770297658338,2025-01-08 05:33:00,5,8,2,1,0,0.09297935132704505,0.1575,0.5903450877907622
U001,28.62045056086564,77.20667467936264,2025-01-08 06:35:15,6,8,2,1,0,0.7898380728684955,1.0375,0.7612897087889112
U001,28.6125755554357,77.2069012246719,2025-01-08 06:35:54,6,8,2,1,0,0.8759398287873251,0.010833333333333334,80.85598419575308
U001,28.616243243896392,77.20909896553027,2025-01-08 06:41:30,6,8,2,1,0,0.4608113201063256,0.09333333333333334,4.937264143996345
U001,28.616726205455382,77.20899524743007,2025-01-08 07:07:19,7,8,2,1,0,0.05464884894214319,0.43027777777777776,0.1270082996718628
U001,28.61448265382665,77.20944915148684,2025-01-08 07:07:48,7,8,2,1,0,0.2533755183847735,0.008055555555555555,31.453512627075334
U001,28.614632858480675,77.20883658190861,2025-01-08 07:47:30,7,8,2,1,0,0.062083994802563554,0.6616666666666666,0.09382971506684669
U001,28.61116846291996,77.20738969911301,2025-01-08 07:54:14,7,8,2,1,0,0.41029873432114566,0.11222222222222222,3.6561273355349613
U001,28.61424602508134,77.20802977271158,2025-01-08 07:55:09,7,8,2,1,0,0.34786648038524587,0.015277777777777777,22.76944235248882
U001,28.62876053380645,77.21470351329748,2025-01-08 08:14:40,8,8,2,1,0,1.740439801705604,0.3252777777777778,5.350626205072737
U001,28.63256310452785,77.2165623466778,2025-01-08 08:35:49,8,8,2,1,0,0.4601037511038984,0.3525,1.3052588683798536
U001,28.62900964888207,77.21900292679885,2025-01-08 08:54:43,8,8,2,1,0,0.4613704550453842,0.315,1.464668111255188
U001,28.632005442195947,77.21772815422341,2025-01-08 09:11:38,9,8,2,1,0,0.35559300815639855,0.28194444444444444,1.2612165806532363
U001,28.629310592467704,77.22194074674596,2025-01-08 09:24:48,9,8,2,1,0,0.5087548626441434,0.21944444444444444,2.318376589264451
U001,28.631179687709324,77.2219426625896,2025-01-08 09:36:51,9,8,2,1,0,0.2078339923973906,0.20083333333333334,1.0348580534309906
U001,28.628997244256645,77.21622804646906,2025-01-08 10:03:54,10,8,2,1,0,0.6082504418193811,0.4508333333333333,1.3491691870300506
U001,28.63097532198745,77.21489338236475,2025-01-08 10:09:08,10,8,2,1,0,0.2556311101900018,0.08722222222222223,2.9308025372102113
U001,28.631735943193448,77.21950985617067,2025-01-08 10:18:48,10,8,2,1,0,0.45842864035165665,0.16111111111111112,2.8454191470102823
U001,28.63184673711532,77.21655486646496,2025-01-08 10:36:11,10,8,2,1,0,0.2886632218403103,0.2897222222222222,0.9963447733701986
U001,28.62450848723874,77.2139000537658,2025-01-08 10:39:36,10,8,2,1,0,0.8561287275472755,0.05694444444444444,15.034455703269229
U001,28.62856893120505,77.2217065610356,2025-01-08 11:04:04,11,8,2,1,0,0.8856626661409805,0.4077777777777778,2.1719247943511784
U001,28.629695439968945,77.21738278032018,2025-01-08 11:19:04,11,8,2,1,0,0.44020003156568166,0.25,1.7608001262627266
U001,28.628405723307328,77.21874055375469,2025-01-08 11:21:43,11,8,2,1,0,0.19526317298757992,0.04416666666666667,4.421052973303697
U001,28.631378901123988,77.21938228506085,2025-01-08 11:29:44,11,8,2,1,0,0.3364828681849759,0.13361111111111112,2.5183748970185307
U001,28.631416418318725,77.21730336442818,2025-01-08 11:46:55,11,8,2,1,0,0.20294152200418125,0.2863888888888889,0.7086221912852109
U001,28.62713147431432,77.21762934571227,2025-01-08 12:08:22,12,8,2,1,0,0.4775250991067921,0.3575,1.3357345429560619
U001,28.63043691348492,77.21561505499729,2025-01-08 12:16:27,12,8,2,1,0,0.41682308189004363,0.13472222222222222,3.093944525369396
U001,28.63513267024033,77.21762434269276,2025-01-08 12:47:08,12,8,2,1,0,0.5577543475668267,0.5113888888888889,1.090665752982388
U001,28.63033184504144,77.21640528518802,2025-01-08 12:59:17,12,8,2,1,0,0.5469250611058301,0.2025,2.7008644992880493
U001,28.628897506163945,77.21746043809289,2025-01-08 13:40:45,13,8,2,1,0,0.18984959348812872,0.6911111111111111,0.27470198414681
U001,28.63025662104589,77.22016909471498,2025-01-08 13:40:54,13,8,2,1,0,0.3045122755246539,0.0025,121.80491020986155
U001,28.62715930037482,77.21660353611696,2025-01-08 13:49:38,13,8,2,1,0,0.48961220902971636,0.14555555555555555,3.363748000967517
U001,28.63265800878176,77.21874556671864,2025-01-08 14:09:49,14,8,2,1,0,0.6461820892200703,0.3363888888888889,1.9209376723305143
U001,28.63664444471657,77.21643190488014,2025-01-08 14:12:08,14,8,2,1,0,0.4974696876508437,0.03861111111111111,12.884107018295232
U001,28.633875811233978,77.21892188542803,2025-01-08 14:14:53,14,8,2,1,0,0.3922111731904494,0.04583333333333333,8.557334687791624
U001,28.6316038825278,77.22154095233161,2025-01-08 15:05:35,15,8,2,1,0,0.35938583317856804,0.845,0.42530867831783203
U001,28.62917390594582,77.21246798116066,2025-01-08 15:05:51,15,8,2,1,0,0.9258195582092864,0.0044444444444444444,208.30940059708945
U001,28.630690664369578,77.22011823315444,2025-01-08 15:14:38,15,8,2,1,0,0.7654713058427237,0.1463888888888889,5.229025998166613
U001,28.63228594212528,77.22309195108244,2025-01-08 15:19:00,15,8,2,1,0,0.34014537448053983,0.07277777777777777,4.673753237137189
U001,28.63101796078981,77.21958883145037,2025-01-08 16:11:03,16,8,2,1,0,0.36982770482455085,0.8675,0.42631435714645627
U001,28.63118563931477,77.2134573901856,2025-01-08 16:12:27,16,8,2,1,0,0.5987089081308997,0.023333333333333334,25.658953205609986
U001,28.6311465358554,77.2174269517399,2025-01-08 16:23:13,16,8,2,1,0,0.387446797420688,0.17944444444444443,2.1591462394960943
U001,28.631181670123112,77.21621768135677,2025-01-08 16:27:23,16,8,2,1,0,0.11808735964754902,0.06944444444444445,1.7004579789247058
U001,28.62952178511232,77.21888622241563,2025-01-08 16:57:18,16,8,2,1,0,0.3192162957293212,0.4986111111111111,0.6402109552231512
U001,28.630238640424658,77.21629505458824,2025-01-08 17:01:55,17,8,2,1,0,0.26516126938654266,0.07694444444444444,3.4461392411247425
U001,28.63017121789404,77.21598972708809,2025-01-08 17:35:38,17,8,2,1,0,0.030728302324886637,0.5619444444444445,0.05468210003440034
U001,28.63024339689796,77.21676751902154,2025-01-08 17:41:11,17,8,2,1,0,0.07633495246567426,0.0925,0.8252427293586406
U001,28.62979006019148,77.21849248915376,2025-01-08 17:45:39,17,8,2,1,0,0.17574064343120233,0.07444444444444444,2.360695210269882
U001,28.63286276030209,77.21942283728264,2025-01-08 17:55:19,17,8,2,1,0,0.3535281596076012,0.16111111111111112,2.1943127148058004
U001,28.63637593094114,77.21811222647591,2025-01-08 18:25:16,18,8,2,1,0,0.4110542993765304,0.49916666666666665,0.8234810671983914
U001,28.63086231703739,77.21848452870617,2025-01-08 18:43:04,18,8,2,1,0,0.6141616728215556,0.2966666666666667,2.070207885915356
U001,28.63151835919854,77.2179704625551,2025-01-08 18:46:27,18,8,2,1,0,0.08853653635087866,0.05638888888888889,1.5701060633653356
U001,28.62862513380361,77.2168657572825,2025-01-08 18:56:07,18,8,2,1,0,0.33929842732882975,0.16111111111111112,2.1059902385927365
U001,28.63336465129671,77.21569528092128,2025-01-08 18:59:01,18,8,2,1,0,0.5392493610184276,0.04833333333333333,11.156883331415743
U001,28.612742411501177,77.22829742044357,2025-01-08 19:13:05,19,8,2,1,0,2.6021642009165222,0.23444444444444446,11.099278582108388
U001,28.60728394180308,77.23226127638844,2025-01-08 19:20:00,19,8,2,1,0,0.7198045476132799,0.11527777777777778,6.244087641946525
U001,28.610397149746383,77.22909580913837,2025-01-08 19:23:10,19,8,2,1,0,0.4640288740372423,0.05277777777777778,8.792126034389854
U001,28.60802579168873,77.2284614545895,2025-01-08 19:46:54,19,8,2,1,0,0.2708567985279401,0.39555555555555555,0.684750333357152
U001,28.612902097786453,77.22844117587667,2025-01-08 19:56:08,19,8,2,1,0,0.5422241123408059,0.15388888888888888,3.523477986330147
U001,28.61035575347753,77.22650854063775,2025-01-08 20:02:02,20,8,2,1,0,0.34023527135341775,0.09833333333333333,3.460019708678825
U001,28.61272341107039,77.22981704398738,2025-01-08 20:40:20,20,8,2,1,0,0.41667497306232015,0.6383333333333333,0.6527545269905799
U001,28.61138204572091,77.22762534741584,2025-01-08 20:59:38,20,8,2,1,0,0.26080450191988963,0.32166666666666666,0.8107911976784133
U001,28.614970263320263,77.2080470275831,2025-01-08 21:08:50,21,8,2,1,0,1.952342757908034,0.15333333333333332,12.732670160269787
U001,28.611295759533263,77.20969561319227,2025-01-08 21:36:01,21,8,2,1,0,0.43913561638064447,0.45305555555555554,0.9692754254876272
U001,28.615040290455592,77.20950664521632,2025-01-08 21:45:22,21,8,2,1,0,0.41678123993832483,0.15583333333333332,2.674532020994598
U001,28.61547077798455,77.21108834745846,2025-01-08 21:49:10,21,8,2,1,0,0.16164501019512775,0.06333333333333334,2.5522896346599118
U001,28.61349419264856,77.21550113317343,2025-01-08 22:06:57,22,8,2,1,0,0.4835809089398348,0.29638888888888887,1.6315757002656095
U001,28.61399675635611,77.20783590462932,2025-01-08 22:45:30,22,8,2,1,0,0.750321206901279,0.6425,1.167815108017555
U001,28.61561204352631,77.21044140902794,2025-01-08 22:55:12,22,8,2,1,0,0.3113604706404183,0.16166666666666665,1.925941055507742
U001,28.61195655978946,77.20998947448925,2025-01-08 22:55:31,22,8,2,1,0,0.4088582112542016,0.005277777777777778,77.46787160605925
U001,28.618984259105567,77.20849861330592,2025-01-08 23:20:28,23,8,2,1,0,0.794879677876612,0.41583333333333333,1.9115342954948584
U001,28.613824566284936,77.20979966749803,2025-01-08 23:21:05,23,8,2,1,0,0.5876194733065345,0.010277777777777778,57.17378659198714
U001,28.61819234591727,77.20957775650854,2025-01-08 23:32:47,23,8,2,1,0,0.4861577454147151,0.195,2.4931166431523852
U001,28.61324408737343,77.20961394317654,2025-01-08 23:36:00,23,8,2,1,0,0.5502325838286518,0.05361111111111111,10.263405708720967
U001,28.614855634910683,77.20869395131561,2025-01-08 23:47:47,23,8,2,1,0,0.20043946864067294,0.1963888888888889,1.0206253000090844
U001,28.61533916369693,77.21104118132544,2025-01-09 00:07:06,0,9,3,1,0,0.23534457018295415,0.3219444444444444,0.7310098815001165
U001,28.61045471076615,77.21068830069946,2025-01-09 00:36:51,0,9,3,1,0,0.5442176351138316,0.49583333333333335,1.0975817851035259
U001,28.612598287817768,77.20707212703994,2025-01-09 00:39:52,0,9,3,1,0,0.42593532810592766,0.050277777777777775,8.471641884979777
U001,28.612656610108264,77.20711292458626,2025-01-09 01:16:55,1,9,3,1,0,0.007610333357646618,0.6175,0.01232442649011598
U001,28.61343019981798,77.2072091165242,2025-01-09 01:18:09,1,9,3,1,0,0.08653022408501719,0.020555555555555556,4.209578469000836
U001,28.61535230185172,77.20612115661955,2025-01-09 01:29:47,1,9,3,1,0,0.23865894710779964,0.1938888888888889,1.2309057443955282
U001,28.61402955725009,77.20722669271505,2025-01-09 01:41:03,1,9,3,1,0,0.1824252817507532,0.18777777777777777,0.9714955832880349
U001,28.61033899461031,77.2084352697025,2025-01-09 02:19:08,2,9,3,1,0,0.4269935269864606,0.6347222222222222,0.672725031576043
U001,28.614637015392184,77.2084109506465,2025-01-09 02:24:31,2,9,3,1,0,0.47792400140341285,0.08972222222222222,5.326707136384788
U001,28.61256530570512,77.21170697798789,2025-01-09 02:41:41,2,9,3,1,0,0.3957073417969147,0.2861111111111111,1.383054786863003
U001,28.61315931251344,77.20905565982748,2025-01-09 03:02:02,3,9,3,1,0,0.2671046362231721,0.33916666666666667,0.7875320969724976
U001,28.611979134188232,77.21090549754999,2025-01-09 03:16:01,3,9,3,1,0,0.22322156916318836,0.23305555555555554,0.9578041108313208
U001,28.61413443621841,77.20443738284494,2025-01-09 03:21:14,3,9,3,1,0,0.6753401292174597,0.08694444444444445,7.767490304098577
U001,28.616742721809253,77.2142562281904,2025-01-09 03:37:27,3,9,3,1,0,1.0013666209138075,0.2702777777777778,3.7049535820038098
U001,28.615373124900792,77.21196174231751,2025-01-09 04:06:55,4,9,3,1,0,0.2708422689083058,0.4911111111111111,0.5514887828449666
U001,28.610266803964127,77.21072305663508,2025-01-09 04:26:15,4,9,3,1,0,0.5805288823983432,0.32222222222222224,1.801641359167272
U001,28.61316454532381,77.20786376101333,2025-01-09 04:51:28,4,9,3,1,0,0.42629403386568504,0.42027777777777775,1.0143149516962764
U001,28.61577345132182,77.20766577948709,2025-01-09 04:55:03,4,9,3,1,0,0.290740120582117,0.059722222222222225,4.868206670212191
U001,28.614491822867123,77.20941106863096,2025-01-09 05:03:46,5,9,3,1,0,0.22211010849569313,0.14527777777777778,1.5288649915573522
U001,28.61655043962109,77.20697064435215,2025-01-09 05:17:28,5,9,3,1,0,0.3303724541332336,0.22833333333333333,1.4468866604375192
U001,28.615790285101973,77.20940268340101,2025-01-09 05:18:08,5,9,3,1,0,0.2519955272349912,0.011111111111111112,22.679597451149206
U001,28.61107511757432,77.21094226585386,2025-01-09 05:48:05,5,9,3,1,0,0.5454165446579462,0.49916666666666665,1.0926541796152511
U001,28.613467281557845,77.20808034356445,2025-01-09 06:08:34,6,9,3,1,0,0.3857475379218161,0.3413888888888889,1.1299358311786314
U001,28.61327241520268,77.20735908222304,2025-01-09 06:11:06,6,9,3,1,0,0.07366468473193553,0.042222222222222223,1.7446899015458415
U001,28.61411913819241,77.20677252907724,2025-01-09 06:11:20,6,9,3,1,0,0.11019405280156609,0.0038888888888888888,28.33561357754557
U001,28.61309590564906,77.21104209508471,2025-01-09 06:28:16,6,9,3,1,0,0.4320236167530749,0.2822222222222222,1.5307923428258559
U001,28.61304452494931,77.20968921692688,2025-01-09 06:54:30,6,9,3,1,0,0.13218487388472847,0.43722222222222223,0.30232880939327983
U001,28.61541336132062,77.20790294536343,2025-01-09 07:02:33,7,9,3,1,0,0.31588626778344114,0.13416666666666666,2.3544318095660213
U001,28.61025757143477,77.20767710227084,2025-01-09 07:06:52,7,9,3,1,0,0.5737213981873046,0.07194444444444445,7.974505920750179
U001,28.612122221556664,77.20862466539363,2025-01-09 07:19:07,7,9,3,1,0,0.22703662277339037,0.20416666666666666,1.1120161115431366
U001,28.61566990366681,77.20661660659194,2025-01-09 07:33:50,7,9,3,1,0,0.44049953072886344,0.2452777777777778,1.7959210765842677
U001,28.631455650920056,77.21658900779033,2025-01-09 08:23:07,8,9,3,1,0,2.007109802834124,0.8213888888888888,2.4435560670283554
U001,28.635893942390165,77.22020321262896,2025-01-09 08:36:00,8,9,3,1,0,0.6066112742293902,0.21472222222222223,2.8250977842507177
U001,28.63031098623549,77.21705510290148,2025-01-09 08:52:50,8,9,3,1,0,0.6926668147649536,0.28055555555555556,2.468911418964191
U001,28.63169682040868,77.21958381995236,2025-01-09 09:17:08,9,9,3,1,0,0.2909566489765733,0.405,0.718411478954502
U001,28.63194555488607,77.21892676093043,2025-01-09 09:41:08,9,9,3,1,0,0.06983762101941855,0.4,0.17459405254854637
U001,28.629347995559385,77.21904597816317,2025-01-09 09:51:33,9,9,3,1,0,0.28906968529728017,0.1736111111111111,1.6650413873123338
U001,28.63159242906132,77.21783067733386,2025-01-09 10:31:49,10,9,3,1,0,0.2763219425641517,0.6711111111111111,0.411737993886981
U001,28.633107303920305,77.21954550802509,2025-01-09 10:38:01,10,9,3,1,0,0.2374540894322342,0.10333333333333333,2.297942800957105
U001,28.63078186591257,77.21949686246253,2025-01-09 10:43:06,10,9,3,1,0,0.25862049077669147,0.08472222222222223,3.0525697272002925
U001,28.63072751013709,77.21869457512923,2025-01-09 11:03:16,11,9,3,1,0,0.07853509727493689,0.33611111111111114,0.2336581406527048
U001,28.63240260329716,77.21394057833531,2025-01-09 11:17:42,11,9,3,1,0,0.49997107668361346,0.24055555555555555,2.0784017044584395
U001,28.63000204053917,77.21735090142016,2025-01-09 11:30:46,11,9,3,1,0,0.4266560064261338,0.21777777777777776,1.9591347233853085
U001,28.627841810484053,77.21715291080227,2025-01-09 11:39:27,11,9,3,1,0,0.2409826484348329,0.14472222222222222,1.6651392214307073
U001,28.630344418281936,77.21467792248932,2025-01-09 11:48:24,11,9,3,1,0,0.3684958436153481,0.14916666666666667,2.470363197421328
U001,28.630685856004,77.21760343499783,2025-01-09 12:09:33,12,9,3,1,0,0.2880398692979537,0.3525,0.8171343809871028
U001,28.6288938368716,77.2184880079575,2025-01-09 12:35:35,12,9,3,1,0,0.2171623018467157,0.4338888888888889,0.500502104128154
U001,28.63149517443931,77.21985133145115,2025-01-09 12:40:05,12,9,3,1,0,0.31839211002949586,0.075,4.245228133726612
U001,28.624743186897405,77.2163998035308,2025-01-09 12:43:33,12,9,3,1,0,0.8228998510802659,0.057777777777777775,14.242497422543064
U001,28.63099710229025,77.21855889289942,2025-01-09 13:00:17,13,9,3,1,0,0.726631545553724,0.2788888888888889,2.605451756965544
U001,28.63118535698151,77.21734925797547,2025-01-09 13:19:37,13,9,3,1,0,0.11989983178635066,0.32222222222222224,0.37210292623350205
U001,28.63092699515217,77.21791680782626,2025-01-09 13:21:06,13,9,3,1,0,0.06239868782107693,0.024722222222222222,2.5239918669199657
U001,28.626685375664863,77.216231743203,2025-01-09 13:52:15,13,9,3,1,0,0.4994983492337042,0.5191666666666667,0.9621156004501525
U001,28.630219000517968,77.21874966818919,2025-01-09 13:56:15,13,9,3,1,0,0.46344453993103857,0.06666666666666667,6.951668098965579
U001,28.62821441158078,77.21482382506746,2025-01-09 14:28:18,14,9,3,1,0,0.44328105731807815,0.5341666666666667,0.8298553335127828
U001,28.626575142352017,77.21643883464935,2025-01-09 14:43:44,14,9,3,1,0,0.24098123432797644,0.25722222222222224,0.9368600902599515
U001,28.62872311976238,77.21721722287158,2025-01-09 14:47:32,14,9,3,1,0,0.2506357458424534,0.06333333333333334,3.9574065133018954
U001,28.63145909012679,77.21988978247525,2025-01-09 14:48:48,14,9,3,1,0,0.40073798100122227,0.021111111111111112,18.98232541584737
U001,28.627229381333542,77.21950347629286,2025-01-09 15:26:20,15,9,3,1,0,0.4718309922854633,0.6255555555555555,0.754259135092215
U001,28.634213883072903,77.21882612530747,2025-01-09 15:42:11,15,9,3,1,0,0.7794496986594224,0.26416666666666666,2.950598228363744
U001,28.63031361768429,77.21299960739272,2025-01-09 15:44:36,15,9,3,1,0,0.7151587991309868,0.04027777777777778,17.75566673704519
U001,28.63114844882892,77.21845956170066,2025-01-09 16:01:33,16,9,3,1,0,0.5409094075432702,0.2825,1.9147235665248505
U001,28.62989634255705,77.21614451218319,2025-01-09 16:31:35,16,9,3,1,0,0.2653980127261832,0.5005555555555555,0.5302069066671806
U001,28.632125700837648,77.21794960897213,2025-01-09 16:44:44,16,9,3,1,0,0.3041193789759263,0.21916666666666668,1.3876169382931998
U001,28.630261479478083,77.21897826840214,2025-01-09 16:58:33,16,9,3,1,0,0.23032408860880008,0.23027777777777778,1.0002011085544997
U001,28.62665760732312,77.22097237015959,2025-01-09 17:16:30,17,9,3,1,0,0.44549481327896484,0.2991666666666667,1.4891191530216095
U001,28.63051576796026,77.21702425325066,2025-01-09 17:32:49,17,9,3,1,0,0.5766574741526341,0.27194444444444443,2.1204973513273573
U001,28.629711172859587,77.22236739072808,2025-01-09 17:55:04,17,9,3,1,0,0.5291051575298501,0.37083333333333335,1.4268004247995958
U001,28.62731879596206,77.21896740726882,2025-01-09 17:57:26,17,9,3,1,0,0.42530593577371884,0.03944444444444444,10.782404005530902
U001,28.6284607025732,77.21856360919071,2025-01-09 18:29:02,18,9,3,1,0,0.13294998332263896,0.5266666666666666,0.2524366771948841
U001,28.634014324081782,77.21560799762763,2025-01-09 18:37:41,18,9,3,1,0,0.6815859978120152,0.14416666666666667,4.727764146672938
U001,28.62979089576164,77.21911469814506,2025-01-09 18:40:06,18,9,3,1,0,0.5811011395185275,0.04027777777777778,14.42733863632206
U001,28.612024794703423,77.23026698105916,2025-01-09 19:09:13,19,9,3,1,0,2.255558167468867,0.48527777777777775,4.6479733273542765
U001,28.60737763915161,77.23196550790811,2025-01-09 19:13:57,19,9,3,1,0,0.5426899479871642,0.07888888888888888,6.87916835476687
U001,28.60761329493116,77.2308492492171,2025-01-09 19:18:26,19,9,3,1,0,0.11207580571353455,0.07472222222222222,1.4998992586197935
U001,28.61121980272708,77.2257308840867,2025-01-09 19:33:02,19,9,3,1,0,0.6406782456238181,0.24333333333333335,2.632924297084184
U001,28.609469257858947,77.23191766757894,2025-01-09 19:59:38,19,9,3,1,0,0.6345327850755011,0.44333333333333336,1.4312769588169199
U001,28.610674315973235,77.23022731011697,2025-01-09 20:00:28,20,9,3,1,0,0.2125630175206347,0.013888888888888888,15.304537261485699
U001,28.610043000359457,77.22883362821793,2025-01-09 20:25:30,20,9,3,1,0,0.15309131082345476,0.4172222222222222,0.36692990610148946
U001,28.60989499835871,77.23252090061693,2025-01-09 20:35:22,20,9,3,1,0,0.36032014146729713,0.16444444444444445,2.191135995409239
U001,28.61361224828857,77.23241087499713,2025-01-09 20:53:10,20,9,3,1,0,0.41347884881312763,0.2966666666666667,1.3937489285835762
U001,28.608384297822816,77.22952303368247,2025-01-09 20:59:08,20,9,3,1,0,0.6460679425854639,0.09944444444444445,6.496772607004664
U001,28.61329915855901,77.21226202284616,2025-01-09 21:04:02,21,9,3,1,0,1.7713831898251255,0.08166666666666667,21.690406406021946
U001,28.614300765397832,77.21308919825795,2025-01-09 21:45:23,21,9,3,1,0,0.1375634886417325,0.6891666666666667,0.19960844784773762
U001,28.614810608516706,77.2072707561178,2025-01-09 21:54:44,21,9,3,1,0,0.5707822175369137,0.15583333333333332,3.6627735884721737
U001,28.61306236395263,77.2104402647298,2025-01-09 22:13:47,22,9,3,1,0,0.3653923370660497,0.3175,1.150842006507243
U001,28.61352327806998,77.20708712006588,2025-01-09 22:26:55,22,9,3,1,0,0.3313050547890919,0.21888888888888888,1.5135763924374757
U001,28.614832045788763,77.20820453467482,2025-01-09 22:34:51,22,9,3,1,0,0.1818679115834284,0.1322222222222222,1.3754716002108032
U001,28.614500647543075,77.20693355372254,2025-01-09 22:36:11,22,9,3,1,0,0.12942197037080835,0.022222222222222223,5.823988666686375
U001,28.61391771103436,77.20992482675312,2025-01-09 22:40:16,22,9,3,1,0,0.2990984746444263,0.06805555555555555,4.394916362122182
U001,28.61233560134171,77.20934019402314,2025-01-09 23:09:14,23,9,3,1,0,0.1849476056338269,0.48277777777777775,0.3830905525211604
U001,28.61495839565065,77.20830303582753,2025-01-09 23:16:20,23,9,3,1,0,0.3087144487432811,0.11833333333333333,2.6088544964220937
U001,28.613495838434005,77.21182846574159,2025-01-09 23:36:00,23,9,3,1,0,0.3806239798864398,0.3277777777777778,1.1612257013484604
U001,28.611611998257363,77.21060591535714,2025-01-09 23:53:20,23,9,3,1,0,0.24108331371189842,0.28888888888888886,0.8345191628488793
U001,28.61360100916109,77.21143114659084,2025-01-10 00:01:39,0,10,4,1,0,0.23538143639571923,0.1386111111111111,1.698142627303786
U001,28.61182973486524,77.21079814191705,2025-01-10 00:12:42,0,10,4,1,0,0.20642208917704538,0.18416666666666667,1.120843923133278
U001,28.61327141046125,77.20847382571685,2025-01-10 00:24:04,0,10,4,1,0,0.2778078162626937,0.18944444444444444,1.4664342207414915
U001,28.61136189215348,77.21121486778702,2025-01-10 00:35:45,0,10,4,1,0,0.34157969292592627,0.1947222222222222,1.7541895785068968
U001,28.61402065266036,77.20890516160088,2025-01-10 01:15:24,1,10,4,1,0,0.3718023533771673,0.6608333333333334,0.5626265120461548
U001,28.61190530898981,77.20982212335144,2025-01-10 01:25:50,1,10,4,1,0,0.2516709335124487,0.1738888888888889,1.4473088828191936
U001,28.615240896871057,77.20962054355694,2025-01-10 01:32:11,1,10,4,1,0,0.37142204221778125,0.10583333333333333,3.509499611506594
U001,28.61231389652705,77.2040518031657,2025-01-10 01:53:24,1,10,4,1,0,0.6335761448821148,0.3536111111111111,1.7917314387868133
U001,28.615363092102704,77.20549025394507,2025-01-10 01:54:53,1,10,4,1,0,0.3669799685463654,0.024722222222222222,14.844133559178825
U001,28.617410186050552,77.21369212724049,2025-01-10 02:21:54,2,10,4,1,0,0.8323319702761889,0.4502777777777778,1.848485560144528
U001,28.61434244637406,77.20725889047644,2025-01-10 02:34:52,2,10,4,1,0,0.7146328121971307,0.21611111111111111,3.306784220963587
U001,28.617104005574884,77.2084504490783,2025-01-10 02:47:17,2,10,4,1,0,0.328361263368614,0.20694444444444443,1.5867121451369268
U001,28.6178715577862,77.20919102512725,2025-01-10 03:35:20,3,10,4,1,0,0.11184755023279071,0.8008333333333333,0.13966395450504562
U001,28.617071698656066,77.2106992200875,2025-01-10 03:41:02,3,10,4,1,0,0.1719972504945301,0.095,1.8104973736266325
U001,28.61666324605453,77.21091642215444,2025-01-10 03:59:25,3,10,4,1,0,0.050122676037384725,0.3063888888888889,0.16359168969590662
U001,28.60905816913473,77.2112520786576,2025-01-10 04:25:02,4,10,4,1,0,0.8462804889679386,0.42694444444444446,1.9821794146288738
U001,28.61435173344845,77.20865550696342,2025-01-10 04:25:58,4,10,4,1,0,0.6408717052290683,0.015555555555555555,41.19889533615439
U001,28.612927086261813,77.2082218494324,2025-01-10 04:45:58,4,10,4,1,0,0.1639719128101208,0.3333333333333333,0.4919157384303624
U001,28.614496089560543,77.20561928239692,2025-01-10 05:08:25,5,10,4,1,0,0.30818606750734484,0.37416666666666665,0.8236598686165119
U001,28.61402909345093,77.20641846899271,2025-01-10 05:11:44,5,10,4,1,0,0.09371401379911509,0.05527777777777778,1.6953288928483132
U001,28.61221932235262,77.21100152636828,2025-01-10 05:14:39,5,10,4,1,0,0.4905519684100647,0.04861111111111111,10.091354778721332
U001,28.61351916547791,77.20613291733062,2025-01-10 05:35:28,5,10,4,1,0,0.4967432702202592,0.34694444444444444,1.431766031059194
U001,28.615621544021856,77.21181984867437,2025-01-10 05:53:49,5,10,4,1,0,0.6023380924690434,0.30583333333333335,1.969497850035019
U001,28.612339047900885,77.20833938634766,2025-01-10 06:14:33,6,10,4,1,0,0.498646058649702,0.34555555555555556,1.443027179372128
U001,28.61442271470461,77.20865017984342,2025-01-10 06:15:38,6,10,4,1,0,0.2336709776110572,0.018055555555555554,12.941777221535478
U001,28.614505690679707,77.21101326897713,2025-01-10 06:34:12,6,10,4,1,0,0.23085458913517384,0.30944444444444447,0.7460291928964324
U001,28.61306411589728,77.21190797775512,2025-01-10 06:42:26,6,10,4,1,0,0.1825442640292468,0.13722222222222222,1.3302820860430942
U001,28.61391011103232,77.20903494059009,2025-01-10 07:00:05,7,10,4,1,0,0.29580709893486345,0.2941666666666667,1.0055765402884875
U001,28.61437855077293,77.20874328610626,2025-01-10 07:45:18,7,10,4,1,0,0.05936067910265603,0.7536111111111111,0.07876831727591659
U001,28.61125633263935,77.20483383294626,2025-01-10 07:45:26,7,10,4,1,0,0.5159129473573008,0.0022222222222222222,232.16082631078535
U001,28.623672601889204,77.20816185530578,2025-01-10 08:15:16,8,10,4,1,0,1.4183290053713504,0.49722222222222223,2.852505262199364
U001,28.62074524864177,77.21416939704943,2025-01-10 08:16:28,8,10,4,1,0,0.6706648023530525,0.02,33.533240117652625
U001,28.620870772900066,77.21448436067243,2025-01-10 08:19:25,8,10,4,1,0,0.03376306880217012,0.049166666666666664,0.6867064841119347
U001,28.619310549513703,77.21407400662808,2025-01-10 08:47:17,8,10,4,1,0,0.17805262182315523,0.46444444444444444,0.383366889092918
U001,28.62851707629632,77.21725394169282,2025-01-10 09:29:49,9,10,4,1,0,1.0697359583551849,0.7088888888888889,1.5090319161750256
U001,28.625722112261546,77.21450954277923,2025-01-10 09:37:04,9,10,4,1,0,0.41028800244301894,0.12083333333333333,3.395486916769812
U001,28.63688184999896,77.22103205788285,2025-01-10 09:39:48,9,10,4,1,0,1.3946645803307183,0.04555555555555556,30.614588348723082
U001,28.630261884685083,77.2152604530285,2025-01-10 09:41:54,9,10,4,1,0,0.9269000910881479,0.035,26.482859745375652
U001,28.629775335842503,77.21875613475294,2025-01-10 10:13:05,10,10,4,1,0,0.34543921022183904,0.5197222222222222,0.6646612275780976
U001,28.631060797237108,77.21837617781165,2025-01-10 10:24:04,10,10,4,1,0,0.14766889970448005,0.18305555555555555,0.8066889816936694
U001,28.630532002096007,77.2164197519325,2025-01-10 10:33:38,10,10,4,1,0,0.19979278610888265,0.15944444444444444,1.253055801379752
U001,28.63000082900113,77.21739292175009,2025-01-10 10:41:00,10,10,4,1,0,0.1118473332313527,0.12277777777777778,0.910973754825497
U001,28.6319372155015,77.21976409985523,2025-01-10 11:27:39,11,10,4,1,0,0.31609792732346376,0.7775,0.40655681970863505
U001,28.63085064244739,77.21635768391096,2025-01-10 11:43:25,11,10,4,1,0,0.3537332606735408,0.2627777777777778,1.3461308017174913
U001,28.63236965472217,77.21802443476516,2025-01-10 11:56:33,11,10,4,1,0,0.23450235662520177,0.21888888888888888,1.071330563262343
U001,28.625792495274297,77.21940395886193,2025-01-10 12:01:07,12,10,4,1,0,0.7436373560054038,0.07611111111111112,9.770417816129392
U001,28.630572490690813,77.21661588755823,2025-01-10 12:41:47,12,10,4,1,0,0.5971204160162601,0.6777777777777778,0.8809973351059575
U001,28.62881401297257,77.21658273720425,2025-01-10 12:50:32,12,10,4,1,0,0.195560567371084,0.14583333333333334,1.3409867476874329
U001,28.629752194063474,77.21624875248706,2025-01-10 13:04:25,13,10,4,1,0,0.10929513061659112,0.2313888888888889,0.4723439018244034
U001,28.6272965171966,77.21937578832315,2025-01-10 13:25:36,13,10,4,1,0,0.4095226158402715,0.35305555555555557,1.1599381723249231
U001,28.62987873015709,77.2165614594598,2025-01-10 13:26:16,13,10,4,1,0,0.39735674554311434,0.011111111111111112,35.76210709888029
U001,28.63253541491328,77.21938807258118,2025-01-10 14:14:55,14,10,4,1,0,0.40419378620241064,0.8108333333333333,0.4984918226545661
U001,28.627839309524465,77.21849936383863,2025-01-10 14:36:02,14,10,4,1,0,0.5293378276221667,0.35194444444444445,1.5040380263928967
U001,28.63165548347277,77.21820102649649,2025-01-10 14:57:30,14,10,4,1,0,0.4253370153078234,0.35777777777777775,1.1888301670094443
U001,28.631079963689192,77.21905780256446,2025-01-10 15:00:27,15,10,4,1,0,0.10529767914436222,0.049166666666666664,2.1416477114107573
U001,28.62679283657936,77.2158593323914,2025-01-10 15:09:36,15,10,4,1,0,0.5698250716084279,0.1525,3.736557846612642
U001,28.63119038401975,77.21757769250239,2025-01-10 15:13:56,15,10,4,1,0,0.5169465832102682,0.07222222222222222,7.1577219213729455
U001,28.63182584840613,77.21686499376068,2025-01-10 15:22:47,15,10,4,1,0,0.09915242049642024,0.1475,0.6722197999757304
U001,28.629478209631426,77.21781927759761,2025-01-10 16:06:48,16,10,4,1,0,0.2771628589790574,0.7336111111111111,0.37780624472722707
U001,28.62981249420173,77.21960798014105,2025-01-10 16:07:09,16,10,4,1,0,0.17849015072535424,0.005833333333333334,30.598311552917867
U001,28.62694257248937,77.21729920954563,2025-01-10 16:57:30,16,10,4,1,0,0.39066004878082106,0.8391666666666666,0.46553332526016417
U001,28.62990102944033,77.2183809085438,2025-01-10 17:30:08,17,10,4,1,0,0.3454913309893235,0.5438888888888889,0.635224101921126
U001,28.632547538492183,77.21757229078257,2025-01-10 17:34:58,17,10,4,1,0,0.30467700605688885,0.08055555555555556,3.782197316568275
U001,28.632753258470583,77.21620044366439,2025-01-10 17:45:41,17,10,4,1,0,0.13582809550561067,0.1786111111111111,0.7604683418665605
U001,28.628576671834,77.21804875955799,2025-01-10 17:50:54,17,10,4,1,0,0.4982201020489713,0.08694444444444445,5.730327052320437
U001,28.630803371148733,77.21724034997163,2025-01-10 17:52:07,17,10,4,1,0,0.25986514455199355,0.020277777777777777,12.815267402564066
U001,28.63594498397576,77.2172399742201,2025-01-10 18:31:28,18,10,4,1,0,0.5717212623122226,0.6558333333333334,0.8717477951393483
U001,28.63001687111088,77.21710171517351,2025-01-10 18:32:47,18,10,4,1,0,0.6593141706562564,0.021944444444444444,30.044696384335737
U001,28.630878597242933,77.21818746382054,2025-01-10 18:51:23,18,10,4,1,0,0.14286564711013092,0.31,0.46085692616171264
U001,28.629645680853496,77.22010834608635,2025-01-10 18:52:31,18,10,4,1,0,0.2322545784550724,0.01888888888888889,12.29583062409207
U001,28.62274069663372,77.214561865874,2025-01-10 19:03:12,19,10,4,1,0,0.9394563702398145,0.17805555555555555,5.276198023187726
U001,28.621699595642035,77.20967758641713,2025-01-10 19:05:08,19,10,4,1,0,0.4905921090806343,0.03222222222222222,15.225272350778305
U001,28.62447721630558,77.21345815585128,2025-01-10 19:14:30,19,10,4,1,0,0.48120463091575644,0.15611111111111112,3.0824495930546676
U001,28.59823533139226,77.20501587146711,2025-01-10 20:11:12,20,10,4,1,0,3.0321066145153113,0.945,3.2085784280585306
U001,28.601729540263143,77.20338120990797,2025-01-10 20:20:17,20,10,4,1,0,0.4200359435665507,0.15138888888888888,2.774549351999234
U001,28.597961956181667,77.20447555910498,2025-01-10 20:38:54,20,10,4,1,0,0.43234480045398727,0.31027777777777776,1.3934120695025554
U001,28.597715602176542,77.20634301673651,2025-01-10 20:52:50,20,10,4,1,0,0.18436494184499325,0.23222222222222222,0.793916017514325
U001,28.61433148419867,77.20977089245218,2025-01-10 21:07:55,21,10,4,1,0,1.877661541566723,0.2513888888888889,7.469150883580335
U001,28.612766958307496,77.2061984558131,2025-01-10 21:31:07,21,10,4,1,0,0.38970733448446465,0.38666666666666666,1.0078637960805121
U001,28.611651837934662,77.20756842360177,2025-01-10 21:45:42,21,10,4,1,0,0.18237002803356184,0.24305555555555555,0.7503224010523687
U001,28.61331212517188,77.20737196908824,2025-01-10 22:04:40,22,10,4,1,0,0.1856088576187758,0.3161111111111111,0.5871633457184472
U001,28.61226794536241,77.20946433388737,2025-01-10 22:05:24,22,10,4,1,0,0.23494206014636837,0.012222222222222223,19.222532193793775
U001,28.613200220218403,77.21101423413367,2025-01-10 22:29:37,22,10,4,1,0,0.18340173775977237,0.4036111111111111,0.45440210319007607
U001,28.61274862579064,77.20908554525889,2025-01-10 22:57:34,22,10,4,1,0,0.19485095079317674,0.4658333333333333,0.418284688643671
U001,28.61192155126259,77.21199087437867,2025-01-10 23:00:14,23,10,4,1,0,0.29814459366093193,0.044444444444444446,6.708253357370968
U001,28.610215455725847,77.20733650670023,2025-01-10 23:03:34,23,10,4,1,0,0.4923608274763165,0.05555555555555555,8.862494894573697
U001,28.611236532038088,77.21248652972251,2025-01-10 23:26:12,23,10,4,1,0,0.5153927861529797,0.37722222222222224,1.3662842637339667
U001,28.6151055896004,77.21024352061346,2025-01-10 23:52:57,23,10,4,1,0,0.48273033923098974,0.44583333333333336,1.0827596393966124
U001,28.6125022564929,77.20984481249762,2025-01-11 00:11:54,0,11,5,1,1,0.2920820517893271,0.31583333333333335,0.9247980531588192
U001,28.61055664026528,77.20863514955646,2025-01-11 00:18:31,0,11,5,1,1,0.24647061647686097,0.11027777777777778,2.2349980335433237
U001,28.614382500073702,77.209861302549,2025-01-11 00:24:09,0,11,5,1,1,0.4419333170187255,0.09388888888888888,4.706982074755657
U001,28.61629596449985,77.21329108776246,2025-01-11 00:38:42,0,11,5,1,1,0.39668054321929963,0.2425,1.6357960545125758
U001,28.614368030171683,77.21169116156393,2025-01-11 01:11:14,1,11,5,1,1,0.2652310041322382,0.5422222222222223,0.48915554040781634
U001,28.61199429791393,77.20707759658796,2025-01-11 01:15:47,1,11,5,1,1,0.5220019011653864,0.07583333333333334,6.883541553829271
U001,28.61518680217907,77.20959856338108,2025-01-11 01:27:57,1,11,5,1,1,0.4319433425848616,0.20277777777777778,2.1301315524732902
U001,28.616886671041684,77.20923236630976,2025-01-11 01:56:38,1,11,5,1,1,0.1923670417640684,0.47805555555555557,0.40239474163314715
U001,28.61417651466523,77.209983133091,2025-01-11 02:12:32,2,11,5,1,1,0.3101384108979557,0.265,1.1703336260300214
U001,28.61247200479976,77.20711807219054,2025-01-11 02:26:56,2,11,5,1,1,0.3378452860408996,0.24,1.4076886918370817
U001,28.612870248031967,77.21237662255521,2025-01-11 02:30:44,2,11,5,1,1,0.5152224520897745,0.06333333333333334,8.135091348785911
U001,28.61394118586501,77.20582276959163,2025-01-11 02:31:15,2,11,5,1,1,0.650741616672931,0.008611111111111111,75.56999419427585
U001,28.616262289307286,77.20544186111046,2025-01-11 02:49:49,2,11,5,1,1,0.26075941094286054,0.30944444444444447,0.8426695506232477
U001,28.61468648565014,77.20983060947812,2025-01-11 03:35:43,3,11,5,1,1,0.46284734534420346,0.765,0.605029209600266
U001,28.614204979232365,77.20932609803818,2025-01-11 03:48:26,3,11,5,1,1,0.07274573655160123,0.21194444444444444,0.34323021177688656
U001,28.613140472758896,77.20860035625144,2025-01-11 03:49:18,3,11,5,1,1,0.1379479663127922,0.014444444444444444,9.550243821654844
U001,28.611031080019,77.20730225905392,2025-01-11 03:50:25,3,11,5,1,1,0.2665936689862786,0.01861111111111111,14.32443594553139
U001,28.613005904576685,77.21033255259992,2025-01-11 04:01:36,4,11,5,1,1,0.3684030479242229,0.18638888888888888,1.9765290201597654
U001,28.61176535973683,77.20837057138412,2025-01-11 04:06:18,4,11,5,1,1,0.23602560136484557,0.07833333333333334,3.013092783381007
U001,28.61535080556768,77.2096127347214,2025-01-11 04:24:38,4,11,5,1,1,0.4167143097966203,0.3055555555555556,1.3637922866071208
U001,28.61083796223786,77.20719576411116,2025-01-11 04:48:23,4,11,5,1,1,0.5545023213808135,0.3958333333333333,1.4008479698041605
U001,28.614687971429166,77.21114334440382,2025-01-11 04:55:26,4,11,5,1,1,0.5759872811978254,0.1175,4.902019414449578
U001,28.61482929268941,77.21133059854083,2025-01-11 05:17:18,5,11,5,1,1,0.024104798096441962,0.36444444444444446,0.06614121428901758
U001,28.61201109271432,77.21162883061734,2025-01-11 05:35:25,5,11,5,1,1,0.31471887238621316,0.30194444444444446,1.0423072130546158
U001,28.614279383526284,77.21034133121813,2025-01-11 05:45:33,5,11,5,1,1,0.281800357620893,0.1688888888888889,1.668554749071077
U001,28.61703820317639,77.2083250153326,2025-01-11 05:50:12,5,11,5,1,1,0.36447658279683676,0.0775,4.702923648991442
U001,28.616962291893515,77.21096386508776,2025-01-11 05:54:34,5,11,5,1,1,0.25772023158219765,0.07277777777777777,3.5411940217401203
U001,28.614748061706525,77.20985917380028,2025-01-11 06:25:58,6,11,5,1,1,0.2687891596083196,0.5233333333333333,0.5136098591241777
U001,28.61973527700615,77.20895329881884,2025-01-11 06:33:47,6,11,5,1,1,0.5615583687575662,0.13027777777777777,4.310469355068738
U001,28.61348153900756,77.20948649672509,2025-01-11 06:42:56,6,11,5,1,1,0.6973289401840408,0.1525,4.572648788092071
U001,28.61160672370963,77.20650683268585,2025-01-11 06:52:34,6,11,5,1,1,0.35785505230269227,0.16055555555555556,2.22885499704099
U001,28.61429086049593,77.20972380859862,2025-01-11 06:53:45,6,11,5,1,1,0.43323436083727,0.01972222222222222,21.96681266217144
U001,28.61359541377736,77.20893682402499,2025-01-11 07:25:08,7,11,5,1,1,0.10900187737126121,0.5230555555555556,0.2083944548786725
U001,28.613551326351352,77.20861412599436,2025-01-11 07:30:04,7,11,5,1,1,0.031879237908915704,0.08222222222222222,0.3877204610543802
U001,28.613976486618693,77.21011494532678,2025-01-11 07:51:00,7,11,5,1,1,0.15394066622339006,0.3488888888888889,0.44123120892054474
U001,28.612692527275453,77.20934861672919,2025-01-11 08:02:04,8,11,5,1,1,0.16118003241205614,0.18444444444444444,0.8738676456075333
U001,28.613280195719994,77.21038528885535,2025-01-11 08:04:24,8,11,5,1,1,0.12045946738353625,0.03888888888888889,3.097529161290932
U001,28.61322300744046,77.20971511139709,2025-01-11 08:25:15,8,11,5,1,1,0.06572766879094968,0.3475,0.18914437062143796
U001,28.61369043054501,77.20952157215902,2025-01-11 08:28:27,8,11,5,1,1,0.0553021438205744,0.05333333333333334,1.03691519663577
U001,28.607811121330005,77.20787901081819,2025-01-11 09:01:52,9,11,5,1,1,0.673125462677864,0.5569444444444445,1.2086043220151172
U001,28.61372758972925,77.2049367869672,2025-01-11 09:16:31,9,11,5,1,1,0.7178428636284762,0.24416666666666667,2.939970772539834
U001,28.613603995476826,77.21161469421128,2025-01-11 09:51:42,9,11,5,1,1,0.6520057932797766,0.5863888888888888,1.1118999790654647
U001,28.6162138200478,77.21079773838977,2025-01-11 09:57:42,9,11,5,1,1,0.30095681384952905,0.1,3.00956813849529
U001,28.62629765064573,77.19692807020753,2025-01-11 10:14:04,10,11,5,1,1,1.757833412898704,0.2727777777777778,6.4441958110339455
U001,28.62391758445957,77.19332414514433,2025-01-11 10:39:06,10,11,5,1,1,0.44019704105666163,0.4172222222222222,1.0550661436777509
U001,28.624128445825075,77.19649034940892,2025-01-11 10:52:41,10,11,5,1,1,0.30992531166908727,0.2263888888888889,1.3689952417284836
U001,28.62614718275848,77.1953471117734,2025-01-11 10:54:16,10,11,5,1,1,0.25067778540308433,0.02638888888888889,9.499368710011616
U001,28.627707198175223,77.19494787665111,2025-01-11 10:56:38,10,11,5,1,1,0.17778850164014723,0.03944444444444444,4.50731412608824
U001,28.626870335268,77.19364448921229,2025-01-11 11:03:14,11,11,5,1,1,0.15761466709795152,0.11,1.4328606099813774
U001,28.62507141880708,77.19633763643759,2025-01-11 11:06:05,11,11,5,1,1,0.3303139453466239,0.0475,6.95397779677103
U001,28.62618541231816,77.19130416157074,2025-01-11 11:10:52,11,11,5,1,1,0.5066599203161979,0.07972222222222222,6.355316073652657
U001,28.62667509029616,77.19271365773933,2025-01-11 11:21:05,11,11,5,1,1,0.1479541981324375,0.17027777777777778,0.8688990428658645
U001,28.626049429939943,77.19344897380896,2025-01-11 11:36:40,11,11,5,1,1,0.09995394765807973,0.25972222222222224,0.38484942413806095
U001,28.62486844656758,77.19650576993878,2025-01-11 12:15:40,12,11,5,1,1,0.32597553718329475,0.65,0.501500826435838
U001,28.62348579787924,77.19657607371396,2025-01-11 12:29:09,12,11,5,1,1,0.15389657765850792,0.2247222222222222,0.6848302590489846
U001,28.62485090270475,77.19279899378192,2025-01-11 12:53:10,12,11,5,1,1,0.3986878964279322,0.4002777777777778,0.99602805492058
U001,28.59754090724979,77.20574402251783,2025-01-11 13:01:27,13,11,5,1,1,3.2891587995920246,0.13805555555555554,23.824892713342635
U001,28.595351390192388,77.20523815806109,2025-01-11 13:23:37,13,11,5,1,1,0.2484219830497135,0.36944444444444446,0.6724204052473448
U001,28.599453424879496,77.20573819923204,2025-01-11 13:43:28,13,11,5,1,1,0.45873053413077025,0.3308333333333333,1.3865910351559807
U001,28.59791936849091,77.20330037862296,2025-01-11 13:43:57,13,11,5,1,1,0.29281671411965127,0.008055555555555555,36.349661063129126
U001,28.59718971620963,77.20435807928972,2025-01-11 13:46:31,13,11,5,1,1,0.13132354991523212,0.042777777777777776,3.0699011668495824
U001,28.60274224522289,77.2071566360179,2025-01-11 14:09:11,14,11,5,1,1,0.6751633784295814,0.37777777777777777,1.7871971781959508
U001,28.600796962336915,77.2020191739635,2025-01-11 14:34:56,14,11,5,1,1,0.546203590668074,0.42916666666666664,1.2727073957314345
U001,28.597418141955927,77.20603678538328,2025-01-11 14:50:01,14,11,5,1,1,0.5431408354014041,0.2513888888888889,2.1605602292210553
U001,28.597530870247223,77.20291273693012,2025-01-11 15:30:01,15,11,5,1,1,0.30525706464437047,0.6666666666666666,0.45788559696655573
U001,28.60199211600314,77.20613923643732,2025-01-11 15:41:41,15,11,5,1,1,0.5876267558150925,0.19444444444444445,3.0220804584776184
U001,28.6006307121868,77.20551791716044,2025-01-11 15:45:41,15,11,5,1,1,0.16308136299931256,0.06666666666666667,2.4462204449896885
U001,28.60200257239856,77.20513170018575,2025-01-11 15:51:55,15,11,5,1,1,0.15713463740440636,0.10388888888888889,1.5125259215397404
U001,28.59993676733016,77.20583970310048,2025-01-11 15:51:57,15,11,5,1,1,0.23988093775060837,0.0005555555555555556,431.78568795109504
U001,28.59833902845902,77.20091650757809,2025-01-11 16:10:34,16,11,5,1,1,0.512425570825591,0.31027777777777776,1.6515058683725405
U001,28.600706893117906,77.20090918655829,2025-01-11 16:45:34,16,11,5,1,1,0.2632955071493474,0.5833333333333334,0.4513637265417384
U001,28.60076931831173,77.20366061961256,2025-01-11 16:54:35,16,11,5,1,1,0.2687026356691973,0.1502777777777778,1.788039719795028
U001,28.59806780463904,77.21063446791169,2025-01-11 16:56:09,16,11,5,1,1,0.744165276053492,0.026111111111111113,28.49994674247416
U001,28.639670387857723,77.22470256527538,2025-01-11 17:33:01,17,11,5,1,1,4.825502271370056,0.6144444444444445,7.853439501325589
U001,28.63954699789772,77.22501557195498,2025-01-11 17:42:11,17,11,5,1,1,0.033486321278460913,0.1527777777777778,0.21918319382265322
U001,28.639398533383225,77.22505983877052,2025-01-11 17:59:23,17,11,5,1,1,0.01706438395266326,0.2866666666666667,0.059526920765104394
U001,28.642302195252466,77.22795741191638,2025-01-11 18:01:43,18,11,5,1,1,0.42919305027153115,0.03888888888888889,11.036392721267944
U001,28.64128691340413,77.22963405007863,2025-01-11 18:26:36,18,11,5,1,1,0.19878819078963095,0.4147222222222222,0.4793285243420438
U001,28.640637612454714,77.22560478197965,2025-01-11 18:40:03,18,11,5,1,1,0.3997863307178876,0.22416666666666665,1.783433445581655
U001,28.64136647830412,77.23323900274448,2025-01-11 18:45:23,18,11,5,1,1,0.749412324107736,0.08888888888888889,8.43088864621203
U001,28.63843104902994,77.22381259416913,2025-01-11 19:01:52,19,11,5,1,1,0.9761155976349285,0.2747222222222222,3.5531002542828545
U001,28.63990237420388,77.22579451996475,2025-01-11 19:04:15,19,11,5,1,1,0.2533311741110223,0.03972222222222222,6.377568019578184
U001,28.640604070112467,77.22492669585036,2025-01-11 19:07:31,19,11,5,1,1,0.11515397475675314,0.05444444444444444,2.1150730057362823
U001,28.64240762051772,77.22617428025347,2025-01-11 19:56:19,19,11,5,1,1,0.2346095619317485,0.8133333333333334,0.2884543794242809
U001,28.64061896136129,77.22264352967204,2025-01-11 20:41:38,20,11,5,1,1,0.3978436840815736,0.7552777777777778,0.5267514757975965
U001,28.64060316476687,77.22731310612826,2025-01-11 20:42:14,20,11,5,1,1,0.4557050173003413,0.01,45.57050173003413
U001,28.63841180478237,77.22871062780446,2025-01-11 20:43:30,20,11,5,1,1,0.2792400108645094,0.021111111111111112,13.227158409371498
U001,28.63704252798925,77.22690235564089,2025-01-11 20:51:56,20,11,5,1,1,0.23307698747209538,0.14055555555555554,1.6582552468370424
U001,28.64120534832077,77.22406776804131,2025-01-11 20:59:43,20,11,5,1,1,0.539245924942055,0.1297222222222222,4.156927901052245
U001,28.615815754776783,77.20869540185173,2025-01-11 21:08:42,21,11,5,1,1,3.1971061852616636,0.14972222222222223,21.353584910838567
U001,28.615918171598526,77.20836914714333,2025-01-11 21:09:43,21,11,5,1,1,0.0338215011857126,0.016944444444444446,1.9960230207961533
U001,28.61609735264925,77.20503852474495,2025-01-11 21:11:45,21,11,5,1,1,0.3257199099385178,0.03388888888888889,9.61140717851364
U001,28.614746360457207,77.2129553712607,2025-01-11 21:25:04,21,11,5,1,1,0.7872522473204839,0.22194444444444444,3.5470689491285885
U001,28.61370158875695,77.2096297208752,2025-01-11 22:08:34,22,11,5,1,1,0.3447912059416136,0.725,0.4755740771608464
U001,28.612363435546108,77.21127429386003,2025-01-11 22:14:38,22,11,5,1,1,0.21888755884202937,0.10111111111111111,2.1648220105255653
U001,28.61320849470661,77.21185188575944,2025-01-11 22:30:54,22,11,5,1,1,0.10958365162171159,0.27111111111111114,0.40420199368664106
U001,28.61390048644924,77.20946755213382,2025-01-11 23:01:32,23,11,5,1,1,0.24513535305798462,0.5105555555555555,0.48013453264893613
U001,28.615694399457222,77.2078174866006,2025-01-11 23:09:30,23,11,5,1,1,0.2563844868936828,0.13277777777777777,1.930929189994264
U001,28.61228734073553,77.213102133989,2025-01-11 23:45:19,23,11,5,1,1,0.6400264690666303,0.5969444444444445,1.0721709114192037
U001,28.61084740813588,77.20941885403595,2025-01-11 23:55:29,23,11,5,1,1,0.39358818338806,0.16944444444444445,2.322815508519698
U001,28.61719760525,77.2068603275065,2025-01-12 00:14:47,0,12,6,1,1,0.7489761437320973,0.32166666666666666,2.328423244762997
U001,28.611197602888065,77.2092104381047,2025-01-12 00:18:20,0,12,6,1,1,0.7055081092765317,0.059166666666666666,11.924080720166733
U001,28.612489370487587,77.21350089359291,2025-01-12 00:32:16,0,12,6,1,1,0.4427646465757493,0.23222222222222222,1.906642018747246
U001,28.61520395997011,77.20958894114673,2025-01-12 00:35:08,0,12,6,1,1,0.4867563969714782,0.04777777777777778,10.187924587775125
U001,28.613864944912923,77.20893568927391,2025-01-12 00:46:56,0,12,6,1,1,0.16197185474242207,0.19666666666666666,0.8235857020801123
U001,28.61279852216177,77.20622069003313,2025-01-12 01:17:32,1,12,6,1,1,0.29034337743494615,0.51,0.5693007400685218
U001,28.61394946892694,77.2085743424614,2025-01-12 01:27:02,1,12,6,1,1,0.2629913111017672,0.15833333333333333,1.660997754326951
U001,28.61374322849079,77.20806293237824,2025-01-12 01:33:06,1,12,6,1,1,0.054936525554910694,0.10111111111111111,0.543328274718897
U001,28.613449486153616,77.2064095005122,2025-01-12 01:36:38,1,12,6,1,1,0.1646709613583557,0.058888888888888886,2.796299343821135
U001,28.614811068109606,77.20765077915783,2025-01-12 01:48:48,1,12,6,1,1,0.19391632995488406,0.20277777777777778,0.9562997093665515
U001,28.61294518260599,77.21007341137519,2025-01-12 02:08:39,2,12,6,1,1,0.3145969482335442,0.3308333333333333,0.9509227654414436
U001,28.61342539146348,77.20863648813616,2025-01-12 02:09:52,2,12,6,1,1,0.15008517935988505,0.020277777777777777,7.401460899939537
U001,28.612724339159715,77.20673529571603,2025-01-12 02:14:04,2,12,6,1,1,0.20129224823100636,0.07,2.8756035461572336
U001,28.61302640472264,77.20579724164638,2025-01-12 02:24:51,2,12,6,1,1,0.0975343001535559,0.17972222222222223,0.5426947149193219
U001,28.617268860503813,77.20960745972909,2025-01-12 02:35:38,2,12,6,1,1,0.6007231232924476,0.17972222222222223,3.3425088776704968
U001,28.61221056363835,77.21076330902775,2025-01-12 03:36:16,3,12,6,1,1,0.5736616180808106,1.0105555555555557,0.5676695506022315
U001,28.608336890220794,77.20517685102712,2025-01-12 03:53:14,3,12,6,1,1,0.694926941064846,0.2827777777777778,2.457501952685113
U001,28.61063584651891,77.21379318008745,2025-01-12 03:53:37,3,12,6,1,1,0.8791008158282798,0.006388888888888889,137.5983885644264
U001,28.614060530437698,77.20787013486071,2025-01-12 04:16:12,4,12,6,1,1,0.692321844935239,0.3763888888888889,1.839379071414657
U001,28.61199418720373,77.20736400633741,2025-01-12 04:31:00,4,12,6,1,1,0.23501862743150018,0.24666666666666667,0.9527782193168925
U001,28.609728642395883,77.21308949310304,2025-01-12 04:32:58,4,12,6,1,1,0.6130561707329115,0.03277777777777778,18.703408598631196
U001,28.61377648304117,77.21090550317014,2025-01-12 04:37:46,4,12,6,1,1,0.4980368575175513,0.08,6.225460718969391
U001,28.61380610448132,77.20809832930652,2025-01-12 04:51:45,4,12,6,1,1,0.27404049263374136,0.23305555555555554,1.1758590863903087
U001,28.61515436437996,77.20773620710568,2025-01-12 05:35:06,5,12,6,1,1,0.15403049833575558,0.7225,0.21319100115675513
U001,28.615868235315247,77.20949589613879,2025-01-12 05:37:45,5,12,6,1,1,0.18922295591861074,0.04416666666666667,4.28429334155345
U001,28.613787651731048,77.20556202913116,2025-01-12 05:45:34,5,12,6,1,1,0.448305442448017,0.13027777777777777,3.441150517724651
U001,28.616861273397785,77.21095996501944,2025-01-12 05:57:45,5,12,6,1,1,0.628044883166762,0.20305555555555554,3.0929706968540946
U001,28.614756443454134,77.21332331105087,2025-01-12 06:19:06,6,12,6,1,1,0.3286284257485069,0.35583333333333333,0.9235459271620804
U001,28.61054369024396,77.20888059154909,2025-01-12 06:40:37,6,12,6,1,1,0.6383649966341423,0.3586111111111111,1.7801037861215432
U001,28.61504585582724,77.20926877452357,2025-01-12 06:43:57,6,12,6,1,1,0.5020500019737957,0.05555555555555555,9.036900035528323
U001,28.61211741010356,77.20970171191476,2025-01-12 07:07:42,7,12,6,1,1,0.3283592373776086,0.3958333333333333,0.8295391260065902
U001,28.610360895032027,77.2089390636214,2025-01-12 07:08:20,7,12,6,1,1,0.2090228915666489,0.010555555555555556,19.80216867473516
U001,28.61492046964749,77.20725653867606,2025-01-12 07:55:02,7,12,6,1,1,0.5329404628767913,0.7783333333333333,0.684720080783886
U001,28.612669708359896,77.20860483386754,2025-01-12 08:00:27,8,12,6,1,1,0.28276968278949716,0.09027777777777778,3.132218024745199
U001,28.614630926797947,77.21205976231066,2025-01-12 08:40:30,8,12,6,1,1,0.40161708905791543,0.6675,0.6016735416597985
U001,28.61295645745757,77.20934760805504,2025-01-12 08:43:58,8,12,6,1,1,0.3236630584623619,0.057777777777777775,5.601860627233187
U001,28.62761591865513,77.19351428731595,2025-01-12 09:33:38,9,12,6,1,1,2.2462302926222004,0.8277777777777777,2.7135667964563495
U001,28.62576207430541,77.19308103722224,2025-01-12 09:42:21,9,12,6,1,1,0.21043060446361314,0.14527777777777778,1.4484706999407404
U001,28.62497972346612,77.19446917157227,2025-01-12 09:55:33,9,12,6,1,1,0.16101114753155324,0.22,0.7318688524161511
U001,28.6256768965848,77.19534029468855,2025-01-12 10:04:49,10,12,6,1,1,0.11506043338514743,0.15444444444444444,0.7449956118462784
U001,28.622501989696747,77.19296709385316,2025-01-12 10:14:23,10,12,6,1,1,0.4222415078676918,0.15944444444444444,2.6482045789611335
U001,28.62607838356421,77.1955974896654,2025-01-12 10:29:55,10,12,6,1,1,0.4733516255687326,0.2588888888888889,1.8283968369607697
U001,28.62290464283361,77.19585304036876,2025-01-12 10:30:50,10,12,6,1,1,0.35378423923704566,0.015277777777777777,23.15678656824299
U001,28.625610258127104,77.19515721066469,2025-01-12 10:50:04,10,12,6,1,1,0.30842139660349277,0.32055555555555554,0.9621464712067366
U001,28.62387815912527,77.19166270833414,2025-01-12 11:38:58,11,12,6,1,1,0.3917006586336689,0.815,0.4806143050719864
U001,28.62247935107656,77.19412151651015,2025-01-12 11:54:19,11,12,6,1,1,0.2859891418464525,0.25583333333333336,1.1178728671522573
U001,28.62623404924236,77.19391445417219,2025-01-12 11:56:50,11,12,6,1,1,0.41799226315477994,0.041944444444444444,9.965378459319258
U001,28.601249739786795,77.20475346682782,2025-01-12 12:17:37,12,12,6,1,1,2.9727859174689732,0.3463888888888889,8.582220772163836
U001,28.60180358167745,77.20393862577642,2025-01-12 12:18:32,12,12,6,1,1,0.10060202911109561,0.015277777777777777,6.584860087271713
U001,28.59790880128334,77.20638076286482,2025-01-12 12:51:25,12,12,6,1,1,0.4943702760164238,0.5480555555555555,0.9020440920725422
U001,28.60265790246887,77.20277959708987,2025-01-12 13:03:40,13,12,6,1,1,0.6344023691732834,0.20416666666666666,3.1072769102364903
U001,28.601700940108707,77.20305671543551,2025-01-12 13:10:15,13,12,6,1,1,0.10979461148810457,0.10972222222222222,1.0006597502713328
U001,28.59842435786761,77.20820310135794,2025-01-12 13:32:16,13,12,6,1,1,0.6206256934471416,0.36694444444444446,1.6913342137847915
U001,28.59854783861366,77.20543769104614,2025-01-12 13:55:53,13,12,6,1,1,0.2703322162345391,0.39361111111111113,0.6868002670743407
U001,28.6003796022094,77.2036031232245,2025-01-12 14:00:00,14,12,6,1,1,0.2712290451420011,0.06861111111111111,3.9531358806121615
U001,28.60042051580349,77.20213905544205,2025-01-12 14:28:40,14,12,6,1,1,0.14300475369018645,0.4777777777777778,0.2993122751655065
U001,28.600052662380502,77.19830746843125,2025-01-12 14:55:11,14,12,6,1,1,0.37629618037065393,0.4419444444444444,0.851455844961882
U001,28.60098340492344,77.20668336524243,2025-01-12 15:09:04,15,12,6,1,1,0.8242351015706904,0.2313888888888889,3.562120486980174
U001,28.59971433130714,77.2056294501295,2025-01-12 15:26:18,15,12,6,1,1,0.17464183230292266,0.2872222222222222,0.6080373271668488
U001,28.600823425192704,77.2090924824537,2025-01-12 15:27:09,15,12,6,1,1,0.35987635288594066,0.014166666666666666,25.403036674301696
U001,28.5978611208444,77.20759816336889,2025-01-12 15:47:51,15,12,6,1,1,0.36025402024319186,0.345,1.0442145514295418
U001,28.599202596601707,77.20667467972756,2025-01-12 15:56:20,15,12,6,1,1,0.1742952345593648,0.1413888888888889,1.2327364330328354
U001,28.640740894548568,77.22604141858059,2025-01-12 16:06:20,16,12,6,1,1,4.990713897451866,0.16666666666666666,29.9442833847112
U001,28.64090660211175,77.22562956898484,2025-01-12 16:08:02,16,12,6,1,1,0.04421445097791114,0.028333333333333332,1.560510034514511
U001,28.639419725139955,77.22591913879361,2025-01-12 16:43:24,16,12,6,1,1,0.1677308420956585,0.5894444444444444,0.2845575077965931
U001,28.637875514654265,77.2192315036826,2025-01-12 16:45:24,16,12,6,1,1,0.6748648388357971,0.03333333333333333,20.245945165073913
U001,28.639093515918773,77.22705681955907,2025-01-12 16:51:25,16,12,6,1,1,0.7756005817236101,0.10027777777777777,7.734521036578938
U001,28.641869873708067,77.22714545619252,2025-01-12 17:04:20,17,12,6,1,1,0.30883806040782846,0.2152777777777778,1.4346026031847514
U001,28.64248747329273,77.22898336100019,2025-01-12 17:26:53,17,12,6,1,1,0.19205528929622048,0.37583333333333335,0.5110118562205422
U001,28.63673864023907,77.22412398826911,2025-01-12 17:28:57,17,12,6,1,1,0.795940697479868,0.034444444444444444,23.107955733286488
U001,28.6403212915132,77.2246082693741,2025-01-12 17:50:17,17,12,6,1,1,0.40116633952687336,0.35555555555555557,1.1282803299193314
U001,28.64321515647469,77.22431742798045,2025-01-12 18:16:41,18,12,6,1,1,0.32303242171803265,0.44,0.7341645948137105
U001,28.6428274716168,77.22251449669093,2025-01-12 18:30:44,18,12,6,1,1,0.18114726676915002,0.23416666666666666,0.7735826338896087
U001,28.64080142016475,77.22483368654277,2025-01-12 18:35:03,18,12,6,1,1,0.31933919508779385,0.07194444444444445,4.438691514733814
U001,28.644422305820708,77.21750281529074,2025-01-12 18:48:09,18,12,6,1,1,0.8209182632403396,0.21833333333333332,3.7599309766733113
U001,28.641879535189247,77.22908616663044,2025-01-12 19:20:07,19,12,6,1,1,1.165210901441088,0.5327777777777778,2.1870486158435436
U001,28.64130457665666,77.22384266017716,2025-01-12 19:27:45,19,12,6,1,1,0.5156847769173086,0.1272222222222222,4.053417460485396
U001,28.641414282724583,77.22235281289166,2025-01-12 19:53:53,19,12,6,1,1,0.1459032691541797,0.43555555555555553,0.33498199550704527
U001,28.611578013078727,77.20594926965924,2025-01-12 20:26:34,20,12,6,1,1,3.6837536120233487,0.5447222222222222,6.76262774262318
U001,28.616732687235515,77.2078562382699,2025-01-12 20:31:12,20,12,6,1,1,0.6026431006719601,0.07722222222222222,7.804011375608117
U001,28.61381527806262,77.20732701819014,2025-01-12 20:32:54,20,12,6,1,1,0.32848851382113126,0.028333333333333332,11.593712252510516
U001,28.608296184135707,77.20713915065998,2025-01-12 20:37:14,20,12,6,1,1,0.613969196368635,0.07222222222222222,8.501111949719563
U001,28.614558594670743,77.20830866039499,2025-01-12 21:05:33,21,12,6,1,1,0.7056445675240638,0.47194444444444444,1.4951856639709415
U001,28.61285278175535,77.20908509187227,2025-01-12 21:15:23,21,12,6,1,1,0.20425944046684105,0.1638888888888889,1.2463287892891997
U001,28.61816953743323,77.2105001606747,2025-01-12 21:46:38,21,12,6,1,1,0.6071182778804501,0.5208333333333334,1.1656670935304643
U001,28.610834631712745,77.2083225993717,2025-01-12 21:47:04,21,12,6,1,1,0.8428476293444993,0.007222222222222222,116.70197944769991
U001,28.614223292961,77.20855078281834,2025-01-12 21:49:29,21,12,6,1,1,0.37745972516833204,0.04027777777777778,9.371413866248243
U001,28.611862587487984,77.2023706921976,2025-01-12 22:35:23,22,12,6,1,1,0.6579062127261325,0.765,0.8600081212106306
U001,28.615262410483314,77.20739773511603,2025-01-12 22:41:54,22,12,6,1,1,0.6194480164790119,0.10861111111111112,5.703357696481951
U001,28.614200871936067,77.20954701448187,2025-01-12 22:58:08,22,12,6,1,1,0.2407248280514687,0.27055555555555555,0.8897426909499869
U001,28.612996996172377,77.20736564971632,2025-01-12 23:09:12,23,12,6,1,1,0.2515160111786281,0.18444444444444444,1.3636410244624415
U001,28.613723028451748,77.21103398115754,2025-01-12 23:23:55,23,12,6,1,1,0.3670713312734307,0.2452777777777778,1.4965535589856744
U001,28.61239294557793,77.20875455335725,2025-01-12 23:24:34,23,12,6,1,1,0.2671762544290844,0.010833333333333334,24.662423485761636
U001,28.61415712120533,77.20741186322276,2025-01-12 23:26:28,23,12,6,1,1,0.23592390905704105,0.03166666666666667,7.450228707064453
U001,28.6128008570104,77.2110524089568,2025-01-12 23:58:43,23,12,6,1,1,0.38604666535494936,0.5375,0.718226354148743
U001,28.61597090253033,77.20814642206425,2025-01-13 00:02:40,0,13,0,1,0,0.4524565672870141,0.06583333333333333,6.872757984106544
U001,28.61508912312656,77.20994324571984,2025-01-13 00:21:42,0,13,0,1,0,0.20093879144688984,0.31722222222222224,0.6334322672581466
U001,28.61684480765052,77.20665655991014,2025-01-13 00:50:46,0,13,0,1,0,0.375550841937246,0.48444444444444446,0.7752196278521133
U001,28.61241278703717,77.21001709482036,2025-01-13 00:58:24,0,13,0,1,0,0.5920102717374791,0.1272222222222222,4.653355847718177
U001,28.615752227548896,77.20847271645474,2025-01-13 01:00:25,1,13,0,1,0,0.40076381947962164,0.03361111111111111,11.923551653939155
U001,28.612633879577533,77.208928979823,2025-01-13 01:04:23,1,13,0,1,0,0.34959310469706634,0.0661111111111111,5.28796292819092
U001,28.610488077781604,77.20840868364678,2025-01-13 01:18:44,1,13,0,1,0,0.24394798181606617,0.23916666666666667,1.0199915616002766
U001,28.61343598604563,77.20877829005246,2025-01-13 01:25:00,1,13,0,1,0,0.3297720723655042,0.10444444444444445,3.1573921822229125
U001,28.61510468073157,77.21008878387391,2025-01-13 01:46:18,1,13,0,1,0,0.2253732889100947,0.355,0.6348543349580132
U001,28.61431257868938,77.21023097678848,2025-01-13 02:07:52,2,13,0,1,0,0.08916467656574738,0.35944444444444446,0.2480624695801318
U001,28.613761485134543,77.20887035620173,2025-01-13 02:41:37,2,13,0,1,0,0.14627083166384452,0.5625,0.2600370340690569
U001,28.61098102351817,77.21044636405969,2025-01-13 02:54:06,2,13,0,1,0,0.34533435059687473,0.20805555555555555,1.6598179734963272
U001,28.612174366741566,77.2108487200704,2025-01-13 03:23:44,3,13,0,1,0,0.13838450512938452,0.4938888888888889,0.28019359868716776
U001,28.61184010282281,77.20785978208032,2025-01-13 03:26:41,3,13,0,1,0,0.294126377762659,0.049166666666666664,5.982231412121878
U001,28.614436468337427,77.21186181031695,2025-01-13 03:31:18,3,13,0,1,0,0.4857602644598731,0.07694444444444444,6.313129790814235
U001,28.614362424557022,77.20287252038061,2025-01-13 03:36:48,3,13,0,1,0,0.8775180248698519,0.09166666666666666,9.572923907671113
U001,28.61674031391044,77.20803116080427,2025-01-13 03:38:20,3,13,0,1,0,0.5687479092132733,0.025555555555555557,22.255352969215043
U001,28.61378901627253,77.20904903430124,2025-01-13 04:12:28,4,13,0,1,0,0.3428805461399407,0.5688888888888889,0.6027197100116145
U001,28.612201178301067,77.20962574442972,2025-01-13 04:42:46,4,13,0,1,0,0.18531720913234423,0.505,0.3669647705590975
U001,28.613447907758385,77.21036378068469,2025-01-13 04:59:16,4,13,0,1,0,0.15623239996416186,0.275,0.5681178180514976
U001,28.61288484900225,77.20803334895885,2025-01-13 05:23:22,5,13,0,1,0,0.23594365537021164,0.40166666666666667,0.587411590133307
U001,28.611516884952373,77.20994763221445,2025-01-13 05:40:02,5,13,0,1,0,0.24094812657243753,0.2777777777777778,0.8674132556607751
U001,28.609088884623738,77.21013384309443,2025-01-13 05:42:14,5,13,0,1,0,0.270592558776778,0.03666666666666667,7.379797057548491
U001,28.61469095939158,77.20897910796083,2025-01-13 05:44:58,5,13,0,1,0,0.6330388419844611,0.04555555555555556,13.895974580146708
U001,28.61392519729374,77.21319115189515,2025-01-13 05:52:08,5,13,0,1,0,0.4198787532045569,0.11944444444444445,3.5152639803172208
U001,28.613790851554874,77.20911143379303,2025-01-13 06:19:42,6,13,0,1,0,0.3985192205833609,0.45944444444444443,0.8673937086457675
U001,28.611580402366936,77.2124521258174,2025-01-13 06:39:27,6,13,0,1,0,0.4083581594437585,0.32916666666666666,1.2405817502088865
U001,28.61383632255952,77.20927996535637,2025-01-13 06:39:46,6,13,0,1,0,0.39850774986505666,0.005277777777777778,75.50673155337915
U001,28.61355255038094,77.21036967491244,2025-01-13 06:46:21,6,13,0,1,0,0.11095291384885472,0.10972222222222222,1.0112164300148785
U001,28.612925832982835,77.2084715049437,2025-01-13 07:03:32,7,13,0,1,0,0.19796132665505806,0.2863888888888889,0.6912325663998147
U001,28.611374209455526,77.20785145557934,2025-01-13 07:41:51,7,13,0,1,0,0.18284147114397664,0.6386111111111111,0.2863111335877842
U001,28.61184164720732,77.20595344527108,2025-01-13 07:48:38,7,13,0,1,0,0.19242964171513516,0.11305555555555556,1.7020803689790824
U001,28.617063352745284,77.20773912695286,2025-01-13 07:51:22,7,13,0,1,0,0.6062267803701268,0.04555555555555556,13.307417130075953
U001,28.623767691525824,77.21448051098199,2025-01-13 08:20:00,8,13,0,1,0,0.9943523780338118,0.4772222222222222,2.0836254720149725
U001,28.624283680601,77.2140673553835,2025-01-13 08:31:14,8,13,0,1,0,0.07012931435321944,0.18722222222222223,0.3745779401655637
U001,28.621442195425324,77.21290684971122,2025-01-13 08:37:36,8,13,0,1,0,0.33564943269563957,0.10611111111111111,3.1631883709536712
U001,28.62164979403864,77.21593280318262,2025-01-13 08:41:51,8,13,0,1,0,0.2962556400124656,0.07083333333333333,4.182432564881868
U001,28.61911135747525,77.21109655166495,2025-01-13 08:42:09,8,13,0,1,0,0.550009553758187,0.005,110.00191075163741
U001,28.62980551176292,77.21345091164274,2025-01-13 09:12:45,9,13,0,1,0,1.2111358307173659,0.51,2.3747761386615016
U001,28.629899962801908,77.22093759735287,2025-01-13 09:18:35,9,13,0,1,0,0.7307722996519412,0.09722222222222222,7.516515082134252
U001,28.63086308532243,77.2142287067417,2025-01-13 09:37:26,9,13,0,1,0,0.6634813481044161,0.31416666666666665,2.111876970093632
U001,28.631140701038586,77.21643186865535,2025-01-13 09:48:38,9,13,0,1,0,0.21722970081648094,0.18666666666666668,1.1637305400882907
U001,28.629991742815704,77.21834730452737,2025-01-13 10:15:45,10,13,0,1,0,0.22642961363102102,0.4519444444444444,0.5010120522874466
U001,28.62970791224619,77.21915948902131,2025-01-13 10:39:35,10,13,0,1,0,0.08532063191217228,0.3972222222222222,0.2147931992194547
U001,28.62799954425566,77.21651757020027,2025-01-13 10:59:20,10,13,0,1,0,0.32027079052643065,0.32916666666666666,0.9729745534980172
U001,28.624838006115013,77.21788855585922,2025-01-13 11:17:56,11,13,0,1,0,0.37615278688808657,0.31,1.2133960867357632
U001,28.63163572443064,77.22022346040715,2025-01-13 11:31:03,11,13,0,1,0,0.7894780401571524,0.21861111111111112,3.6113353806426285
U001,28.628717053167136,77.21642711149879,2025-01-13 11:39:36,11,13,0,1,0,0.4925572915291527,0.1425,3.4565423966958084
U001,28.630000770162017,77.220439614413,2025-01-13 11:46:40,11,13,0,1,0,0.4168235230967019,0.11777777777777777,3.5390676489342616
U001,28.625847062867603,77.2175648055595,2025-01-13 12:14:11,12,13,0,1,0,0.5404192557114784,0.45861111111111114,1.1783823867724543
U001,28.62929849530453,77.21749634922182,2025-01-13 12:25:19,12,13,0,1,0,0.3838399325956976,0.18555555555555556,2.06859843913849
U001,28.63506745517604,77.22044917765898,2025-01-13 12:28:37,12,13,0,1,0,0.7032409503083265,0.055,12.786199096515027
U001,28.63085480126289,77.21631319280878,2025-01-13 12:51:50,12,13,0,1,0,0.6183547171172273,0.3869444444444444,1.5980452129375582
U001,28.63114677676075,77.21716273604176,2025-01-13 13:09:28,13,13,0,1,0,0.08904381253070152,0.29388888888888887,0.30298461730673487
U001,28.6335411767518,77.22104663459523,2025-01-13 13:14:24,13,13,0,1,0,0.46321822127751766,0.08222222222222222,5.633735123645485
U001,28.63332510961971,77.21959255189579,2025-01-13 13:14:57,13,13,0,1,0,0.1439322841763967,0.009166666666666667,15.701703728334184
U001,28.626925176181885,77.21915491047213,2025-01-13 13:33:03,13,13,0,1,0,0.7129208332153698,0.3016666666666667,2.363273480271944
U001,28.631593216903106,77.21796970728455,2025-01-13 13:45:07,13,13,0,1,0,0.5317957654534121,0.2011111111111111,2.644288336508679
U001,28.63421792049016,77.22049882755232,2025-01-13 14:12:54,14,13,0,1,0,0.38223745915284013,0.46305555555555555,0.8254678182064934
U001,28.626739369079186,77.2199565074464,2025-01-13 14:13:26,14,13,0,1,0,0.833259765142602,0.008888888888888889,93.74172357854273
U001,28.63209269385481,77.2199656849615,2025-01-13 14:23:16,14,13,0,1,0,0.5952632296528867,0.1638888888888889,3.632114621610834
U001,28.62963952575176,77.21731450195212,2025-01-13 14:33:09,14,13,0,1,0,0.37598040275631,0.16472222222222221,2.2825117199371268
U001,28.630875181694066,77.21678883678752,2025-01-13 15:08:24,15,13,0,1,0,0.14666472960083857,0.5875,0.24964209293759757
U001,28.630068804307275,77.21507148317362,2025-01-13 15:24:48,15,13,0,1,0,0.1900883118486965,0.2733333333333333,0.6954450433488897
U001,28.63147164656166,77.2161088041775,2025-01-13 15:29:28,15,13,0,1,0,0.18596321354434936,0.07777777777777778,2.390955602713063
U001,28.62939505587764,77.21497761876212,2025-01-13 15:34:04,15,13,0,1,0,0.25594229789990475,0.07666666666666666,3.33837779869441
U001,28.629153874773923,77.215968581383,2025-01-13 16:27:21,16,13,0,1,0,0.10036723503449263,0.8880555555555556,0.11301909481519344
U001,28.6282837151154,77.22004998076787,2025-01-13 16:49:17,16,13,0,1,0,0.40992951732097244,0.3655555555555556,1.121387737352204
U001,28.6332447190386,77.21590140663645,2025-01-13 16:54:37,16,13,0,1,0,0.6842844273343862,0.08888888888888889,7.698199807511845
U001,28.630256530117904,77.21647106908706,2025-01-13 17:09:20,17,13,0,1,0,0.33689082339903786,0.2452777777777778,1.3735073207661792
U001,28.63329004162401,77.21677931025995,2025-01-13 17:10:04,17,13,0,1,0,0.33864996111799095,0.012222222222222223,27.707724091471984
U001,28.630857813763807,77.2168785417679,2025-01-13 17:27:50,17,13,0,1,0,0.2706247460253454,0.2961111111111111,0.9139297239129864
U001,28.631294191175755,77.2181896777361,2025-01-13 18:06:25,18,13,0,1,0,0.13685557913385887,0.6430555555555556,0.2128207710072967
U001,28.631054909737696,77.21644273942171,2025-01-13 18:38:25,18,13,0,1,0,0.17256173339442393,0.5333333333333333,0.3235532501145449
U001,28.628605753731016,77.21718155832612,2025-01-13 18:56:03,18,13,0,1,0,0.2817184307420047,0.29388888888888887,0.9585882331485983
U001,28.620518253555897,77.21564722372156,2025-01-13 19:03:42,19,13,0,1,0,0.9116732407985987,0.1275,7.150378359204695
U001,28.62096967021226,77.21270489619585,2025-01-13 19:10:30,19,13,0,1,0,0.29154814102081794,0.11333333333333333,2.5724835972425115
U001,28.619960414035955,77.21594738954649,2025-01-13 19:17:54,19,13,0,1,0,0.33580164890289693,0.12333333333333334,2.722716072185651
U001,28.61281893708796,77.20234534644501,2025-01-13 20:15:19,20,13,0,1,0,1.5470735780560767,0.9569444444444445,1.6166806621195575
U001,28.615428238446324,77.20734720621888,2025-01-13 20:25:19,20,13,0,1,0,0.5679542561195037,0.16666666666666666,3.407725536717022
U001,28.615254957701453,77.20590101743828,2025-01-13 20:35:52,20,13,0,1,0,0.1424756987143505,0.17583333333333334,0.8102883339204768
U001,28.615837826490967,77.20891840149814,2025-01-13 20:58:27,20,13,0,1,0,0.30158192947131446,0.3763888888888889,0.8012508827282155
U001,28.609202729605247,77.23014903762784,2025-01-13 21:10:01,21,13,0,1,0,2.1998516504704346,0.19277777777777777,11.411334209933091
U001,28.609066448075765,77.23003983331576,2025-01-13 21:42:43,21,13,0,1,0,0.01852787133794281,0.545,0.0339960941980602
U001,28.61224402930763,77.2309226993,2025-01-13 21:44:37,21,13,0,1,0,0.3636897712047644,0.03166666666666667,11.48494014330835
U001,28.61245135218756,77.23161436367691,2025-01-13 21:56:18,21,13,0,1,0,0.07134455800809605,0.1947222222222222,0.36639145339393125
U001,28.608845119476,77.23052689605063,2025-01-13 21:59:28,21,13,0,1,0,0.4148082103143981,0.05277777777777778,7.859523984904385
U001,28.60923489229225,77.23341768124786,2025-01-13 22:07:51,22,13,0,1,0,0.2855039684136452,0.13972222222222222,2.0433683624038226
U001,28.610733668428093,77.22565846419353,2025-01-13 22:19:01,22,13,0,1,0,0.7755567382817079,0.18611111111111112,4.1671705340509675
U001,28.611826672166,77.227775573983,2025-01-13 22:35:00,22,13,0,1,0,0.23975343660946954,0.2663888888888889,0.9000129007237647
U001,28.612794420299803,77.22890472625083,2025-01-13 22:44:35,22,13,0,1,0,0.15404143670382908,0.1597222222222222,0.9644333428413647
U001,28.614816738976103,77.20854499019434,2025-01-13 23:14:34,23,13,0,1,0,2.000085380543626,0.49972222222222223,4.002394313483632
U001,28.612615076437176,77.20803358162898,2025-01-13 23:27:19,23,13,0,1,0,0.2498516473881472,0.2125,1.1757724582971634
U001,28.6140467935212,77.20867491079392,2025-01-13 23:32:17,23,13,0,1,0,0.17106637617232945,0.08277777777777778,2.06657367188049
U001,28.615266471823137,77.20789513730496,2025-01-13 23:45:12,23,13,0,1,0,0.15552190417482042,0.2152777777777778,0.7224243290701335
U001,28.614734888924943,77.2103148071741,2025-01-13 23:55:51,23,13,0,1,0,0.24347601452248155,0.1775,1.3716958564646848
U001,28.613552301287307,77.20856542780194,2025-01-14 00:00:01,0,14,1,1,0,0.2155273499559899,0.06944444444444445,3.1035938393662543
U001,28.61595221202132,77.20873316985835,2025-01-14 00:05:25,0,14,1,1,0,0.2673597617982257,0.09,2.9706640199802856
U001,28.61524283657957,77.20842681966317,2025-01-14 00:06:03,0,14,1,1,0,0.084357094091783,0.010555555555555556,7.991724703432074
U001,28.612893559452004,77.20992992405913,2025-01-14 00:37:37,0,14,1,1,0,0.29961296919741004,0.5261111111111111,0.5694861082949716
U001,28.61636088855828,77.20987508194928,2025-01-14 00:54:35,0,14,1,1,0,0.38558656929022966,0.2827777777777778,1.3635674356039555
U001,28.6145548375214,77.21087397520944,2025-01-14 01:25:11,1,14,1,1,0,0.22324282869276052,0.51,0.4377310366524716
U001,28.61273281836213,77.2083006296547,2025-01-14 01:35:51,1,14,1,1,0,0.3227164657538332,0.17777777777777778,1.815280119865312
U001,28.612389272965668,77.20901924227023,2025-01-14 01:39:03,1,14,1,1,0,0.07987484425335233,0.05333333333333334,1.497653329750356
U001,28.61326445761169,77.2088394103918,2025-01-14 01:54:15,1,14,1,1,0,0.09888668781016496,0.25333333333333335,0.39034218872433535
U001,28.61490155705125,77.20861105937645,2025-01-14 02:11:58,2,14,1,1,0,0.18339678827248485,0.29527777777777775,0.6210991888814162
U001,28.6123904590351,77.20900426514554,2025-01-14 02:22:07,2,14,1,1,0,0.281847108731944,0.16916666666666666,1.6660912831444967
U001,28.61528065446893,77.20684799158457,2025-01-14 02:39:49,2,14,1,1,0,0.38416815644059416,0.295,1.3022649370867598
U001,28.61368537381057,77.20912008911701,2025-01-14 02:55:35,2,14,1,1,0,0.2840002345791365,0.2627777777777778,1.0807619920559104
U001,28.61369114937165,77.20801985551053,2025-01-14 03:32:50,3,14,1,1,0,0.10740071010942168,0.6208333333333333,0.17299443239101478
U001,28.61033400899324,77.20891032858243,2025-01-14 03:45:56,3,14,1,1,0,0.38328384075317623,0.21833333333333332,1.7554985072664562
U001,28.611510296949326,77.21120899940851,2025-01-14 03:51:18,3,14,1,1,0,0.2597279521144348,0.08944444444444444,2.9037907689812585
U001,28.61184096393662,77.20747792958447,2025-01-14 03:55:34,3,14,1,1,0,0.3660648601919594,0.07111111111111111,5.147787096449429
U001,28.61414390647303,77.20775116802082,2025-01-14 03:56:11,3,14,1,1,0,0.25746083682058507,0.010277777777777778,25.050243582543413
U001,28.612320024169897,77.20881143973575,2025-01-14 04:14:04,4,14,1,1,0,0.2276892050005471,0.2980555555555556,0.7639153196663275
U001,28.61497804583223,77.20598601035438,2025-01-14 04:36:21,4,14,1,1,0,0.40425508808540866,0.3713888888888889,1.0884953755478468
U001,28.61732661340212,77.21125703597099,2025-01-14 04:59:38,4,14,1,1,0,0.5769974534212435,0.38805555555555554,1.4868939386660536
U001,28.61551629504305,77.20912298532043,2025-01-14 05:02:24,5,14,1,1,0,0.2896784172856413,0.04611111111111111,6.282182543544028
U001,28.614837749430272,77.20960071932788,2025-01-14 05:41:20,5,14,1,1,0,0.08869879187044834,0.6488888888888888,0.13669334363596491
U001,28.613621980978127,77.20931943073919,2025-01-14 05:51:50,5,14,1,1,0,0.1379475541749145,0.175,0.7882717381423686
U001,28.6138970435866,77.20920721272984,2025-01-14 05:57:16,5,14,1,1,0,0.03248798570465898,0.09055555555555556,0.3587630323213875
U001,28.615452302019275,77.20568411214508,2025-01-14 06:16:41,6,14,1,1,0,0.3849365455486993,0.3236111111111111,1.1895034883908304
U001,28.610762053263027,77.20855349277798,2025-01-14 06:36:14,6,14,1,1,0,0.5919869805152482,0.3258333333333333,1.8168398378984603
U001,28.61262966900527,77.20798954853981,2025-01-14 06:44:16,6,14,1,1,0,0.21484203986844722,0.1338888888888889,1.6046293434157883
U001,28.612535308152257,77.21108608787077,2025-01-14 06:46:13,6,14,1,1,0,0.3024524766625179,0.0325,9.306230051154397
U001,28.613271801423952,77.20686946595248,2025-01-14 06:55:15,6,14,1,1,0,0.4196745381580685,0.15055555555555555,2.787506157507466
U001,28.611930636668024,77.20974939547003,2025-01-14 07:17:48,7,14,1,1,0,0.31823220145692027,0.37583333333333335,0.8467375648521159
U001,28.61273397640909,77.21340254508219,2025-01-14 07:17:54,7,14,1,1,0,0.3676228545633797,0.0016666666666666668,220.57371273802778
U001,28.61472695970917,77.2082978158558,2025-01-14 07:24:44,7,14,1,1,0,0.5453524499940178,0.11388888888888889,4.788460536532839
U001,28.61619031522877,77.20987726439441,2025-01-14 07:45:44,7,14,1,1,0,0.22415806849242245,0.35,0.6404516242640642
U001,28.624435850555283,77.2145640952037,2025-01-14 08:35:43,8,14,1,1,0,1.0246549543201489,0.8330555555555555,1.2299959438321226
U001,28.61910426696344,77.20970054657964,2025-01-14 08:43:47,8,14,1,1,0,0.759487325164686,0.13444444444444445,5.649079278084441
U001,28.62018763181464,77.213132554593,2025-01-14 08:49:34,8,14,1,1,0,0.35599619506044144,0.09638888888888889,3.6933322830478077
U001,28.622389638565487,77.21887671963096,2025-01-14 08:53:02,8,14,1,1,0,0.6118064745371781,0.057777777777777775,10.588958213143467
U001,28.62024731478384,77.21549733438746,2025-01-14 08:54:28,8,14,1,1,0,0.4068780391947121,0.02388888888888889,17.032103966290272
U001,28.628973600504853,77.21935249118636,2025-01-14 09:00:27,9,14,1,1,0,1.040723383922451,0.09972222222222223,10.43622334852597
U001,28.631608355720527,77.21836496861715,2025-01-14 09:03:45,9,14,1,1,0,0.3084179083260815,0.055,5.607598333201482
U001,28.629545489723405,77.21690135603531,2025-01-14 09:15:11,9,14,1,1,0,0.2702230972707026,0.19055555555555556,1.4180803938404218
U001,28.631758033869826,77.21617898296508,2025-01-14 09:17:19,9,14,1,1,0,0.2559263299567495,0.035555555555555556,7.19792803003358
U001,28.63017965346269,77.21453655503092,2025-01-14 09:17:54,9,14,1,1,0,0.23769437070801008,0.009722222222222222,24.448563844252465
U001,28.63133644272528,77.21595032390616,2025-01-14 10:16:41,10,14,1,1,0,0.18863844822132167,0.9797222222222223,0.19254278809094358
U001,28.62809491895989,77.21583232979748,2025-01-14 10:21:52,10,14,1,1,0,0.36062492285401115,0.08638888888888889,4.174436406027139
U001,28.63058082247024,77.22028080864435,2025-01-14 10:43:26,10,14,1,1,0,0.51469680510659,0.35944444444444446,1.4319231053970045
U001,28.62894612252502,77.21902739364474,2025-01-14 10:43:29,10,14,1,1,0,0.21910218593376715,0.0008333333333333334,262.92262312052054
U001,28.63065694307001,77.2171060256722,2025-01-14 11:01:21,11,14,1,1,0,0.2671229800022849,0.29777777777777775,0.8970547835897628
U001,28.63114951556796,77.21818066571474,2025-01-14 11:45:46,11,14,1,1,0,0.1183234045831857,0.7402777777777778,0.1598364939960482
U001,28.632878442613464,77.22068819884328,2025-01-14 11:55:56,11,14,1,1,0,0.3112097725479906,0.16944444444444445,1.836647837988141
U001,28.631908692693408,77.2187677092502,2025-01-14 12:05:44,12,14,1,1,0,0.21623875464253803,0.16333333333333333,1.3239107427094166
U001,28.63109351177104,77.21960125740877,2025-01-14 12:09:00,12,14,1,1,0,0.1217972861158081,0.05444444444444444,2.2370930102903532
U001,28.627786991117706,77.21894358904059,2025-01-14 12:43:15,12,14,1,1,0,0.37322933994670604,0.5708333333333333,0.6538324203445945
U001,28.62866873689153,77.21774469471295,2025-01-14 12:44:23,12,14,1,1,0,0.15265996346230906,0.01888888888888889,8.081998065651655
U001,28.628448959351907,77.21896163613256,2025-01-14 13:02:33,13,14,1,1,0,0.12126239396650156,0.30277777777777776,0.4004996497976198
U001,28.62796535192235,77.21952737695376,2025-01-14 13:08:03,13,14,1,1,0,0.07707543413132835,0.09166666666666666,0.8408229177963094
U001,28.63099256200206,77.21815111642222,2025-01-14 13:36:31,13,14,1,1,0,0.36242128095456133,0.47444444444444445,0.7638856038854923
U001,28.631857640687738,77.21794230021187,2025-01-14 13:45:43,13,14,1,1,0,0.09832759988982438,0.15333333333333332,0.6412669558032026
U001,28.63029109227246,77.2167947872469,2025-01-14 14:08:55,14,14,1,1,0,0.20708911992594414,0.38666666666666666,0.5355753101533038
U001,28.62699150089956,77.21759864340447,2025-01-14 14:12:05,14,14,1,1,0,0.37519260541218374,0.05277777777777778,7.108912523599271
U001,28.63117263206001,77.21765428777105,2025-01-14 14:31:35,14,14,1,1,0,0.4649522917477937,0.325,1.4306224361470574
U001,28.632305063725056,77.21611096905688,2025-01-14 14:56:54,14,14,1,1,0,0.1963255781735621,0.42194444444444446,0.4652877428734849
U001,28.62909133137597,77.21805904056984,2025-01-14 15:15:53,15,14,1,1,0,0.4047822766282431,0.3163888888888889,1.2793820859189422
U001,28.630895960554973,77.2210914233946,2025-01-14 15:37:44,15,14,1,1,0,0.3575726778588298,0.3641666666666667,0.9818929369121183
U001,28.63041371572432,77.22229138962271,2025-01-14 15:50:19,15,14,1,1,0,0.12880768258251224,0.20972222222222223,0.6141823275457537
U001,28.60930289847133,77.22944785756066,2025-01-14 16:01:36,16,14,1,1,0,2.4491449306491457,0.18805555555555556,13.023518095032385
U001,28.60856804129444,77.22856495620832,2025-01-14 16:06:51,16,14,1,1,0,0.1187656066249239,0.0875,1.357321218570559
U001,28.608996640308888,77.2301218607953,2025-01-14 16:18:13,16,14,1,1,0,0.15928059205583367,0.18944444444444444,0.8407773187697966
U001,28.63156553465341,77.22083248824266,2025-01-14 17:03:16,17,14,1,1,0,2.6683265454788474,0.7508333333333334,3.5538200383736034
U001,28.632374976330187,77.21554258342324,2025-01-14 17:05:27,17,14,1,1,0,0.5240685249111473,0.03638888888888889,14.40188312732924
U001,28.629996487154827,77.22012007378828,2025-01-14 17:37:10,17,14,1,1,0,0.5191701627612549,0.5286111111111111,0.9821400871994312
U001,28.62937783070528,77.21637490039237,2025-01-14 17:38:26,17,14,1,1,0,0.37194452202597467,0.021111111111111112,17.618424727546167
U001,28.629605314507337,77.21956259734968,2025-01-14 17:43:20,17,14,1,1,0,0.3121453129314045,0.08166666666666667,3.8221875052825043
U001,28.632329582737373,77.22053207204603,2025-01-14 18:00:25,18,14,1,1,0,0.3173582201285669,0.2847222222222222,1.1146239926466741
U001,28.632579150583727,77.21711179224167,2025-01-14 18:35:41,18,14,1,1,0,0.33496086107115947,0.5877777777777777,0.5698767012552808
U001,28.63178450573711,77.21982872240253,2025-01-14 18:45:43,18,14,1,1,0,0.2794997924706793,0.16722222222222222,1.6714273303894445
U001,28.632337731898488,77.21504216249885,2025-01-14 18:50:22,18,14,1,1,0,0.47118890899648314,0.0775,6.079856890277202
U001,28.62489304099472,77.21082306855337,2025-01-14 19:16:10,19,14,1,1,0,0.9245758283108139,0.43,2.1501763449088696
U001,28.628296606628403,77.20929924744492,2025-01-14 19:17:08,19,14,1,1,0,0.4066345367598062,0.01611111111111111,25.239385040263834
U001,28.62109449693023,77.21219688191313,2025-01-14 19:17:51,19,14,1,1,0,0.8493112784570972,0.011944444444444445,71.10513028943139
U001,28.620038422667,77.21303603578583,2025-01-14 19:58:03,19,14,1,1,0,0.1431739837725673,0.67,0.213692513093384
U001,28.614742505403296,77.2102609036752,2025-01-14 20:09:43,20,14,1,1,0,0.6481948763346788,0.19444444444444445,3.333573649721205
U001,28.615777952382285,77.20886334742899,2025-01-14 20:11:40,20,14,1,1,0,0.17851261276889738,0.0325,5.492695777504535
U001,28.610242356402296,77.2089223260601,2025-01-14 20:30:06,20,14,1,1,0,0.6155571126507032,0.30722222222222223,2.0036217048304987
U001,28.6119262447226,77.2105510296518,2025-01-14 20:41:43,20,14,1,1,0,0.2456344548020279,0.19361111111111112,1.2687001969688672
U001,28.613537538912908,77.20742005687653,2025-01-14 20:58:27,20,14,1,1,0,0.3542760604722816,0.2788888888888889,1.2703125674304918
U001,28.612608171017165,77.2088297947286,2025-01-14 21:16:34,21,14,1,1,0,0.1720939965404649,0.30194444444444446,0.569952518441282
U001,28.614462729883435,77.20678158958685,2025-01-14 21:31:32,21,14,1,1,0,0.2872274861366451,0.24944444444444444,1.1514687640221852
U001,28.61526195323866,77.2109620701393,2025-01-14 21:34:28,21,14,1,1,0,0.4176359924663942,0.04888888888888889,8.542554391358063
U001,28.615402187479496,77.21174975073917,2025-01-14 21:40:54,21,14,1,1,0,0.07845315030617196,0.10722222222222222,0.7316874121819147
U001,28.61351142783469,77.20837456343712,2025-01-14 21:58:31,21,14,1,1,0,0.3908314260888978,0.2936111111111111,1.3311193319962462
U001,28.612642894253632,77.20985530140213,2025-01-14 22:25:17,22,14,1,1,0,0.17383764605708985,0.4461111111111111,0.3896734282724305
U001,28.61237332327548,77.20686168979563,2025-01-14 22:39:04,22,14,1,1,0,0.29375660576695717,0.22972222222222222,1.278747014221337
U001,28.617022097536896,77.21077921863153,2025-01-14 22:42:54,22,14,1,1,0,0.6429924404464498,0.06388888888888888,10.064229502640083
U001,28.60865727969895,77.20853813342515,2025-01-14 22:50:16,22,14,1,1,0,0.9555055642384109,0.12277777777777778,7.782398260765338
U001,28.61287453990934,77.20910243444074,2025-01-14 23:09:04,23,14,1,1,0,0.47216226559316093,0.31333333333333335,1.5069008476377477
U001,28.61245971621815,77.20807605395994,2025-01-14 23:38:17,23,14,1,1,0,0.11029866769744837,0.48694444444444446,0.2265118104454159
U001,28.61473726366877,77.20757288931217,2025-01-14 23:52:35,23,14,1,1,0,0.2579706146594679,0.23833333333333334,1.0823941873823828
U001,28.61489591629297,77.20903059570789,2025-01-15 00:10:23,0,15,2,1,0,0.14338122052281713,0.2966666666666667,0.4833074849083723
U001,28.611489641336803,77.20803034399543,2025-01-15 00:16:36,0,15,2,1,0,0.39114319157547534,0.10361111111111111,3.7751085513986897
U001,28.613502403024484,77.20550452049986,2025-01-15 00:42:53,0,15,2,1,0,0.33298977924450185,0.43805555555555553,0.7601542202157303
U001,28.61510525799476,77.21013756821469,2025-01-15 00:44:34,0,15,2,1,0,0.48610275329140396,0.028055555555555556,17.326434770782715
U001,28.614011899292183,77.2111274270387,2025-01-15 00:59:25,0,15,2,1,0,0.15529606992406272,0.2475,0.6274588683800514
U001,28.61416822020444,77.20957550823252,2025-01-15 01:00:58,1,15,2,1,0,0.15248321261155043,0.025833333333333333,5.902575972060017
U001,28.61382339392018,77.20752919139717,2025-01-15 01:25:30,1,15,2,1,0,0.20339644630984705,0.4088888888888889,0.49743696108386504
U001,28.617920515149024,77.21312650957006,2025-01-15 01:32:58,1,15,2,1,0,0.711386368620163,0.12444444444444444,5.716497604983453
U001,28.609072811109503,77.21023356835704,2025-01-15 01:41:40,1,15,2,1,0,1.0235465594058455,0.145,7.058941789005831
U001,28.614651408692207,77.21022002028229,2025-01-15 01:49:37,1,15,2,1,0,0.6203131587922144,0.1325,4.6816087456016175
U001,28.614923499726856,77.20779931408644,2025-01-15 02:06:52,2,15,2,1,0,0.23822269919108266,0.2875,0.8286006928385484
U001,28.612415162346483,77.21006161542684,2025-01-15 02:31:22,2,15,2,1,0,0.35575368608329205,0.4083333333333333,0.8712335169386745
U001,28.61488811084249,77.21497212950345,2025-01-15 02:32:50,2,15,2,1,0,0.5526104118331249,0.024444444444444446,22.60678957499147
U001,28.61306987282033,77.20877315641629,2025-01-15 02:49:00,2,15,2,1,0,0.6379907569254647,0.26944444444444443,2.3678007473522404
U001,28.61547963440032,77.21186022759247,2025-01-15 03:03:47,3,15,2,1,0,0.4032437816197897,0.24638888888888888,1.636615122695877
U001,28.61437293326112,77.21108688612362,2025-01-15 03:51:49,3,15,2,1,0,0.14436815248127902,0.8005555555555556,0.18033495799188218
U001,28.61291268580151,77.20724012871653,2025-01-15 03:54:32,3,15,2,1,0,0.40910224272016105,0.04527777777777778,9.035386955782698
U001,28.61455469698065,77.21072460035768,2025-01-15 03:54:39,3,15,2,1,0,0.38604201044401143,0.0019444444444444444,198.53589108549158
U001,28.61411487257085,77.20823223665518,2025-01-15 04:07:05,4,15,2,1,0,0.24815632862898068,0.20722222222222222,1.1975372427135798
U001,28.61202476598368,77.20975624831958,2025-01-15 04:09:16,4,15,2,1,0,0.27594483001319364,0.03638888888888889,7.58321670265265
U001,28.611297473400235,77.20917246032866,2025-01-15 04:18:04,4,15,2,1,0,0.09893285504104518,0.14666666666666667,0.6745421934616717
U001,28.61464402490874,77.21127912449383,2025-01-15 04:38:06,4,15,2,1,0,0.42516088004638414,0.3338888888888889,1.2733603728510672
U001,28.614574652700128,77.20979135408093,2025-01-15 04:46:38,4,15,2,1,0,0.14543145997491583,0.14222222222222222,1.022564952948627
U001,28.615279834502505,77.20982520456495,2025-01-15 05:09:28,5,15,2,1,0,0.07848222765083077,0.38055555555555554,0.20623067119926333
U001,28.61600809320145,77.20741628408983,2025-01-15 05:22:18,5,15,2,1,0,0.24869451519518904,0.21388888888888888,1.1627276035099747
U001,28.616020076597174,77.20792544213651,2025-01-15 05:53:55,5,15,2,1,0,0.049717983726679495,0.5269444444444444,0.09435147148974496
U001,28.613391709929694,77.20923842392568,2025-01-15 05:57:09,5,15,2,1,0,0.3191281040974339,0.05388888888888889,5.9219648183028974
U001,28.6139762665449,77.21014175481919,2025-01-15 05:57:44,5,15,2,1,0,0.10954617582853479,0.009722222222222222,11.267606656649292
U001,28.614434287344025,77.20317111941392,2025-01-15 06:01:03,6,15,2,1,0,0.682335322092792,0.05527777777777778,12.34375457052287
U001,28.614846582012508,77.20659071389866,2025-01-15 06:19:35,6,15,2,1,0,0.3369326426624164,0.3088888888888889,1.0907891309214919
U001,28.61036035436221,77.21169456060773,2025-01-15 06:41:24,6,15,2,1,0,0.7050283921728024,0.3636111111111111,1.9389627286646973
U001,28.6138785331786,77.2031671183003,2025-01-15 06:49:44,6,15,2,1,0,0.9197578885966134,0.1388888888888889,6.622256797895616
U001,28.6162450143556,77.21051386048606,2025-01-15 07:13:21,7,15,2,1,0,0.7638926570575999,0.39361111111111113,1.940729403957205
U001,28.61031940949721,77.21094551469542,2025-01-15 07:27:47,7,15,2,1,0,0.6602430991087636,0.24055555555555555,2.7446595344013267
U001,28.614636935058023,77.20848125132859,2025-01-15 07:31:18,7,15,2,1,0,0.5369805419287188,0.058611111111111114,9.161753322006577
U001,28.611712586332967,77.20488105302222,2025-01-15 07:43:10,7,15,2,1,0,0.4787930070648912,0.19777777777777777,2.4208635188674275
U001,28.613502314791106,77.20450545929889,2025-01-15 07:52:44,7,15,2,1,0,0.20235786487968113,0.15944444444444444,1.2691434034265716
U001,28.630924834243,77.21953756113217,2025-01-15 08:31:38,8,15,2,1,0,2.4302028782446605,0.6483333333333333,3.7483849021768543
U001,28.630008488717007,77.21633988844691,2025-01-15 08:41:44,8,15,2,1,0,0.32830169362931705,0.16833333333333333,1.95030709086723
U001,28.629729529781457,77.2155283505543,2025-01-15 08:48:30,8,15,2,1,0,0.08506296281886988,0.11277777777777778,0.7542528722855457
U001,28.631376393655994,77.21777144525934,2025-01-15 08:52:41,8,15,2,1,0,0.2854145878733626,0.06972222222222223,4.093595682645838
U001,28.630771370011686,77.21853381053847,2025-01-15 08:53:45,8,15,2,1,0,0.10031049581870449,0.017777777777777778,5.642465389802128
U001,28.629851020752408,77.22063289832049,2025-01-15 09:10:42,9,15,2,1,0,0.22900747243701475,0.2825,0.8106459201310258
U001,28.63147289922308,77.21609963258122,2025-01-15 09:24:06,9,15,2,1,0,0.4777847939024174,0.22333333333333333,2.139334898070526
U001,28.629506941429657,77.22088499690845,2025-01-15 09:31:35,9,15,2,1,0,0.5156745511777115,0.12472222222222222,4.134584374698801
U001,28.62810111613472,77.21368858133313,2025-01-15 09:47:18,9,15,2,1,0,0.719558786956538,0.2619444444444444,2.7469900668542278
U001,28.628605944050463,77.21810909518238,2025-01-15 10:04:11,10,15,2,1,0,0.435082547560945,0.2813888888888889,1.546196615221522
U001,28.62967610049305,77.22067409592863,2025-01-15 10:13:05,10,15,2,1,0,0.27718659856032773,0.14833333333333334,1.8686736981595127
U001,28.63083093290534,77.21701210967706,2025-01-15 10:53:17,10,15,2,1,0,0.3797750025367361,0.67,0.5668283619951284
U001,28.632012044988663,77.21773386909061,2025-01-15 11:01:49,11,15,2,1,0,0.14903238639099245,0.14222222222222222,1.0478839668116657
U001,28.629658932302565,77.21936029400634,2025-01-15 11:06:05,11,15,2,1,0,0.3060396745113176,0.07111111111111111,4.303682922815404
U001,28.636714098970817,77.21399462031482,2025-01-15 11:27:41,11,15,2,1,0,0.9432226831848798,0.36,2.6200630088468886
U001,28.62830980617512,77.21997437187589,2025-01-15 11:34:08,11,15,2,1,0,1.1017775356661632,0.1075,10.249093355034077
U001,28.63046409019738,77.2171917020391,2025-01-15 12:07:07,12,15,2,1,0,0.3621357300505997,0.5497222222222222,0.6587613078232233
U001,28.63064392045724,77.21556351052156,2025-01-15 12:28:35,12,15,2,1,0,0.16016278508087173,0.35777777777777775,0.4476599583005732
U001,28.63135749355117,77.21512013973475,2025-01-15 12:34:07,12,15,2,1,0,0.0903782772055803,0.09222222222222222,0.980005415482196
U001,28.62808780599564,77.21396443133588,2025-01-15 12:59:39,12,15,2,1,0,0.3806680736354088,0.4255555555555556,0.8945202774722399
U001,28.62800411470221,77.21835521635919,2025-01-15 13:02:56,13,15,2,1,0,0.42864685609762254,0.05472222222222222,7.833140517520006
U001,28.62593253106088,77.21401290295533,2025-01-15 13:10:12,13,15,2,1,0,0.48237301330103627,0.12111111111111111,3.9828964401002995
U001,28.63102758282443,77.21822498130616,2025-01-15 13:13:22,13,15,2,1,0,0.6999835497387407,0.05277777777777778,13.262846205576139
U001,28.63176544555019,77.21922961399342,2025-01-15 13:36:25,13,15,2,1,0,0.12784947092417778,0.38416666666666666,0.33279688743820685
U001,28.6291807848582,77.22164471289051,2025-01-15 14:08:49,14,15,2,1,0,0.3716976339182057,0.54,0.6883289517003809
U001,28.629707616944,77.22004812981325,2025-01-15 14:32:01,14,15,2,1,0,0.16647397367632288,0.38666666666666666,0.43053613881807645
U001,28.63080033298169,77.21345930245323,2025-01-15 14:32:49,14,15,2,1,0,0.6544420803039698,0.013333333333333334,49.08315602279773
U001,28.63083411474903,77.21785969000527,2025-01-15 15:38:42,15,15,2,1,0,0.4294881314751258,1.0980555555555556,0.3911351564154953
U001,28.631685929392223,77.21758056219167,2025-01-15 15:52:32,15,15,2,1,0,0.0985573199248223,0.23055555555555557,0.42747753220404855
U001,28.62911092317254,77.21710124487139,2025-01-15 15:57:36,15,15,2,1,0,0.2901240460496447,0.08444444444444445,3.435679492693161
U001,28.62886428873931,77.21647426360072,2025-01-15 16:08:44,16,15,2,1,0,0.06705785317329456,0.18555555555555556,0.36138962788003054
U001,28.63047058971563,77.21659030490282,2025-01-15 16:30:48,16,15,2,1,0,0.17897122981029692,0.36777777777777776,0.48662872153857173
U001,28.629535975935195,77.21760666104919,2025-01-15 16:47:51,16,15,2,1,0,0.1436664620946059,0.2841666666666667,0.5055711276056513
U001,28.629539868017734,77.21514872046903,2025-01-15 17:14:01,17,15,2,1,0,0.23989489615635395,0.4361111111111111,0.5500774688935505
U001,28.62973126569302,77.21688859754471,2025-01-15 17:14:13,17,15,2,1,0,0.17113996115582233,0.0033333333333333335,51.341988346746696
U001,28.634252370386964,77.21804809716383,2025-01-15 17:59:37,17,15,2,1,0,0.5153032888496862,0.7566666666666667,0.6810175623564135
U001,28.63074694015031,77.21735754328236,2025-01-15 18:30:27,18,15,2,1,0,0.3955697084619031,0.5138888888888888,0.7697572705204602
U001,28.63168404110881,77.2196817104411,2025-01-15 18:31:21,18,15,2,1,0,0.24962325037914465,0.015,16.64155002527631
U001,28.62989471471793,77.2159447221495,2025-01-15 18:48:32,18,15,2,1,0,0.4154647680833573,0.2863888888888889,1.4507014210476104
U001,28.627660939665983,77.21843557798785,2025-01-15 18:51:00,18,15,2,1,0,0.3475582249408328,0.04111111111111111,8.454118985047284
U001,28.629487441079,77.2160593905246,2025-01-15 18:53:02,18,15,2,1,0,0.3082765329095306,0.03388888888888889,9.09668457765828
U001,28.61242596395982,77.20868217168065,2025-01-15 19:14:35,19,15,2,1,0,2.0292075874289766,0.3591666666666667,5.649765904674644
U001,28.615749236583465,77.21142833806437,2025-01-15 19:20:07,19,15,2,1,0,0.45652152284979053,0.09222222222222222,4.950233380298934
U001,28.61258744254084,77.206296924649,2025-01-15 19:41:13,19,15,2,1,0,0.6119676007968538,0.3516666666666667,1.7401922297540864
U001,28.61178033379366,77.20890468162209,2025-01-15 19:47:28,19,15,2,1,0,0.26991574603180946,0.10416666666666667,2.5911911619053707
U001,28.6134927933876,77.20898355560438,2025-01-15 19:59:21,19,15,2,1,0,0.19057241280499862,0.19805555555555557,0.9622169510490813
U001,28.61385484939193,77.21140463329785,2025-01-15 20:27:53,20,15,2,1,0,0.23973688552829944,0.47555555555555556,0.5041196191015642
U001,28.61385344212617,77.21027991539586,2025-01-15 20:40:21,20,15,2,1,0,0.1097887511948918,0.20777777777777778,0.528395059226752
U001,28.61700785915969,77.2063266507158,2025-01-15 20:56:48,20,15,2,1,0,0.5214787036395229,0.27416666666666667,1.9020499828797186
U001,28.61190255091514,77.20784453325636,2025-01-15 20:57:28,20,15,2,1,0,0.5867016337053377,0.011111111111111112,52.803147033480386
U001,28.61301890906146,77.20660838198067,2025-01-15 21:07:35,21,15,2,1,0,0.17311786480578334,0.1686111111111111,1.026728687480758
U001,28.61508255688717,77.21417898154928,2025-01-15 21:34:36,21,15,2,1,0,0.7738043777825477,0.4502777777777778,1.7185044787274348
U001,28.614312769341936,77.20905227080324,2025-01-15 21:39:22,21,15,2,1,0,0.5077042577354479,0.07944444444444444,6.390682964502142
U001,28.61775584998212,77.21129019676734,2025-01-15 22:25:21,22,15,2,1,0,0.4407908309886639,0.7663888888888889,0.5751529509094563
U001,28.61697695619823,77.2080155515137,2025-01-15 22:30:43,22,15,2,1,0,0.33116761373499726,0.08944444444444444,3.702495060391274
U001,28.61325031665905,77.20816280614554,2025-01-15 22:32:07,22,15,2,1,0,0.4146326355126976,0.023333333333333334,17.769970093401323
U001,28.615938782559788,77.21304767662895,2025-01-15 22:43:07,22,15,2,1,0,0.5627916597812126,0.18333333333333332,3.0697726897157054
U001,28.61514428926316,77.20867436448643,2025-01-15 22:47:08,22,15,2,1,0,0.43593665810829013,0.06694444444444445,6.511916884605164
U001,28.61673183523636,77.21236604984784,2025-01-15 23:23:42,23,15,2,1,0,0.401269377245818,0.6094444444444445,0.6584183035938673
U001,28.61357549384595,77.20907122219889,2025-01-15 23:27:48,23,15,2,1,0,0.4760439601299296,0.06833333333333333,6.966496977511166
U001,28.61667093150674,77.2097180184231,2025-01-15 23:52:27,23,15,2,1,0,0.3499395450459487,0.41083333333333333,0.851779825669652
U001,28.613503593115308,77.20880398601241,2025-01-15 23:54:23,23,15,2,1,0,0.36331760365999105,0.03222222222222222,11.275373906689378
U001,28.612405010134182,77.20883867243637,2025-01-16 00:09:18,0,16,3,1,0,0.12220377020300874,0.24861111111111112,0.49154589131936477
U001,28.6141202950492,77.2096773301887,2025-01-16 00:29:19,0,16,3,1,0,0.20755787070163817,0.33361111111111114,0.6221551494803476
U001,28.614260761698684,77.21018353452409,2025-01-16 00:34:13,0,16,3,1,0,0.05182248618326141,0.08166666666666667,0.6345610553052418
U001,28.617045420695376,77.21399355721532,2025-01-16 00:48:16,0,16,3,1,0,0.4839333022511648,0.23416666666666666,2.0666190843466112
U001,28.61385905641608,77.20577208497538,2025-01-16 01:06:47,1,16,3,1,0,0.8772541862369937,0.3086111111111111,2.8425878221900787
U001,28.611922015796463,77.20988424044346,2025-01-16 01:07:33,1,16,3,1,0,0.4555456005349741,0.012777777777777779,35.651394824476235
U001,28.611007465025715,77.21033789374161,2025-01-16 01:31:29,1,16,3,1,0,0.11091721976455964,0.3988888888888889,0.2780654534487567
U001,28.618347694791527,77.20584853703508,2025-01-16 01:41:03,1,16,3,1,0,0.9263990654916273,0.15944444444444444,5.810168354999753
U001,28.615863645856795,77.20963052616537,2025-01-16 01:53:04,1,16,3,1,0,0.4610605586124837,0.20027777777777778,2.302105424417394
U001,28.6112525524228,77.21201029421294,2025-01-16 02:08:15,2,16,3,1,0,0.5628993278117416,0.25305555555555553,2.2244100769728536
U001,28.61552709972856,77.20598078343814,2025-01-16 02:22:22,2,16,3,1,0,0.7565261318438266,0.23527777777777778,3.2154593561248825
U001,28.61445655968076,77.2087303434169,2025-01-16 02:58:42,2,16,3,1,0,0.29360749733590913,0.6055555555555555,0.48485641761893256
U001,28.61608420257016,77.20757264244399,2025-01-16 03:00:07,3,16,3,1,0,0.21336898008169713,0.02361111111111111,9.036803862283644
U001,28.61380805047389,77.21137269891358,2025-01-16 03:04:44,3,16,3,1,0,0.44905635184166803,0.07694444444444444,5.836111431877274
U001,28.61585708748352,77.20873016060078,2025-01-16 03:10:20,3,16,3,1,0,0.34416426429247665,0.09333333333333334,3.6874742602765354
U001,28.61317206496253,77.2082859168447,2025-01-16 03:27:00,3,16,3,1,0,0.3016936582489014,0.2777777777777778,1.0860971696960449
U001,28.61636936830012,77.20970784911684,2025-01-16 03:30:22,3,16,3,1,0,0.38165775496961696,0.05611111111111111,6.801821375696144
U001,28.61023268420532,77.21059245462602,2025-01-16 04:06:17,4,16,3,1,0,0.6878100857246532,0.5986111111111111,1.1490098879854995
U001,28.61600591626004,77.21047877864642,2025-01-16 04:09:40,4,16,3,1,0,0.6420500117469027,0.05638888888888889,11.386108582703692
U001,28.61417496698468,77.20712856040302,2025-01-16 04:11:44,4,16,3,1,0,0.38522145755960546,0.034444444444444444,11.183848767859514
U001,28.61245739928203,77.20680537196138,2025-01-16 04:15:38,4,16,3,1,0,0.19357292112440255,0.065,2.978044940375424
U001,28.61363215546885,77.20820081242076,2025-01-16 04:32:02,4,16,3,1,0,0.18872790264432665,0.2733333333333333,0.6904679365036341
U001,28.61575831342513,77.2087116013769,2025-01-16 05:00:33,5,16,3,1,0,0.24161844854881376,0.4752777777777778,0.508373123773074
U001,28.612853373870667,77.20781856305665,2025-01-16 05:30:02,5,16,3,1,0,0.334570659944124,0.4913888888888889,0.6808673690213942
U001,28.611403811109728,77.20546340178406,2025-01-16 05:49:43,5,16,3,1,0,0.28077559628671883,0.32805555555555554,0.8558781935920303
U001,28.610821937060464,77.21032180460132,2025-01-16 05:56:16,5,16,3,1,0,0.4786554661026203,0.10916666666666666,4.384630223840797
U001,28.612078124618805,77.21070943622968,2025-01-16 06:22:22,6,16,3,1,0,0.1447162199110242,0.435,0.3326809653126993
U001,28.613330042027663,77.20779879407438,2025-01-16 06:25:57,6,16,3,1,0,0.3163934144611446,0.059722222222222225,5.297750195628468
U001,28.614067308527723,77.20778998902385,2025-01-16 06:36:39,6,16,3,1,0,0.08198479987296209,0.17833333333333334,0.4597278497549276
U001,28.611375985897727,77.2101881023271,2025-01-16 06:39:37,6,16,3,1,0,0.37994324378046423,0.049444444444444444,7.684245379829614
U001,28.614865505759543,77.21351012632802,2025-01-16 06:58:46,6,16,3,1,0,0.5056820750897462,0.31916666666666665,1.5843824806989437
U001,28.611721996064578,77.2068214291349,2025-01-16 07:01:42,7,16,3,1,0,0.7405942246669903,0.04888888888888889,15.1485182318248
U001,28.615143096926666,77.20824345834748,2025-01-16 07:02:49,7,16,3,1,0,0.4049438994453275,0.01861111111111111,21.75817967168924
U001,28.61336587131213,77.2115148676161,2025-01-16 07:17:08,7,16,3,1,0,0.37553713162186386,0.2386111111111111,1.5738459532464608
U001,28.61253391603743,77.20825215759979,2025-01-16 07:46:02,7,16,3,1,0,0.3316533305324105,0.4816666666666667,0.6885536274029282
U001,28.61363170861778,77.21079408925115,2025-01-16 07:58:27,7,16,3,1,0,0.2765316924450184,0.20694444444444443,1.3362605272510957
U001,28.6227746396564,77.2154063960715,2025-01-16 08:01:08,8,16,3,1,0,1.1118723918164477,0.04472222222222222,24.861742922603803
U001,28.61936224768569,77.2117872699511,2025-01-16 08:08:09,8,16,3,1,0,0.5184244912745392,0.11694444444444445,4.433083535839289
U001,28.6196036727229,77.21487048014909,2025-01-16 08:09:31,8,16,3,1,0,0.30214446734578043,0.02277777777777778,13.264879054204995
U001,28.61692412402092,77.21749301643746,2025-01-16 08:26:02,8,16,3,1,0,0.3928162617904993,0.2752777777777778,1.42698137481917
U001,28.62362697473338,77.21098237423047,2025-01-16 08:50:16,8,16,3,1,0,0.9794683612262404,0.4038888888888889,2.425093604136496
U001,28.63173271120187,77.22109429549138,2025-01-16 09:05:04,9,16,3,1,0,1.3365703914023697,0.24666666666666667,5.418528613793391
U001,28.62753236860824,77.21695483425799,2025-01-16 09:29:33,9,16,3,1,0,0.6175486204642705,0.40805555555555556,1.5133934878634268
U001,28.627636287813875,77.2150072006951,2025-01-16 09:57:28,9,16,3,1,0,0.19044306814919457,0.4652777777777778,0.40931047482811966
U001,28.62981383655151,77.21642055604455,2025-01-16 10:10:20,10,16,3,1,0,0.2786695285104525,0.21444444444444444,1.299495210670504
U001,28.63094449445825,77.21800927733726,2025-01-16 10:36:27,10,16,3,1,0,0.19962276779142676,0.43527777777777776,0.4586100600185937
U001,28.63173384817281,77.2165656831879,2025-01-16 10:47:08,10,16,3,1,0,0.1659955566270367,0.17805555555555555,0.9322683367509081
U001,28.630607348918087,77.21670324618464,2025-01-16 11:05:52,11,16,3,1,0,0.12597846534952786,0.31222222222222223,0.40348974667108567
U001,28.63288791418716,77.21894703984759,2025-01-16 11:28:02,11,16,3,1,0,0.3350563860853824,0.36944444444444446,0.9069195412837419
U001,28.627061566778064,77.21483294613557,2025-01-16 11:43:26,11,16,3,1,0,0.76220188959914,0.25666666666666665,2.9696177516849613
U001,28.63219723985797,77.21670696463066,2025-01-16 11:59:38,11,16,3,1,0,0.5996367061336405,0.27,2.2208766893838536
U001,28.64098394887393,77.22449403494501,2025-01-16 12:01:38,12,16,3,1,0,1.2378003250510572,0.03333333333333333,37.134009751531714
U001,28.637874823324903,77.22081522807062,2025-01-16 12:16:11,12,16,3,1,0,0.4984122803264313,0.2425,2.055308372480129
U001,28.6381757531991,77.22598235295992,2025-01-16 12:35:48,12,16,3,1,0,0.5053785603925327,0.3269444444444444,1.545762801540457
U001,28.64162617324368,77.22231939476825,2025-01-16 12:39:41,12,16,3,1,0,0.5243909933033196,0.06472222222222222,8.10217843730451
U001,28.634338022014905,77.21853566737606,2025-01-16 13:22:52,13,16,3,1,0,0.8905677399618871,0.7197222222222223,1.237377021946273
U001,28.62909467619595,77.21606956947171,2025-01-16 13:56:29,13,16,3,1,0,0.630759539422364,0.5602777777777778,1.1257978889045663
U001,28.627008003540777,77.21981878236144,2025-01-16 13:56:38,13,16,3,1,0,0.4332894332594907,0.0025,173.31577330379628
U001,28.63174480892659,77.21706345634472,2025-01-16 13:56:58,13,16,3,1,0,0.5913880932566975,0.005555555555555556,106.44985678620554
U001,28.63575543570677,77.2134518599601,2025-01-16 14:05:04,14,16,3,1,0,0.5684377841293986,0.135,4.2106502528103595
U001,28.629440708558658,77.22094355270849,2025-01-16 14:09:08,14,16,3,1,0,1.0137262163259448,0.06777777777777778,14.956616306448366
U001,28.627858692841325,77.21726877494281,2025-01-16 14:29:43,14,16,3,1,0,0.3994777894408594,0.34305555555555556,1.164469669625177
U001,28.632923738609897,77.218431821897,2025-01-16 14:41:50,14,16,3,1,0,0.5745324991265028,0.20194444444444445,2.8450027467062036
U001,28.624638065510528,77.21755570157485,2025-01-16 14:41:51,14,16,3,1,0,0.9252844606930438,0.0002777777777777778,3331.024058494958
U001,28.629737126564667,77.21945596099692,2025-01-16 15:15:25,15,16,3,1,0,0.5965535396948447,0.5594444444444444,1.0663320471208744
U001,28.62828304167702,77.21777110838742,2025-01-16 15:16:30,15,16,3,1,0,0.23061623215822263,0.018055555555555554,12.772591319532332
U001,28.6322985903142,77.21475460669338,2025-01-16 15:24:16,15,16,3,1,0,0.5348326298606,0.12944444444444445,4.1317542220990555
U001,28.63057476304381,77.22224130473022,2025-01-16 15:31:51,15,16,3,1,0,0.7554105121163536,0.12638888888888888,5.9768743815799406
U001,28.630919450518583,77.21606730552567,2025-01-16 15:50:49,15,16,3,1,0,0.6037918415240755,0.3161111111111111,1.9100620645752828
U001,28.630655074574776,77.21736059468013,2025-01-16 16:25:49,16,16,3,1,0,0.12960135078505539,0.5833333333333334,0.22217374420295208
U001,28.634054909172693,77.21569386136599,2025-01-16 16:28:25,16,16,3,1,0,0.4115562758042664,0.043333333333333335,9.497452518559994
U001,28.62928982622935,77.21736160239786,2025-01-16 16:29:43,16,16,3,1,0,0.5542902084227933,0.021666666666666667,25.58262500412892
U001,28.62917383025397,77.21792388191294,2025-01-16 16:41:23,16,16,3,1,0,0.05637388948793861,0.19444444444444445,0.2899228602236843
U001,28.629095549372582,77.22022989227244,2025-01-16 17:14:12,17,16,3,1,0,0.22523527006404667,0.5469444444444445,0.4118064866584906
U001,28.63165961121969,77.21722248038239,2025-01-16 17:19:41,17,16,3,1,0,0.4091971972752044,0.0913888888888889,4.477537720944486
U001,28.63190637496661,77.21654461787352,2025-01-16 17:40:51,17,16,3,1,0,0.07162227531529332,0.3527777777777778,0.20302377254728812
U001,28.632303499678343,77.21748017708603,2025-01-16 18:16:24,18,16,3,1,0,0.10142549457576269,0.5925,0.17118226932618175
U001,28.63165617683904,77.21676842413132,2025-01-16 18:39:30,18,16,3,1,0,0.1000320478811534,0.385,0.25982350099000884
U001,28.632224721704823,77.21775739332953,2025-01-16 18:52:21,18,16,3,1,0,0.1153818922115239,0.21416666666666667,0.5387481348398003
U001,28.62082233225997,77.21619171610787,2025-01-16 19:01:32,19,16,3,1,0,1.277063737885096,0.15305555555555556,8.343792116853622
U001,28.62465141292921,77.21651349336992,2025-01-16 19:06:00,19,16,3,1,0,0.4269311640384518,0.07444444444444444,5.734896233352338
U001,28.62157614224143,77.21293706408815,2025-01-16 19:22:35,19,16,3,1,0,0.4886612562055315,0.2763888888888889,1.7680206254672497
U001,28.61291683735128,77.20983304216671,2025-01-16 20:09:36,20,16,3,1,0,1.0094164051818617,0.7836111111111111,1.2881598931778455
U001,28.615808234890466,77.20791744165689,2025-01-16 20:12:23,20,16,3,1,0,0.37193124023492047,0.04638888888888889,8.017679430213855
U001,28.611672667419413,77.20902369882288,2025-01-16 20:45:54,20,16,3,1,0,0.47236315005524687,0.5586111111111111,0.8456028544002431
U001,28.61796014834577,77.209539804516,2025-01-16 20:57:06,20,16,3,1,0,0.7009487500035775,0.18666666666666668,3.7550825893048794
U001,28.613745811071656,77.20860549700852,2025-01-16 21:13:23,21,16,3,1,0,0.4774049988356688,0.2713888888888889,1.7591177029768756
U001,28.615022196567747,77.21412285611636,2025-01-16 21:14:33,21,16,3,1,0,0.5569578255954823,0.019444444444444445,28.643545316339093
U001,28.61396847660304,77.20747656334609,2025-01-16 21:24:46,21,16,3,1,0,0.6592652295954123,0.17027777777777778,3.871704447868653
U001,28.614637879182865,77.21326367833996,2025-01-16 21:35:26,21,16,3,1,0,0.5697860086799451,0.17777777777777778,3.205046298824691
U001,28.61539543196817,77.21230884871977,2025-01-16 21:38:22,21,16,3,1,0,0.12562924259271432,0.04888888888888889,2.5696890530327927
U001,28.61182674267173,77.20767923309333,2025-01-16 22:13:00,22,16,3,1,0,0.6014118362176077,0.5772222222222222,1.0419069347369527
U001,28.61219080717746,77.20843302064247,2025-01-16 22:28:54,22,16,3,1,0,0.0839826368153983,0.265,0.31691561062414453
U001,28.61416400880608,77.21131146927772,2025-01-16 22:29:43,22,16,3,1,0,0.35649739578741724,0.01361111111111111,26.19164540478984
U001,28.61298420590704,77.2071244843145,2025-01-16 22:41:54,22,16,3,1,0,0.42924936872293296,0.20305555555555554,2.1139503794836645
U001,28.6120494107916,77.2107813976059,2025-01-16 22:48:50,22,16,3,1,0,0.3717974806132017,0.11555555555555555,3.2174781976142457
U001,28.619287453219545,77.20447477548153,2025-01-16 23:02:32,23,16,3,1,0,1.013276032564409,0.22833333333333333,4.437705252106901
U001,28.614277173458618,77.20970031387175,2025-01-16 23:34:06,23,16,3,1,0,0.75535095084324,0.5261111111111111,1.4357251441582175
U001,28.610757910958576,77.21023057244912,2025-01-16 23:47:23,23,16,3,1,0,0.3947326108338001,0.22138888888888889,1.782982934757441
U001,28.616429945570697,77.20544765112938,2025-01-17 00:05:27,0,17,4,1,0,0.7847063980787785,0.3011111111111111,2.606036008379707
U001,28.613195683601383,77.21064241068306,2025-01-17 00:16:58,0,17,4,1,0,0.6216630733087503,0.19194444444444445,3.2387656496548494
U001,28.613091536365324,77.20944974826725,2025-01-17 00:44:52,0,17,4,1,0,0.11699634282133216,0.465,0.2516050383254455
U001,28.613597024778308,77.20682458149614,2025-01-17 01:09:19,1,17,4,1,0,0.2623472382498856,0.4075,0.6437969036807009
U001,28.613264151903817,77.20680265198072,2025-01-17 01:22:15,1,17,4,1,0,0.037075623919817134,0.21555555555555556,0.17200031715379083
U001,28.612644002661654,77.21051471245669,2025-01-17 01:34:53,1,17,4,1,0,0.3688566788657213,0.21055555555555555,1.7518259154572517
U001,28.6147111089208,77.20608721691912,2025-01-17 01:50:10,1,17,4,1,0,0.4895081667258045,0.25472222222222224,1.9217332608646631
U001,28.61793957999156,77.20786909640779,2025-01-17 02:12:08,2,17,4,1,0,0.39890627064931516,0.3661111111111111,1.0895770670239262
U001,28.612842284704826,77.20829996509099,2025-01-17 02:16:01,2,17,4,1,0,0.5683516837723511,0.06472222222222222,8.781399405924738
U001,28.61556867174786,77.21186444831555,2025-01-17 02:21:02,2,17,4,1,0,0.4614878308943134,0.08361111111111111,5.519455784782486
U001,28.61526103725568,77.21023814782235,2025-01-17 02:45:12,2,17,4,1,0,0.16239168296303585,0.4027777777777778,0.4031793508047787
U001,28.61482206561337,77.20901283964695,2025-01-17 02:45:46,2,17,4,1,0,0.12918294130022803,0.009444444444444445,13.678193784730027
U001,28.614992290847653,77.20951584120058,2025-01-17 03:07:16,3,17,4,1,0,0.05262181914341399,0.35833333333333334,0.14685158830720182
U001,28.614170153825533,77.20758661073454,2025-01-17 03:42:27,3,17,4,1,0,0.20933543241985422,0.5863888888888888,0.3569907895364639
U001,28.6116154628134,77.21085803833476,2025-01-17 03:53:39,3,17,4,1,0,0.4274036484079345,0.18666666666666668,2.289662402185363
U001,28.61596367139659,77.20980008813277,2025-01-17 03:59:18,3,17,4,1,0,0.494404662366364,0.09416666666666666,5.250314998580857
U001,28.61731862183959,77.21144808637935,2025-01-17 04:02:42,4,17,4,1,0,0.2204013830177875,0.056666666666666664,3.8894361709021323
U001,28.614458705421747,77.20890682922796,2025-01-17 04:05:49,4,17,4,1,0,0.4033140207477579,0.051944444444444446,7.7643340892616495
U001,28.61388566245156,77.21174004399141,2025-01-17 04:26:50,4,17,4,1,0,0.28380719543199495,0.3502777777777778,0.8102346578550212
U001,28.613951054413683,77.20607046044572,2025-01-17 05:21:54,5,17,4,1,0,0.553480303732219,0.9177777777777778,0.6030657062457592
U001,28.61247209306767,77.2100023898785,2025-01-17 05:27:27,5,17,4,1,0,0.41756304343402356,0.0925,4.514195064151606
U001,28.612891374822865,77.20842251346993,2025-01-17 05:41:44,5,17,4,1,0,0.16111342492570888,0.23805555555555555,0.6767891828851248
U001,28.61722809329613,77.20913804637752,2025-01-17 06:16:35,6,17,4,1,0,0.48725309209328715,0.5808333333333333,0.8388862417674958
U001,28.60952978215913,77.20622547756071,2025-01-17 06:24:57,6,17,4,1,0,0.9019925769808154,0.13944444444444445,6.46847266360744
U001,28.60655898956161,77.20956292325991,2025-01-17 06:33:00,6,17,4,1,0,0.46397055789007785,0.13416666666666666,3.4581656488701458
U001,28.61670750226676,77.20885842016165,2025-01-17 06:36:44,6,17,4,1,0,1.130556716237243,0.06222222222222222,18.16966151095569
U001,28.61612721352251,77.2063825776028,2025-01-17 06:40:14,6,17,4,1,0,0.250137604837591,0.058333333333333334,4.288073225787274
U001,28.614130310359258,77.21070230640852,2025-01-17 07:09:06,7,17,4,1,0,0.47655376583574877,0.4811111111111111,0.9905274578572145
U001,28.61736931796156,77.21226849788287,2025-01-17 07:13:24,7,17,4,1,0,0.3912651383419708,0.07166666666666667,5.459513558260057
U001,28.61578905091956,77.20941824300508,2025-01-17 07:20:04,7,17,4,1,0,0.32906278202854916,0.1111111111111111,2.9615650382569427
U001,28.61649169538135,77.21085828387349,2025-01-17 07:23:22,7,17,4,1,0,0.16082000109675332,0.055,2.9240000199409693
U001,28.613482645819865,77.20756097433454,2025-01-17 07:59:45,7,17,4,1,0,0.46426920728935606,0.6063888888888889,0.7656294760612377
U001,28.62297711833176,77.21329586780124,2025-01-17 08:00:15,8,17,4,1,0,1.1949644076643313,0.008333333333333333,143.39572891971977
U001,28.62247383228848,77.21289199687028,2025-01-17 08:00:25,8,17,4,1,0,0.06845290026312,0.002777777777777778,24.643044094723198
U001,28.62487015876011,77.21483804294755,2025-01-17 08:43:07,8,17,4,1,0,0.32722993082325325,0.7116666666666667,0.4598078653254144
U001,28.6260365220514,77.21551056906469,2025-01-17 09:07:38,9,17,4,1,0,0.1453588230960688,0.4086111111111111,0.3557387920773947
U001,28.631830936680657,77.21801083096997,2025-01-17 09:12:36,9,17,4,1,0,0.6889729014387271,0.08277777777777778,8.323162567716166
U001,28.629759127532207,77.21945344081098,2025-01-17 09:34:21,9,17,4,1,0,0.26999298117726445,0.3625,0.7448082239372813
U001,28.63205265558706,77.21827905214118,2025-01-17 09:52:28,9,17,4,1,0,0.27960159854411204,0.30194444444444446,0.9260034542399295
U001,28.630260560145203,77.21764223650088,2025-01-17 10:37:39,10,17,4,1,0,0.20873951366371207,0.7530555555555556,0.2771900587197947
U001,28.629659761798223,77.21736326421433,2025-01-17 10:44:37,10,17,4,1,0,0.07214113716005148,0.11611111111111111,0.62131122912963
U001,28.62982003700878,77.22062753785939,2025-01-17 10:56:54,10,17,4,1,0,0.3190899169918431,0.20472222222222222,1.5586481698380394
U001,28.62936696502836,77.21500609400513,2025-01-17 11:35:46,11,17,4,1,0,0.5509596541951737,0.6477777777777778,0.8505380596494962
U001,28.635952084878685,77.22081520372028,2025-01-17 11:53:42,11,17,4,1,0,0.9260653886941691,0.29888888888888887,3.0983600365232427
U001,28.62760417049609,77.21764225192608,2025-01-17 11:57:42,11,17,4,1,0,0.9785384008455953,0.06666666666666667,14.67807601268393
U001,28.6272704682506,77.21523331054424,2025-01-17 12:08:52,12,17,4,1,0,0.23802691289298888,0.18611111111111112,1.2789505767384477
U001,28.63099275758264,77.22058414976895,2025-01-17 12:19:20,12,17,4,1,0,0.6663711801572944,0.17444444444444446,3.819962179245636
U001,28.63064691219024,77.21621483594407,2025-01-17 12:28:25,12,17,4,1,0,0.4281694220211918,0.15138888888888888,2.8282750812409003
U001,28.63175559351902,77.2179915717091,2025-01-17 12:53:49,12,17,4,1,0,0.21276193409620975,0.42333333333333334,0.5025872458965585
U001,28.629536049795533,77.21822002549929,2025-01-17 12:59:52,12,17,4,1,0,0.24780713392729964,0.10083333333333333,2.4575914108492527
U001,28.6324935875073,77.213836242905,2025-01-17 13:27:21,13,17,4,1,0,0.5396358562663951,0.45805555555555555,1.1781013235652047
U001,28.63280988155228,77.2209852711604,2025-01-17 13:27:29,13,17,4,1,0,0.6986088738140284,0.0022222222222222222,314.3739932163128
U001,28.6306713383319,77.21912263091774,2025-01-17 13:28:34,13,17,4,1,0,0.29932249802752736,0.018055555555555554,16.577861429216902
U001,28.62876485906917,77.21610705499398,2025-01-17 13:43:28,13,17,4,1,0,0.36271730015556525,0.24833333333333332,1.4606065778076454
U001,28.62319344117947,77.21526680305765,2025-01-17 14:02:36,14,17,4,1,0,0.6249181499517403,0.3188888888888889,1.9596736409636457
U001,28.629285951340364,77.21759826617063,2025-01-17 14:09:09,14,17,4,1,0,0.7146532987885884,0.10916666666666666,6.546442431651192
U001,28.631283739954668,77.21736759796624,2025-01-17 14:23:24,14,17,4,1,0,0.22328182614263856,0.2375,0.9401340048111098
U001,28.627204421206145,77.21903259320062,2025-01-17 14:26:09,14,17,4,1,0,0.48182983365094173,0.04583333333333333,10.512650916020547
U001,28.629904249276425,77.21745804447221,2025-01-17 14:31:36,14,17,4,1,0,0.3372550934558091,0.09083333333333334,3.7129001114401
U001,28.62621792305048,77.21880913767777,2025-01-17 15:02:14,15,17,4,1,0,0.4305901625465631,0.5105555555555555,0.8433757264241716
U001,28.63191695885569,77.22070301523765,2025-01-17 15:16:32,15,17,4,1,0,0.6601117248352062,0.23833333333333334,2.7696995447631028
U001,28.62887973287014,77.21683713091743,2025-01-17 15:32:36,15,17,4,1,0,0.506377063015755,0.2677777777777778,1.8910346751625706
U001,28.629538243398866,77.21801263316236,2025-01-17 16:05:31,16,17,4,1,0,0.1361043281343548,0.5486111111111112,0.24808890191578595
U001,28.62792265939376,77.21671116892803,2025-01-17 16:23:19,16,17,4,1,0,0.22001644381842037,0.2966666666666667,0.741628462309282
U001,28.629506153353454,77.21976398622749,2025-01-17 16:26:15,16,17,4,1,0,0.3460940941632187,0.04888888888888889,7.079197380611291
U001,28.628021125005024,77.21553309775496,2025-01-17 16:45:00,16,17,4,1,0,0.44472915505652716,0.3125,1.423133296180887
U001,28.630493476054752,77.21864947980379,2025-01-17 16:50:04,16,17,4,1,0,0.40998761103207326,0.08444444444444445,4.855116446432446
U001,28.62815349408909,77.2205212866684,2025-01-17 17:02:38,17,17,4,1,0,0.3179245406565769,0.20944444444444443,1.5179421039306058
U001,28.629089799855844,77.21657524369422,2025-01-17 17:14:57,17,17,4,1,0,0.398960423775017,0.20527777777777778,1.9435149196076607
U001,28.63157244095957,77.21810724913784,2025-01-17 17:19:28,17,17,4,1,0,0.31394973481123006,0.07527777777777778,4.170549982732208
U001,28.62520838406312,77.21545362995495,2025-01-17 17:27:48,17,17,4,1,0,0.753557161196403,0.1388888888888889,5.425611560614102
U001,28.62999748323861,77.21753961754656,2025-01-17 17:49:52,17,17,4,1,0,0.5701162422459544,0.36777777777777776,1.5501650091279726
U001,28.63345538157056,77.2187574697671,2025-01-17 18:16:22,18,17,4,1,0,0.4024530344230792,0.44166666666666665,0.9112144175616889
U001,28.632617151147635,77.21651508444397,2025-01-17 18:34:38,18,17,4,1,0,0.23787065994766105,0.30444444444444446,0.7813269852295436
U001,28.63152677794032,77.21714568994992,2025-01-17 18:39:34,18,17,4,1,0,0.135970388777125,0.08222222222222222,1.6536939175596284
U001,28.63402391071103,77.2187024491073,2025-01-17 18:42:44,18,17,4,1,0,0.3165184739815846,0.05277777777777778,5.997192138598446
U001,28.622294817300464,77.21189446185788,2025-01-17 19:10:42,19,17,4,1,0,1.4637263465456416,0.4661111111111111,3.1402949031968475
U001,28.621629760429617,77.2126907068629,2025-01-17 19:11:06,19,17,4,1,0,0.10727991350579033,0.006666666666666667,16.091987025868548
U001,28.62405831775117,77.21485346853149,2025-01-17 19:29:45,19,17,4,1,0,0.3427622534623267,0.31083333333333335,1.1027203864739732
U001,28.62041995205117,77.21236698072312,2025-01-17 19:31:44,19,17,4,1,0,0.4717809104913496,0.03305555555555555,14.272363678729906
U001,28.62182246645968,77.21276866999614,2025-01-17 19:33:17,19,17,4,1,0,0.16080559798907698,0.025833333333333333,6.224732825383625
U001,28.612595104265164,77.2066977064899,2025-01-17 20:07:07,20,17,4,1,0,1.1848703375334968,0.5638888888888889,2.101247889221965
U001,28.61562336974024,77.20849476951119,2025-01-17 20:19:28,20,17,4,1,0,0.37968055740858153,0.20583333333333334,1.8446018983412866
U001,28.60923269401925,77.21407056232525,2025-01-17 20:44:00,20,17,4,1,0,0.8951054083579912,0.4088888888888889,2.1891164878320435
U001,28.61368652215016,77.20742590580619,2025-01-17 20:45:29,20,17,4,1,0,0.8160790711062834,0.024722222222222222,33.009939954860904
U001,28.61114978056532,77.20517519446575,2025-01-17 21:09:52,21,17,4,1,0,0.3575405680492791,0.4063888888888889,0.8797990738054714
U001,28.613754845082127,77.20782541733018,2025-01-17 21:24:54,21,17,4,1,0,0.38837621998172384,0.25055555555555553,1.550060301479164
U001,28.613603049845512,77.20813998661504,2025-01-17 21:53:08,21,17,4,1,0,0.03503979615677264,0.47055555555555556,0.07446473799550266
U001,28.610636311558707,77.21065225034106,2025-01-17 22:19:12,22,17,4,1,0,0.41105495648283175,0.43444444444444447,0.9461623039246766
U001,28.61548066862067,77.20486154148846,2025-01-17 22:34:11,22,17,4,1,0,0.7808218944697488,0.24972222222222223,3.1267617576096725
U001,28.613403115924143,77.20581020035279,2025-01-17 22:34:41,22,17,4,1,0,0.24888215377580783,0.008333333333333333,29.86585845309694
U001,28.616475833425007,77.21214045496066,2025-01-17 22:47:13,22,17,4,1,0,0.7060883925778425,0.2088888888888889,3.3802103900003098
U001,28.617872415013053,77.20596621498429,2025-01-17 23:21:39,23,17,4,1,0,0.6223613639396389,0.5738888888888889,1.0844631704659728
U001,28.617326497806253,77.21171986758561,2025-01-17 23:21:53,23,17,4,1,0,0.5648902580391004,0.0038888888888888888,145.2574949243401
U001,28.612955383232087,77.208340521014,2025-01-17 23:31:17,23,17,4,1,0,0.5874128822274021,0.15666666666666668,3.749443929111077
U001,28.613898417030555,77.2082341684236,2025-01-17 23:33:07,23,17,4,1,0,0.10537322848622771,0.030555555555555555,3.448578386821998
U001,28.61208126759123,77.20959870033656,2025-01-18 00:15:28,0,18,5,1,1,0.2420110245177317,0.7058333333333333,0.34287276200859274
U001,28.613327147050818,77.21391164509322,2025-01-18 00:19:06,0,18,5,1,1,0.44321724537939305,0.06055555555555556,7.319183868650527
U001,28.61080533363842,77.2078186841805,2025-01-18 00:23:05,0,18,5,1,1,0.657558804109867,0.06638888888888889,9.904651442659086
U001,28.61379923715653,77.21229550809998,2025-01-18 00:48:41,0,18,5,1,1,0.5493666552709537,0.4266666666666667,1.2875780982912977
U001,28.613721487762167,77.2084120261155,2025-01-18 01:31:55,1,18,5,1,1,0.37918259058005893,0.7205555555555555,0.5262364402807295
U001,28.61110951874355,77.20519594379034,2025-01-18 01:49:47,1,18,5,1,1,0.4276827046048524,0.29777777777777775,1.4362478885983851
U001,28.615228098247016,77.21250642511103,2025-01-18 01:50:18,1,18,5,1,1,0.847924072910237,0.008611111111111111,98.46860201538236
U001,28.612292191790587,77.2102080225483,2025-01-18 02:16:34,2,18,5,1,1,0.39611990409567543,0.43777777777777777,0.9048424205231165
U001,28.61515166581094,77.20978642191106,2025-01-18 02:36:33,2,18,5,1,1,0.32061130294326223,0.33305555555555555,0.9626361055844405
U001,28.61386671759432,77.20820570778045,2025-01-18 02:39:05,2,18,5,1,1,0.21029251146063624,0.042222222222222223,4.980612113541384
U001,28.612692996375028,77.20578443957773,2025-01-18 03:20:15,3,18,5,1,1,0.26999176842150396,0.6861111111111111,0.39351026976413533
U001,28.61678840568683,77.20671597755239,2025-01-18 03:38:04,3,18,5,1,1,0.4643784027913653,0.29694444444444446,1.5638561740401449
U001,28.613075293750303,77.20752563982401,2025-01-18 03:41:37,3,18,5,1,1,0.42037553924257265,0.059166666666666666,7.104938691423763
U001,28.615983004918377,77.20808596366713,2025-01-18 03:42:14,3,18,5,1,1,0.32791639936019107,0.010277777777777778,31.905379397207778
U001,28.61342156925417,77.20688379199127,2025-01-18 04:32:17,4,18,5,1,1,0.30804591533072506,0.8341666666666666,0.36928581258428583
U001,28.613677721685345,77.20610571399928,2025-01-18 04:35:54,4,18,5,1,1,0.08111690203004528,0.06027777777777778,1.3457181903601982
U001,28.613856074827275,77.20739491550158,2025-01-18 04:42:41,4,18,5,1,1,0.12739779250330327,0.11305555555555556,1.1268600811102991
U001,28.612064107304818,77.20607288688244,2025-01-18 04:58:01,4,18,5,1,1,0.23739746955958554,0.25555555555555554,0.9289466200157696
U001,28.61279706659803,77.21031824950126,2025-01-18 05:14:53,5,18,5,1,1,0.42235231516371546,0.2811111111111111,1.5024390657997784
U001,28.61292101208549,77.20908820222775,2025-01-18 05:26:23,5,18,5,1,1,0.1208598232763264,0.19166666666666668,0.6305729910069203
U001,28.61471029051114,77.20570022185292,2025-01-18 05:31:35,5,18,5,1,1,0.3859500568417636,0.08666666666666667,4.453269886635733
U001,28.616759501979445,77.20866470916988,2025-01-18 05:42:14,5,18,5,1,1,0.368316256911131,0.1775,2.075021165696513
U001,28.6197057520952,77.21162134704949,2025-01-18 06:03:14,6,18,5,1,1,0.43659597495026853,0.35,1.2474170712864816
U001,28.61447294540242,77.2082427671358,2025-01-18 06:11:02,6,18,5,1,1,0.6688220073949386,0.13,5.1447846722687585
U001,28.6140882370627,77.20813419876264,2025-01-18 06:37:33,6,18,5,1,1,0.04407082456948222,0.4419444444444444,0.09972028186683596
U001,28.616583532705285,77.20713467469498,2025-01-18 06:49:51,6,18,5,1,1,0.29411838054378325,0.205,1.43472380753065
U001,28.61443383033107,77.20909528637051,2025-01-18 06:57:58,6,18,5,1,1,0.30621046370048277,0.13527777777777777,2.2635681094902216
U001,28.613389438034872,77.20944377855847,2025-01-18 07:05:53,7,18,5,1,1,0.12101095360410931,0.13194444444444445,0.9171356483679863
U001,28.60878922367636,77.20239562324586,2025-01-18 07:31:23,7,18,5,1,1,0.8573353692147674,0.425,2.017259692270041
U001,28.61572266648312,77.20886359847367,2025-01-18 07:34:31,7,18,5,1,1,0.996504831015123,0.052222222222222225,19.082007402417247
U001,28.614898482509982,77.20903595283704,2025-01-18 07:44:26,7,18,5,1,1,0.09317654237507769,0.16527777777777777,0.5637572311769407
U001,28.62872245131474,77.194965428583,2025-01-18 08:01:47,8,18,5,1,1,2.0613157513083107,0.2891666666666667,7.128469456973985
U001,28.61944874442096,77.18861270279544,2025-01-18 08:14:30,8,18,5,1,1,1.2032546345505826,0.21194444444444444,5.6772171486003895
U001,28.62503015510429,77.19234191414513,2025-01-18 08:20:39,8,18,5,1,1,0.7194912218266484,0.1025,7.019426554406326
U001,28.6248360260505,77.19409933656806,2025-01-18 08:43:44,8,18,5,1,1,0.172884505161499,0.38472222222222224,0.44937488706238005
U001,28.62522263841892,77.19281345933287,2025-01-18 09:06:38,9,18,5,1,1,0.13266509375062346,0.38166666666666665,0.3475941320977034
U001,28.62518173615989,77.19431131144441,2025-01-18 09:10:06,9,18,5,1,1,0.1462668314301538,0.057777777777777775,2.5315413132142
U001,28.62566874064888,77.19498481011463,2025-01-18 09:16:12,9,18,5,1,1,0.08516862911316261,0.10166666666666667,0.837724220785206
U001,28.627098669722965,77.19463572825929,2025-01-18 09:58:56,9,18,5,1,1,0.16261036065414516,0.7122222222222222,0.22831407892157668
U001,28.62458410705116,77.19530055179176,2025-01-18 10:07:55,10,18,5,1,1,0.2870373326935408,0.14972222222222223,1.9171324632592706
U001,28.623638984803865,77.19424412189849,2025-01-18 10:17:57,10,18,5,1,1,0.14723016047643075,0.16722222222222222,0.8804461423839713
U001,28.62495278906272,77.19629122782153,2025-01-18 10:35:04,10,18,5,1,1,0.24751704993639875,0.2852777777777778,0.8676352285988661
U001,28.62190766564679,77.19458165981665,2025-01-18 10:58:02,10,18,5,1,1,0.37748487196177744,0.3827777777777778,0.9861723795808409
U001,28.600142760172044,77.20313770057872,2025-01-18 11:05:39,11,18,5,1,1,2.5602140690155104,0.12694444444444444,20.16798828983772
U001,28.59833114500722,77.20712340053518,2025-01-18 11:23:27,11,18,5,1,1,0.4381667748270815,0.2966666666666667,1.4769666567204993
U001,28.596247746392283,77.2075566182228,2025-01-18 11:52:42,11,18,5,1,1,0.23549261735226928,0.4875,0.4830617791841421
U001,28.6036883440644,77.20218888300069,2025-01-18 12:37:06,12,18,5,1,1,0.9793540354941409,0.74,1.3234513993164065
U001,28.60561187240653,77.20651982909509,2025-01-18 12:48:55,12,18,5,1,1,0.47382172244092585,0.19694444444444445,2.405864881223319
U001,28.601930909194145,77.20239146393351,2025-01-18 12:57:44,12,18,5,1,1,0.5744218536225346,0.14694444444444443,3.9091090227620504
U001,28.5989862859312,77.20419124989718,2025-01-18 13:32:49,13,18,5,1,1,0.3715933769024712,0.5847222222222223,0.6355041125172903
U001,28.5975293593478,77.20465229093436,2025-01-18 13:37:28,13,18,5,1,1,0.16813953788999203,0.0775,2.169542424386994
U001,28.59842338495388,77.2028289207716,2025-01-18 13:50:20,13,18,5,1,1,0.20389107410187768,0.21444444444444444,0.9507873921849218
U001,28.60393798977616,77.20380364861701,2025-01-18 14:02:25,14,18,5,1,1,0.6205357792366806,0.2013888888888889,3.081281110692483
U001,28.59952052158957,77.20477345618703,2025-01-18 14:08:03,14,18,5,1,1,0.500241372623194,0.09388888888888888,5.328014619655321
U001,28.59687999324921,77.20681003597011,2025-01-18 14:16:21,14,18,5,1,1,0.35460091770056007,0.13833333333333334,2.5633801279558557
U001,28.59912056430771,77.20556414186721,2025-01-18 14:31:26,14,18,5,1,1,0.2772471991402724,0.2513888888888889,1.1028617866353378
U001,28.60533621887529,77.20707210385385,2025-01-18 14:41:37,14,18,5,1,1,0.7066537807528643,0.16972222222222222,4.163590197561885
U001,28.6396057768159,77.22492059668632,2025-01-18 15:26:17,15,18,5,1,1,4.189950440780852,0.7444444444444445,5.628291636869801
U001,28.642919489306728,77.22816015541552,2025-01-18 15:58:58,15,18,5,1,1,0.48550624233808115,0.5447222222222222,0.8912914188766405
U001,28.63877896980938,77.22467606429163,2025-01-18 15:59:24,15,18,5,1,1,0.5723454405856861,0.007222222222222222,79.24783023494116
U001,28.640660572951496,77.22711373092577,2025-01-18 16:13:15,16,18,5,1,1,0.31680895895891237,0.23083333333333333,1.3724575839375266
U001,28.635564750776705,77.22633138178217,2025-01-18 16:20:12,16,18,5,1,1,0.5717504086351819,0.11583333333333333,4.9359747508073255
U001,28.63832140654987,77.22824079737397,2025-01-18 16:42:14,16,18,5,1,1,0.35872397571139963,0.3672222222222222,0.9768580276558537
U001,28.64345166265364,77.222169467482,2025-01-18 16:45:08,16,18,5,1,1,0.8224809655432347,0.04833333333333333,17.016847562963477
U001,28.641833586854663,77.22335792036444,2025-01-18 17:10:33,17,18,5,1,1,0.2140626588137858,0.4236111111111111,0.5053282437571337
U001,28.64051007055312,77.22457984345097,2025-01-18 17:20:42,17,18,5,1,1,0.18941533813468367,0.16916666666666666,1.1196965801065044
U001,28.638210086893185,77.22340658459092,2025-01-18 17:27:11,17,18,5,1,1,0.28020764801062065,0.10805555555555556,2.593181318350217
U001,28.636215410113003,77.22884836701294,2025-01-18 17:54:47,17,18,5,1,1,0.5755329676297439,0.46,1.251158625282052
U001,28.63877156593432,77.22614128018265,2025-01-18 18:00:34,18,18,5,1,1,0.3880522089067834,0.09638888888888889,4.025901879148185
U001,28.639262992592336,77.22251818444391,2025-01-18 18:30:15,18,18,5,1,1,0.35777904010191597,0.49472222222222223,0.7231917711212226
U001,28.6379772206119,77.22376670576001,2025-01-18 18:32:08,18,18,5,1,1,0.1878482745043978,0.03138888888888889,5.984546798370196
U001,28.61346338356564,77.20877030407014,2025-01-18 19:22:21,19,18,5,1,1,3.093942213040308,0.8369444444444445,3.6967115721689705
U001,28.61698303248815,77.21001848274072,2025-01-18 19:28:15,19,18,5,1,1,0.4098937103440143,0.09833333333333333,4.168410613667942
U001,28.61331418262561,77.20842549726322,2025-01-18 19:38:19,19,18,5,1,1,0.43658726086953864,0.16777777777777778,2.602175727036985
U001,28.61397325592652,77.21161061893828,2025-01-18 20:07:05,20,18,5,1,1,0.31943462666361927,0.47944444444444445,0.6662599397387192
U001,28.613416422765194,77.20993404238524,2025-01-18 20:22:51,20,18,5,1,1,0.17497923621282513,0.2627777777777778,0.6658829285054656
U001,28.61707559966448,77.20743044329103,2025-01-18 20:57:36,20,18,5,1,1,0.4746329543789337,0.5791666666666667,0.8195101370571517
U001,28.61325483156148,77.20921404527596,2025-01-18 21:15:12,21,18,5,1,1,0.45913986001211093,0.29333333333333333,1.5652495227685599
U001,28.614072428257085,77.20810865066345,2025-01-18 21:53:10,21,18,5,1,1,0.14109597348141428,0.6327777777777778,0.22297871138414901
U001,28.614198374217537,77.21169721161385,2025-01-18 21:54:40,21,18,5,1,1,0.35057404600928077,0.025,14.02296184037123
U001,28.615103446178395,77.20722689216969,2025-01-18 21:56:38,21,18,5,1,1,0.44781911445007605,0.03277777777777778,13.66227806796842
U001,28.6172100062952,77.21051813229654,2025-01-18 22:06:46,22,18,5,1,1,0.39759177395235645,0.1688888888888889,2.3541618194547422
U001,28.61254280438898,77.21023352761297,2025-01-18 22:22:31,22,18,5,1,1,0.5197122284375552,0.2625,1.9798561083335433
U001,28.61513977240078,77.20964521705514,2025-01-18 22:39:41,22,18,5,1,1,0.2944246040863517,0.2861111111111111,1.0290568686513264
U001,28.61265404187997,77.21224437072149,2025-01-18 22:59:38,22,18,5,1,1,0.3751912007486776,0.3325,1.1283945887178273
U001,28.61492022793326,77.21117675887496,2025-01-18 23:06:17,23,18,5,1,1,0.2726880582196853,0.11083333333333334,2.4603433824332503
U001,28.613212087218,77.20712032398518,2025-01-18 23:21:36,23,18,5,1,1,0.43916356936134304,0.25527777777777777,1.7203360714916593
U001,28.61497012541988,77.20958286455395,2025-01-18 23:42:58,23,18,5,1,1,0.3098327574013423,0.3561111111111111,0.8700451845903528
U001,28.61400029155798,77.21142824558751,2025-01-18 23:58:35,23,18,5,1,1,0.2099478153367281,0.2602777777777778,0.8066298134602147
U001,28.61256608006908,77.210759397681,2025-01-19 00:12:01,0,19,6,1,1,0.17232425590662745,0.2238888888888889,0.7696865028087578
U001,28.614594119455788,77.2112650196197,2025-01-19 00:13:44,0,19,6,1,1,0.23084571313439473,0.02861111111111111,8.068393857124475
U001,28.60941715127406,77.21121322144845,2025-01-19 00:19:37,0,19,6,1,1,0.575674803339166,0.09805555555555556,5.870904509974497
U001,28.61618952636152,77.2112694659943,2025-01-19 00:21:03,0,19,6,1,1,0.753073765127381,0.02388888888888889,31.52401807509967
U001,28.615429389478813,77.20738521886743,2025-01-19 00:35:54,0,19,6,1,1,0.3884583851637425,0.2475,1.569528828944414
U001,28.61417821857393,77.20736193714468,2025-01-19 01:34:07,1,19,6,1,1,0.1391424174763241,0.9702777777777778,0.14340472456764009
U001,28.615450029437977,77.21049394254938,2025-01-19 01:43:08,1,19,6,1,1,0.33684963635948706,0.1502777777777778,2.241513291856106
U001,28.61365074056772,77.20881617931579,2025-01-19 01:44:09,1,19,6,1,1,0.25855411432273506,0.016944444444444446,15.258931337079446
U001,28.61564967186177,77.20927904413914,2025-01-19 01:55:19,1,19,6,1,1,0.22681669161944434,0.18611111111111112,1.218716551985074
U001,28.61221302555384,77.20777870273436,2025-01-19 02:07:23,2,19,6,1,1,0.4092409755117164,0.2011111111111111,2.034899878235054
U001,28.61377254361903,77.21016477652834,2025-01-19 02:12:26,2,19,6,1,1,0.2903817136054248,0.08416666666666667,3.4500797656090074
U001,28.612416959813945,77.20796460579645,2025-01-19 02:20:31,2,19,6,1,1,0.26238681561379135,0.13472222222222222,1.9476134767209257
U001,28.61470573928092,77.20922018512768,2025-01-19 02:38:40,2,19,6,1,1,0.2824752420097113,0.3025,0.9338024529246655
U001,28.613550732396,77.20822476982312,2025-01-19 02:46:07,2,19,6,1,1,0.1610460941334952,0.12416666666666666,1.29701552322278
U001,28.615095539521025,77.20777827787953,2025-01-19 03:02:32,3,19,6,1,1,0.17721767332022775,0.27361111111111114,0.6476991106119998
U001,28.61410729032506,77.21177177158985,2025-01-19 03:20:37,3,19,6,1,1,0.4050120811987367,0.3013888888888889,1.343818886926684
U001,28.61435832804592,77.20925011130772,2025-01-19 03:25:16,3,19,6,1,1,0.24772713376138733,0.0775,3.1964791453082237
U001,28.615529532997304,77.20724022675107,2025-01-19 03:52:01,3,19,6,1,1,0.23548148408886369,0.44583333333333336,0.5281827680497877
U001,28.61309578438697,77.21194253707344,2025-01-19 03:58:42,3,19,6,1,1,0.5328476729870045,0.11138888888888888,4.783669882177597
U001,28.613285106027323,77.21094391754454,2025-01-19 04:19:07,4,19,6,1,1,0.09972746638525537,0.3402777777777778,0.29307663590768923
U001,28.6159152221368,77.2107271975639,2025-01-19 04:29:16,4,19,6,1,1,0.29321968941684023,0.16916666666666666,1.73331836108477
U001,28.61702248849999,77.20875258424897,2025-01-19 04:43:31,4,19,6,1,1,0.22871399186801508,0.2375,0.9630062815495373
U001,28.614212188964675,77.20841272549711,2025-01-19 04:58:28,4,19,6,1,1,0.3142470479249312,0.24916666666666668,1.261192165585008
U001,28.612121575086164,77.21219444292522,2025-01-19 05:10:29,5,19,6,1,1,0.43624968373428175,0.20027777777777778,2.178223108798078
U001,28.612341387009288,77.210787694518,2025-01-19 05:16:42,5,19,6,1,1,0.139479264700029,0.10361111111111111,1.346180570831379
U001,28.612907640621543,77.20956745418157,2025-01-19 05:29:01,5,19,6,1,1,0.13473222163411236,0.20527777777777778,0.6563409984882334
U001,28.61502364846359,77.2091339354811,2025-01-19 05:34:06,5,19,6,1,1,0.23906453614524284,0.08472222222222223,2.8217453446651612
U001,28.61260220350119,77.20636956112654,2025-01-19 05:53:56,5,19,6,1,1,0.3811980910950623,0.33055555555555555,1.1532043091951465
U001,28.612449328127777,77.21019397654291,2025-01-19 06:17:32,6,19,6,1,1,0.37370947507720764,0.3933333333333333,0.9501088349420533
U001,28.61484650027708,77.20912957813746,2025-01-19 06:25:25,6,19,6,1,1,0.28608753899136646,0.1313888888888889,2.177410444754586
U001,28.615577299422267,77.20999449590416,2025-01-19 06:37:55,6,19,6,1,1,0.11718083433807999,0.20833333333333334,0.5624680048227839
U001,28.61230357171794,77.21018685920829,2025-01-19 07:00:56,7,19,6,1,1,0.36450588947388224,0.3836111111111111,0.9501963809601565
U001,28.6116136384552,77.20658275877541,2025-01-19 07:07:11,7,19,6,1,1,0.360085655585463,0.10416666666666667,3.4568222936204447
U001,28.612483941880782,77.20922297667713,2025-01-19 07:32:45,7,19,6,1,1,0.27529733719938254,0.4261111111111111,0.6460693702201937
U001,28.61358647467693,77.20765081053655,2025-01-19 07:53:21,7,19,6,1,1,0.19642296045865795,0.3433333333333333,0.5721057100737611
U001,28.616537258697427,77.21275505318496,2025-01-19 08:09:35,8,19,6,1,1,0.596575613731155,0.27055555555555555,2.2050022684108397
U001,28.61647555944681,77.20627878442026,2025-01-19 08:31:12,8,19,6,1,1,0.6321982163943305,0.36027777777777775,1.7547521812024596
U001,28.61537538600508,77.20643685930636,2025-01-19 08:48:00,8,19,6,1,1,0.12330297120617312,0.28,0.4403677543077611
U001,28.62632201033176,77.19426885703919,2025-01-19 09:16:40,9,19,6,1,1,1.7006505585849272,0.4777777777777778,3.559501169131243
U001,28.622763267924554,77.19593066987188,2025-01-19 09:27:07,9,19,6,1,1,0.42766644983064267,0.17416666666666666,2.4555011473529724
U001,28.62648821239113,77.19372387445185,2025-01-19 09:52:41,9,19,6,1,1,0.4668527871674161,0.4261111111111111,1.095612799089112
U001,28.62519403626421,77.19815434211162,2025-01-19 10:05:13,10,19,6,1,1,0.455744274238775,0.2088888888888889,2.181754504334561
U001,28.62391990281564,77.19610321490853,2025-01-19 10:45:37,10,19,6,1,1,0.2452592552216182,0.6733333333333333,0.36424641864596763
U001,28.62580291672418,77.19560924189867,2025-01-19 10:51:42,10,19,6,1,1,0.214860940033365,0.10138888888888889,2.1191763948496276
U001,28.62817230473416,77.19363699014632,2025-01-19 10:52:00,10,19,6,1,1,0.3262942995341707,0.005,65.25885990683415
U001,28.622839842221087,77.1947736234563,2025-01-19 10:55:49,10,19,6,1,1,0.6032318774982203,0.0636111111111111,9.483121218312634
U001,28.62625654216903,77.19226881630777,2025-01-19 11:14:37,11,19,6,1,1,0.45178489666880417,0.31333333333333335,1.4418666914961835
U001,28.623602049204365,77.20012350422532,2025-01-19 11:18:16,11,19,6,1,1,0.8215075732707877,0.060833333333333336,13.504234081163633
U001,28.627272174962307,77.19313177120873,2025-01-19 11:32:20,11,19,6,1,1,0.7951351809360754,0.23444444444444446,3.391571861812644
U001,28.62511651829172,77.19074549968565,2025-01-19 11:39:34,11,19,6,1,1,0.3342167873828853,0.12055555555555555,2.772305148798127
U001,28.603772770459624,77.20351478910203,2025-01-19 12:00:10,12,19,6,1,1,2.680725967829865,0.3433333333333333,7.807939712125821
U001,28.60014285943086,77.20532852040745,2025-01-19 12:21:53,12,19,6,1,1,0.4407581979151135,0.36194444444444446,1.2177509689135906
U001,28.59970772172548,77.20488968756105,2025-01-19 12:22:17,12,19,6,1,1,0.0646263247294424,0.006666666666666667,9.69394870941636
U001,28.60053200206889,77.20455730560357,2025-01-19 12:26:30,12,19,6,1,1,0.0972304187746929,0.07027777777777777,1.3835158402723102
U001,28.598497608856302,77.2046588708587,2025-01-19 12:59:48,12,19,6,1,1,0.22643141320836843,0.555,0.4079845283033665
U001,28.59474692780083,77.20268528303896,2025-01-19 13:01:21,13,19,6,1,1,0.45941561316529034,0.025833333333333333,17.783830187043495
U001,28.60003266100827,77.20530609282359,2025-01-19 13:01:39,13,19,6,1,1,0.6410265612182637,0.005,128.20531224365274
U001,28.598016564801352,77.20423991190997,2025-01-19 13:09:07,13,19,6,1,1,0.24716614342236304,0.12444444444444444,1.9861565096439888
U001,28.59756649691337,77.2046599472508,2025-01-19 13:44:27,13,19,6,1,1,0.06470057842045092,0.5888888888888889,0.1098689067517091
U001,28.60219663660752,77.20367562904292,2025-01-19 14:37:01,14,19,6,1,1,0.5237394622479061,0.8761111111111111,0.5978002739671725
U001,28.602894538793947,77.2080452564536,2025-01-19 14:40:50,14,19,6,1,1,0.4335856215552518,0.0636111111111111,6.816193177287802
U001,28.59865678013853,77.20648501202686,2025-01-19 14:42:32,14,19,6,1,1,0.4952246689024525,0.028333333333333332,17.478517725968914
U001,28.599053439623862,77.21011496958374,2025-01-19 14:46:30,14,19,6,1,1,0.3571208180739971,0.0661111111111111,5.401827500278948
U001,28.60104618640632,77.20469162022084,2025-01-19 15:10:17,15,19,6,1,1,0.5739633189316063,0.3963888888888889,1.4479803420839403
U001,28.59725890006681,77.20689898740717,2025-01-19 15:11:42,15,19,6,1,1,0.473063023392632,0.02361111111111111,20.035610402511473
U001,28.60079008544402,77.20674484293046,2025-01-19 15:22:12,15,19,6,1,1,0.3929381768214063,0.175,2.245361010408036
U001,28.60014374629769,77.20550502490892,2025-01-19 15:23:36,15,19,6,1,1,0.14076861247228878,0.023333333333333334,6.032940534526662
U001,28.59934522698958,77.20256466994188,2025-01-19 15:30:27,15,19,6,1,1,0.30047801309343714,0.11416666666666667,2.6319242022782814
U001,28.63849789901598,77.22464855022572,2025-01-19 16:01:17,16,19,6,1,1,4.858009650136539,0.5138888888888888,9.453424184049483
U001,28.64009582735765,77.22446618085769,2025-01-19 16:17:06,16,19,6,1,1,0.17857065077229609,0.26361111111111113,0.6774018364386363
U001,28.639313806947,77.2242189108597,2025-01-19 16:28:32,16,19,6,1,1,0.09024290071910239,0.19055555555555556,0.4735779046483507
U001,28.641006683889536,77.22606729390876,2025-01-19 16:40:17,16,19,6,1,1,0.26071492199636426,0.19583333333333333,1.3313102399814345
U001,28.636875251196454,77.22275257981617,2025-01-19 16:52:53,16,19,6,1,1,0.5618599922460082,0.21,2.675523772600039
U001,28.64009933652813,77.2244539700786,2025-01-19 17:17:57,17,19,6,1,1,0.39508645983617013,0.4177777777777778,0.9456856751397689
U001,28.64155992667886,77.22545524129086,2025-01-19 17:53:23,17,19,6,1,1,0.18953885428074166,0.5905555555555555,0.32095008250737067
U001,28.63850002213675,77.22486874740953,2025-01-19 17:58:12,17,19,6,1,1,0.3450263776981825,0.08027777777777778,4.297906434994661
U001,28.635857747730512,77.22245227840502,2025-01-19 18:01:08,18,19,6,1,1,0.3767472727023819,0.04888888888888889,7.706194214366902
U001,28.63499044506399,77.22345672845104,2025-01-19 18:02:21,18,19,6,1,1,0.13751442991362248,0.020277777777777777,6.781533529986862
U001,28.638116296567045,77.22504375684126,2025-01-19 18:34:09,18,19,6,1,1,0.3805257912491316,0.53,0.7179731910360974
U001,28.63835023008785,77.22501806872323,2025-01-19 18:39:01,18,19,6,1,1,0.026132745939125287,0.0811111111111111,0.32218453897551724
U001,28.63666911454094,77.22556486923324,2025-01-19 19:35:24,19,19,6,1,1,0.1943992368797127,0.9397222222222222,0.20686883025922723
U001,28.63846945981761,77.22420972731062,2025-01-19 19:36:55,19,19,6,1,1,0.23992954817268192,0.025277777777777777,9.491718389248955
U001,28.6363035061118,77.22436195161696,2025-01-19 19:53:23,19,19,6,1,1,0.2413008090954561,0.27444444444444444,0.8792337173518643
U001,28.61314937094832,77.20862204222308,2025-01-19 20:03:43,20,19,6,1,1,2.9981400676479906,0.17222222222222222,17.40855523150446
U001,28.614243930347133,77.20935472637512,2025-01-19 20:08:03,20,19,6,1,1,0.14116794682152806,0.07222222222222222,1.9546331098365426
U001,28.61615654331614,77.2114123437591,2025-01-19 20:52:47,20,19,6,1,1,0.2925246242459459,0.7455555555555555,0.39235791627623146
U001,28.61015746617511,77.21084676788723,2025-01-19 20:56:49,20,19,6,1,1,0.6693476726986645,0.06722222222222222,9.957238106261125
U001,28.616306818252102,77.20901642971576,2025-01-19 21:02:55,21,19,6,1,1,0.706734065167095,0.10166666666666667,6.951482608200934
U001,28.61279000093004,77.20845353480463,2025-01-19 21:08:58,21,19,6,1,1,0.3948935941270625,0.10083333333333333,3.916300107045248
U001,28.61362177630072,77.21176782296953,2025-01-19 21:25:56,21,19,6,1,1,0.3364849866986614,0.2827777777777778,1.1899272614098044
U001,28.617814887937087,77.2074681664654,2025-01-19 21:29:05,21,19,6,1,1,0.6273280017831473,0.0525,11.949104795869472
U001,28.615975330962097,77.20478522075805,2025-01-19 21:53:41,21,19,6,1,1,0.3323025655731607,0.41,0.8104940623735627
U001,28.6144636409944,77.20875224673165,2025-01-19 22:44:40,22,19,6,1,1,0.42214331458194826,0.8497222222222223,0.4968015470725772
U001,28.61412981462523,77.2102170385157,2025-01-19 22:58:02,22,19,6,1,1,0.14772387473784335,0.22277777777777777,0.6630996871025387
U001,28.614178822660044,77.21003307613104,2025-01-19 22:58:18,22,19,6,1,1,0.01876597679922602,0.0044444444444444444,4.222344779825854
U001,28.61438766627438,77.20259953220813,2025-01-19 23:08:53,23,19,6,1,1,0.7259893137212483,0.1763888888888889,4.115844928183455
U001,28.61367616805845,77.20921089534244,2025-01-19 23:39:47,23,19,6,1,1,0.6501942810275049,0.515,1.2625131670436986
U001,28.612586950570307,77.21154877174493,2025-01-19 23:46:10,23,19,6,1,1,0.2583595099366277,0.1063888888888889,2.428444479822088
U001,28.61440003266986,77.20968778966248,2025-01-19 23:46:31,23,19,6,1,1,0.27137587873642366,0.005833333333333334,46.52157921195834
U001,28.613561107465497,77.20627480343273,2025-01-19 23:59:20,23,19,6,1,1,0.3459695858642569,0.2136111111111111,1.619623548909395
U001,28.612621681624443,77.20780519397232,2025-01-20 00:22:56,0,20,0,1,0,0.18228795590462732,0.3933333333333333,0.4634439556897305
U001,28.61576816130849,77.20466503618935,2025-01-20 00:40:40,0,20,0,1,0,0.46515321346154354,0.29555555555555557,1.573826662087929
U001,28.61313718222868,77.2092882843325,2025-01-20 00:50:23,0,20,0,1,0,0.5378212522948337,0.16194444444444445,3.3210231702596933
U001,28.613379792845464,77.2094227575008,2025-01-20 00:59:38,0,20,0,1,0,0.03000116060418022,0.15416666666666667,0.19460212283792575
U001,28.61362254340488,77.21064877501978,2025-01-20 01:02:31,1,20,0,1,0,0.12268360967758402,0.04805555555555555,2.552953727394812
U001,28.61222739302604,77.20941481450316,2025-01-20 01:40:48,1,20,0,1,0,0.19640636016628343,0.6380555555555556,0.3078201552453724
U001,28.61166133290082,77.20507022099669,2025-01-20 01:46:30,1,20,0,1,0,0.4287478992777938,0.095,4.513135781871513
U001,28.61105282990936,77.21195021628544,2025-01-20 02:16:44,2,20,0,1,0,0.6750022496778817,0.5038888888888889,1.339585501014539
U001,28.61465664864648,77.21118702184772,2025-01-20 02:26:12,2,20,0,1,0,0.4075926707368515,0.15777777777777777,2.583333828613848
U001,28.61261551814597,77.21264527086191,2025-01-20 02:39:00,2,20,0,1,0,0.2679082930278794,0.21333333333333335,1.2558201235681845
U001,28.619630859746984,77.20959767808525,2025-01-20 02:46:15,2,20,0,1,0,0.8348686293080445,0.12083333333333333,6.909257621859679
U001,28.61529002169715,77.20986425691451,2025-01-20 03:04:48,3,20,0,1,0,0.4833800512080698,0.30916666666666665,1.5634934270880965
U001,28.61125128762837,77.2120274397064,2025-01-20 03:46:38,3,20,0,1,0,0.49625294701935435,0.6972222222222222,0.7117572148484764
U001,28.612315472478056,77.20835650832372,2025-01-20 03:54:06,3,20,0,1,0,0.3773751186436348,0.12444444444444444,3.03247863195778
U001,28.61524868693788,77.21051548822014,2025-01-20 04:05:02,4,20,0,1,0,0.38832199625200065,0.18222222222222223,2.1310353452853694
U001,28.617663012329384,77.20782491376772,2025-01-20 04:26:38,4,20,0,1,0,0.3755620640990033,0.36,1.0432279558305646
U001,28.612887811829584,77.20765858792701,2025-01-20 04:54:50,4,20,0,1,0,0.5312262266932839,0.47,1.130268567432519
U001,28.614672102137547,77.20537962209097,2025-01-20 05:02:53,5,20,0,1,0,0.29808154458828673,0.13416666666666666,2.2217257981735656
U001,28.614698466723294,77.20897508931702,2025-01-20 05:27:33,5,20,0,1,0,0.3509787670193355,0.4111111111111111,0.8537321359929783
U001,28.613850313917947,77.21197883060447,2025-01-20 05:40:16,5,20,0,1,0,0.3080014183664014,0.21194444444444444,1.4532177013355767
U001,28.610043960412604,77.20727711530417,2025-01-20 05:47:15,5,20,0,1,0,0.6243280791698361,0.11638888888888889,5.36415533415611
U001,28.611413926809625,77.21197738286851,2025-01-20 06:05:26,6,20,0,1,0,0.48345421389713406,0.3030555555555556,1.5952659670299565
U001,28.615438385900223,77.204879577921,2025-01-20 06:22:15,6,20,0,1,0,0.8248016492008086,0.2802777777777778,2.9428007305479786
U001,28.615849781121234,77.20635063031945,2025-01-20 06:58:46,6,20,0,1,0,0.1507039504562428,0.6086111111111111,0.24761945305452948
U001,28.613825070772844,77.20682528593925,2025-01-20 07:04:45,7,20,0,1,0,0.22985566949227798,0.09972222222222223,2.304959359811144
U001,28.612814817193257,77.21153922097741,2025-01-20 07:15:22,7,20,0,1,0,0.4736637613817454,0.17694444444444443,2.6769066577304295
U001,28.61524744895598,77.2089887648853,2025-01-20 07:40:31,7,20,0,1,0,0.36762714549079584,0.4191666666666667,0.8770428918269483
U001,28.6195671924716,77.21744427392879,2025-01-20 08:10:47,8,20,0,1,0,0.9549477296464061,0.5044444444444445,1.8930681865237124
U001,28.621417860807664,77.21548253057169,2025-01-20 08:24:52,8,20,0,1,0,0.2810923180897707,0.23472222222222222,1.1975530711516857
U001,28.62261523011233,77.21217478584813,2025-01-20 08:41:57,8,20,0,1,0,0.3492336536911146,0.2847222222222222,1.2265767349151342
U001,28.62551399919831,77.21518219926278,2025-01-20 08:48:44,8,20,0,1,0,0.43595907051511334,0.11305555555555556,3.856149026669307
U001,28.62095100506866,77.21569396402045,2025-01-20 08:52:37,8,20,0,1,0,0.5098346836093829,0.06472222222222222,7.877274081518362
U001,28.625315657158847,77.21664838137083,2025-01-20 09:20:38,9,20,0,1,0,0.4941868246823635,0.46694444444444444,1.0583418018182682
U001,28.62688012173888,77.21730498054285,2025-01-20 09:36:14,9,20,0,1,0,0.18538955050078426,0.26,0.7130367326953241
U001,28.63032561863482,77.22076788740615,2025-01-20 09:37:34,9,20,0,1,0,0.5108954319472433,0.022222222222222223,22.99029443762595
U001,28.629892074191947,77.21893283791779,2025-01-20 10:12:54,10,20,0,1,0,0.1854740729893858,0.5888888888888889,0.3149559730008438
U001,28.63036603810245,77.21758642279717,2025-01-20 10:36:19,10,20,0,1,0,0.1415835225806752,0.3902777777777778,0.3627762856159649
U001,28.63144698415724,77.22051627380853,2025-01-20 10:47:09,10,20,0,1,0,0.3101836894561069,0.18055555555555555,1.717940433910746
U001,28.63015615450728,77.21442191816944,2025-01-20 10:58:19,10,20,0,1,0,0.6118740265546866,0.18611111111111112,3.287681336711749
U001,28.6326849906538,77.22298681504377,2025-01-20 11:02:15,11,20,0,1,0,0.881945302464603,0.06555555555555556,13.45340291895157
U001,28.629091426512456,77.21919475673909,2025-01-20 11:07:29,11,20,0,1,0,0.5446490544846766,0.08722222222222223,6.244384064155527
U001,28.62902036319499,77.22043398281502,2025-01-20 11:15:32,11,20,0,1,0,0.1212066207560015,0.13416666666666666,0.9034033845167814
U001,28.62800686671294,77.21680782074905,2025-01-20 11:42:04,11,20,0,1,0,0.3714255625299456,0.44222222222222224,0.839907050947113
U001,28.63287198671356,77.21625499924646,2025-01-20 11:44:49,11,20,0,1,0,0.5436606195448523,0.04583333333333333,11.861686244614962
U001,28.63152599691202,77.21827393709461,2025-01-20 12:02:56,12,20,0,1,0,0.24743928294678644,0.30194444444444446,0.8194861256747297
U001,28.629630242326428,77.21583628758658,2025-01-20 12:07:31,12,20,0,1,0,0.31786462142321725,0.0763888888888889,4.161136862267571
U001,28.627329405679152,77.21720933905564,2025-01-20 12:07:52,12,20,0,1,0,0.28881434065496037,0.005833333333333334,49.51102982656463
U001,28.6273832648418,77.21649270516058,2025-01-20 12:11:58,12,20,0,1,0,0.07020070104302746,0.06833333333333333,1.0273273323369874
U001,28.628793704806046,77.21708503096579,2025-01-20 12:29:53,12,20,0,1,0,0.16714969629736784,0.2986111111111111,0.5597571224842086
U001,28.63192253339608,77.21650967097635,2025-01-20 13:21:12,13,20,0,1,0,0.3524125585686452,0.8552777777777778,0.41204456344498946
U001,28.629987881770607,77.21782433982361,2025-01-20 13:27:53,13,20,0,1,0,0.2504824771734458,0.11138888888888888,2.248720493327693
U001,28.63162946673289,77.21691177370884,2025-01-20 13:44:41,13,20,0,1,0,0.20310581008727288,0.28,0.7253778931688316
U001,28.62791868490821,77.21649702070732,2025-01-20 13:47:38,13,20,0,1,0,0.41460097090620246,0.049166666666666664,8.432562120126152
U001,28.63223009414448,77.22032255485153,2025-01-20 13:51:17,13,20,0,1,0,0.6076476456283749,0.060833333333333336,9.988728421288354
U001,28.63123177289086,77.21631046181795,2025-01-20 14:24:42,14,20,0,1,0,0.40700234511472316,0.5569444444444445,0.730777278011473
U001,28.62956543027968,77.22190335851357,2025-01-20 14:30:41,14,20,0,1,0,0.5764514836001294,0.09972222222222223,5.78057198039127
U001,28.632359618523274,77.21938167004173,2025-01-20 14:39:29,14,20,0,1,0,0.3963657364524643,0.14666666666666667,2.7024936576304386
U001,28.628074822866413,77.21800363133286,2025-01-20 14:57:01,14,20,0,1,0,0.49506694282610486,0.2922222222222222,1.6941454317243132
U001,28.63202847552444,77.21704089344249,2025-01-20 15:04:49,15,20,0,1,0,0.44955543206285226,0.13,3.4581187081757863
U001,28.62836648871369,77.21586812495802,2025-01-20 15:08:12,15,20,0,1,0,0.42297590950421177,0.05638888888888889,7.501050611897351
U001,28.629018188560195,77.21901104386691,2025-01-20 15:13:00,15,20,0,1,0,0.31519404618406816,0.08,3.9399255773008517
U001,28.628656102396047,77.21592432548034,2025-01-20 15:34:38,15,20,0,1,0,0.30394358599623605,0.3605555555555556,0.8429868332715329
U001,28.62676377866376,77.21736584774499,2025-01-20 15:46:04,15,20,0,1,0,0.2531209928877945,0.19055555555555556,1.3283317411021285
U001,28.62842440085908,77.21803580000895,2025-01-20 16:03:25,16,20,0,1,0,0.19588845814260478,0.2891666666666667,0.6774240627409963
U001,28.63082841174824,77.21302529592683,2025-01-20 16:10:43,16,20,0,1,0,0.5573158262522399,0.12166666666666667,4.5806780239910125
U001,28.626046549118147,77.2179999744289,2025-01-20 16:15:26,16,20,0,1,0,0.7200465010016658,0.07861111111111112,9.15960213288338
U001,28.629637966601745,77.2191143446498,2025-01-20 16:21:07,16,20,0,1,0,0.4138936710039334,0.09472222222222222,4.369551951947685
U001,28.63161711312731,77.22130043387929,2025-01-20 16:54:02,16,20,0,1,0,0.3065185313353296,0.5486111111111112,0.5587173229403476
U001,28.628164066117805,77.22284526548789,2025-01-20 17:08:48,17,20,0,1,0,0.4125037105067294,0.2461111111111111,1.6760873113140247
U001,28.62915382625589,77.21714283887208,2025-01-20 17:17:15,17,20,0,1,0,0.5673374781519773,0.14083333333333334,4.028431797528833
U001,28.63116936502045,77.21829389265751,2025-01-20 17:23:02,17,20,0,1,0,0.250697926854657,0.09638888888888889,2.600900682065606
U001,28.627454773491728,77.2233749623467,2025-01-20 18:00:14,18,20,0,1,0,0.645394668971108,0.62,1.040959143501787
U001,28.62976066953289,77.21702224925275,2025-01-20 18:46:24,18,20,0,1,0,0.6709537681023109,0.7694444444444445,0.8719976769560719
U001,28.629957241801183,77.21657806813103,2025-01-20 18:54:26,18,20,0,1,0,0.04855047368758052,0.1338888888888889,0.36261764579935657
U001,28.628832799348025,77.21526035108545,2025-01-20 18:55:48,18,20,0,1,0,0.17936937862135635,0.02277777777777778,7.874753207766864
U001,28.63185205045749,77.22020528863648,2025-01-20 18:56:15,18,20,0,1,0,0.5879071187869477,0.0075,78.38761583825969
U001,28.61946723299308,77.21504082589324,2025-01-20 19:20:07,19,20,0,1,0,1.4664820581517144,0.3977777777777778,3.6866867383702315
U001,28.619883063465803,77.2150113507169,2025-01-20 19:48:45,19,20,0,1,0,0.04632766026569563,0.4772222222222222,0.09707775142986279
U001,28.622451466468675,77.21434426045768,2025-01-20 19:59:32,19,20,0,1,0,0.29292198988784496,0.17972222222222223,1.6298596037036195
U001,28.6099857910788,77.23116432416336,2025-01-20 20:21:10,20,20,0,1,0,2.1487152072545257,0.3605555555555556,5.959456661106542
U001,28.61119851742264,77.2301851129993,2025-01-20 20:35:05,20,20,0,1,0,0.1652916641766771,0.23194444444444445,0.7126347198036378
U001,28.608826644141995,77.23562010774731,2025-01-20 20:42:34,20,20,0,1,0,0.5924908969440029,0.12472222222222222,4.75048380623254
U001,28.60715496072989,77.23128251429675,2025-01-20 20:50:08,20,20,0,1,0,0.46243885026999043,0.12611111111111112,3.6669159933303206
U001,28.611005306107604,77.23216791895328,2025-01-20 21:47:28,21,20,0,1,0,0.4367761564339253,0.9555555555555556,0.4570913265006195
U001,28.6071325810578,77.22977099224953,2025-01-20 21:48:18,21,20,0,1,0,0.4900908068030734,0.013888888888888888,35.286538089821285
U001,28.61269606830709,77.23058793419143,2025-01-20 21:51:34,21,20,0,1,0,0.6237505828554055,0.05444444444444444,11.456643358568673
U001,28.61511628176193,77.2114062759112,2025-01-20 22:05:35,22,20,0,1,0,1.8916454783481542,0.2336111111111111,8.097412273547391
U001,28.61536440841994,77.2100042185266,2025-01-20 22:29:55,22,20,0,1,0,0.13961253454658248,0.40555555555555556,0.3442500851833541
U001,28.61282594019023,77.20694778295504,2025-01-20 22:50:40,22,20,0,1,0,0.4107151742547029,0.3458333333333333,1.1876101424232373
U001,28.61388688843404,77.2103252556632,2025-01-20 23:02:07,23,20,0,1,0,0.3501626318262175,0.19083333333333333,1.8349133545478646
U001,28.616460448682435,77.20853002740944,2025-01-20 23:11:32,23,20,0,1,0,0.33555890692512336,0.15694444444444444,2.138074451204326
U001,28.611706268999374,77.20822823443122,2025-01-20 23:46:55,23,20,0,1,0,0.529460855176284,0.5897222222222223,0.8978139795735386
U001,28.613467884575275,77.2069463114821,2025-01-20 23:53:41,23,20,0,1,0,0.23244130853504294,0.11277777777777778,2.061055937749149
U001,28.613337702149,77.21146844927718,2025-01-20 23:54:23,23,20,0,1,0,0.4416648541348357,0.011666666666666667,37.85698749727163
U001,28.616263846256857,77.20916924102133,2025-01-21 00:22:26,0,21,1,1,0,0.39526914810449554,0.4675,0.8454955039668354
U001,28.61228547548912,77.21346147594602,2025-01-21 00:32:48,0,21,1,1,0,0.6092958111214194,0.17277777777777778,3.5264709325355463
U001,28.61472234480265,77.20899447123347,2025-01-21 00:41:36,0,21,1,1,0,0.5133799098668416,0.14666666666666667,3.5003175672739197
U001,28.609817592200848,77.20729583411931,2025-01-21 00:48:14,0,21,1,1,0,0.5700329197116221,0.11055555555555556,5.156076660708139
U001,28.615446739493724,77.20520477121869,2025-01-21 01:02:20,1,21,1,1,0,0.6583742807991204,0.235,2.8015926842515766
U001,28.613618620921333,77.21165887976996,2025-01-21 01:06:08,1,21,1,1,0,0.6619924503945813,0.06333333333333334,10.452512374651283
U001,28.616685953970133,77.20765789945104,2025-01-21 01:20:25,1,21,1,1,0,0.5185152472710599,0.23805555555555555,2.178127059715071
U001,28.61530579835912,77.20838178642,2025-01-21 02:27:44,2,21,1,1,0,0.16895203140046217,1.1219444444444444,0.15058858951266746
U001,28.614843046079287,77.2126683224623,2025-01-21 02:33:17,2,21,1,1,0,0.4215747138702832,0.0925,4.557564474273332
U001,28.611106611782454,77.20778415268752,2025-01-21 02:45:15,2,21,1,1,0,0.6323972575270687,0.19944444444444445,3.170794048882238
U001,28.611658798692,77.2044770903624,2025-01-21 02:55:07,2,21,1,1,0,0.32861165627069905,0.16444444444444445,1.998314125970467
U001,28.61230555954144,77.20782405805375,2025-01-21 03:11:45,3,21,1,1,0,0.3345394379946727,0.2772222222222222,1.2067554877563345
U001,28.61249359338188,77.205478332133,2025-01-21 03:23:19,3,21,1,1,0,0.2299323545791887,0.19277777777777777,1.1927326750505467
U001,28.60946076390125,77.21143475185481,2025-01-21 03:43:52,3,21,1,1,0,0.6721678013111901,0.3425,1.9625337264560294
U001,28.614318409411343,77.20870239939394,2025-01-21 04:03:24,4,21,1,1,0,0.6024099602914993,0.32555555555555554,1.850406021373206
U001,28.613969677434127,77.20831664302888,2025-01-21 04:18:19,4,21,1,1,0,0.05405175502441551,0.24861111111111112,0.21741488054513503
U001,28.61746380923908,77.20895171778419,2025-01-21 04:40:19,4,21,1,1,0,0.3934441201713943,0.36666666666666664,1.0730294186492573
U001,28.61580618839625,77.20877740125262,2025-01-21 04:55:53,4,21,1,1,0,0.18510274500436164,0.2594444444444444,0.7134581177898308
U001,28.60969535353744,77.20864787966903,2025-01-21 04:58:12,4,21,1,1,0,0.6796114502687224,0.03861111111111111,17.601447632859
U001,28.608162035127364,77.20496541030887,2025-01-21 05:31:40,5,21,1,1,0,0.39786219256853483,0.5577777777777778,0.713298751616895
U001,28.616102771303428,77.2075581582697,2025-01-21 05:34:14,5,21,1,1,0,0.9185268962760623,0.042777777777777776,21.472057315544316
U001,28.612190065021444,77.2123194376838,2025-01-21 05:52:40,5,21,1,1,0,0.6366301305423294,0.30722222222222223,2.072213806466895
U001,28.61169505175899,77.20944118214614,2025-01-21 06:14:34,6,21,1,1,0,0.2863051386356276,0.365,0.7843976400976099
U001,28.614657056238773,77.20930935380034,2025-01-21 06:41:36,6,21,1,1,0,0.32961116621531955,0.45055555555555554,0.7315660902436193
U001,28.61706290894879,77.20788165141305,2025-01-21 06:53:11,6,21,1,1,0,0.30164195817482076,0.19305555555555556,1.5624619416249708
U001,28.613291130638945,77.21049874475725,2025-01-21 06:55:22,6,21,1,1,0,0.491080191727913,0.03638888888888889,13.495333513133488
U001,28.61315897200126,77.20928180877434,2025-01-21 07:15:56,7,21,1,1,0,0.11969667518321035,0.3427777777777778,0.3491961350563673
U001,28.614469287075995,77.20646569284804,2025-01-21 07:45:06,7,21,1,1,0,0.3111190228653974,0.4861111111111111,0.6400162756088175
U001,28.61478280346945,77.2122717041162,2025-01-21 07:48:37,7,21,1,1,0,0.5678171979004369,0.058611111111111114,9.687876362282337
U001,28.618530976910645,77.2060039045262,2025-01-21 07:55:24,7,21,1,1,0,0.7402813917283152,0.11305555555555556,6.547943514058807
U001,28.614195745721936,77.2061585019662,2025-01-21 07:55:26,7,21,1,1,0,0.48229185852072803,0.0005555555555555556,868.1253453373105
U001,28.63234967216313,77.21579385617196,2025-01-21 08:13:13,8,21,1,1,0,2.2269528280859556,0.29638888888888887,7.513617789230966
U001,28.6320210795324,77.22086872396562,2025-01-21 08:42:25,8,21,1,1,0,0.496639451340317,0.4866666666666667,1.0204920233020212
U001,28.63065743316465,77.21557069458454,2025-01-21 08:43:23,8,21,1,1,0,0.5388517431495793,0.01611111111111111,33.44597026445665
U001,28.629999469144096,77.21407818087164,2025-01-21 08:50:15,8,21,1,1,0,0.16300878931409865,0.11444444444444445,1.424348644492124
U001,28.63144271149912,77.21930351528012,2025-01-21 09:24:46,9,21,1,1,0,0.5346398587585859,0.5752777777777778,0.9293594840805935
U001,28.63061492505856,77.21855813237039,2025-01-21 09:48:06,9,21,1,1,0,0.11732306288785052,0.3888888888888889,0.3016878759973299
U001,28.630954670634388,77.21999151310519,2025-01-21 09:55:09,9,21,1,1,0,0.14490710640772428,0.1175,1.2332519694274406
U001,28.630741115293493,77.21972785910117,2025-01-21 10:00:06,10,21,1,1,0,0.035014773850316726,0.0825,0.4244215012159603
U001,28.626693782233566,77.21844106336086,2025-01-21 10:32:12,10,21,1,1,0,0.4672386557686704,0.535,0.8733432818105988
U001,28.63087191090868,77.21394947960772,2025-01-21 10:45:21,10,21,1,1,0,0.6387633043183218,0.21916666666666668,2.914509373315537
U001,28.63094963468551,77.2189953855488,2025-01-21 11:21:01,11,21,1,1,0,0.4925487906583316,0.5944444444444444,0.828586750640184
U001,28.634254688540405,77.22119584382074,2025-01-21 11:23:47,11,21,1,1,0,0.4256537231250541,0.04611111111111111,9.23104459789274
U001,28.62999480051059,77.21784866684176,2025-01-21 11:56:29,11,21,1,1,0,0.5754023217694367,0.545,1.0557840766411681
U001,28.630260223788543,77.22103848982013,2025-01-21 12:19:57,12,21,1,1,0,0.3127201612689937,0.39111111111111113,0.7995685941536771
U001,28.63083819607072,77.21685499597876,2025-01-21 12:30:21,12,21,1,1,0,0.4133311755461832,0.17333333333333334,2.3846029358433647
U001,28.63070945851357,77.21617472425557,2025-01-21 12:32:45,12,21,1,1,0,0.06791927915235568,0.04,1.6979819788088921
U001,28.62796917927989,77.21804708154234,2025-01-21 12:39:43,12,21,1,1,0,0.35530251986888056,0.11611111111111111,3.0600217022200242
U001,28.6321394020246,77.22148265369957,2025-01-21 12:55:39,12,21,1,1,0,0.5722387710757046,0.26555555555555554,2.154874033339474
U001,28.632025306099603,77.21935118228708,2025-01-21 13:10:43,13,21,1,1,0,0.20841264591394346,0.2511111111111111,0.8299618642590668
U001,28.62893313036774,77.21720824443186,2025-01-21 13:14:43,13,21,1,1,0,0.4024488274452227,0.06666666666666667,6.036732411678341
U001,28.627746350296107,77.22098202183521,2025-01-21 13:25:50,13,21,1,1,0,0.39125073017901923,0.1852777777777778,2.111698093919744
U001,28.629658818096807,77.21993774824622,2025-01-21 13:35:37,13,21,1,1,0,0.2358196615732358,0.16305555555555556,1.4462534610965057
U001,28.630279909467703,77.21959518774493,2025-01-21 13:44:03,13,21,1,1,0,0.0767294009365407,0.14055555555555554,0.5459008762283528
U001,28.632540470041647,77.21920140567252,2025-01-21 14:02:16,14,21,1,1,0,0.2542839706201866,0.3036111111111111,0.8375318336986932
U001,28.63247382741553,77.21762393258675,2025-01-21 14:08:23,14,21,1,1,0,0.15413493543699747,0.10194444444444445,1.5119503203629179
U001,28.632766057380607,77.21210390659799,2025-01-21 14:49:07,14,21,1,1,0,0.539716683319105,0.6788888888888889,0.79500002452896
U001,28.63087619094956,77.2194395264832,2025-01-21 15:12:43,15,21,1,1,0,0.7461431564516011,0.3933333333333333,1.8969741265718674
U001,28.63152509029271,77.21539293470254,2025-01-21 15:53:58,15,21,1,1,0,0.4014773654133611,0.6875,0.5839670769648889
U001,28.629520209372192,77.21628048377208,2025-01-21 15:58:48,15,21,1,1,0,0.2391706935153217,0.08055555555555556,2.9690155057074414
U001,28.627520156243616,77.21556143350863,2025-01-21 16:17:11,16,21,1,1,0,0.23320609901304282,0.3063888888888889,0.7611441128258878
U001,28.63221378481684,77.21624952907742,2025-01-21 16:51:41,16,21,1,1,0,0.5262107930808778,0.575,0.9151492053580484
U001,28.63407634928641,77.21358531590433,2025-01-21 16:55:03,16,21,1,1,0,0.3324196574682046,0.05611111111111111,5.924310727156122
U001,28.632107119354394,77.21884705635995,2025-01-21 17:12:16,17,21,1,1,0,0.5582629860079058,0.28694444444444445,1.9455438040933795
U001,28.63194756599946,77.21839745160865,2025-01-21 17:41:24,17,21,1,1,0,0.04733119182914879,0.4855555555555556,0.09747842710808675
U001,28.63009184388299,77.21760132792265,2025-01-21 17:44:54,17,21,1,1,0,0.2204912497118448,0.058333333333333334,3.7798499950601965
U001,28.63313434821804,77.21857158534584,2025-01-21 18:24:52,18,21,1,1,0,0.3513139875769588,0.6661111111111111,0.5274104901071942
U001,28.626426199480765,77.21778062627868,2025-01-21 18:38:46,18,21,1,1,0,0.7498961855522662,0.23166666666666666,3.236961952024171
U001,28.631184763335025,77.21818524408026,2025-01-21 18:44:08,18,21,1,1,0,0.5305997916053887,0.08944444444444444,5.932171583165837
U001,28.63458590173944,77.21464588731517,2025-01-21 18:48:10,18,21,1,1,0,0.5121998691918419,0.06722222222222222,7.619502186324921
U001,28.611075754501,77.22725570472684,2025-01-21 19:07:52,19,21,1,1,0,2.88945387879058,0.3283333333333333,8.800367143524609
U001,28.60963744836486,77.23340587645677,2025-01-21 19:24:11,19,21,1,1,0,0.6213024315844083,0.27194444444444443,2.284666755570858
U001,28.609956116663305,77.22842204699653,2025-01-21 19:33:52,19,21,1,1,0,0.48780090302383955,0.1613888888888889,3.0225185041064067
U001,28.60871180947964,77.22865078236265,2025-01-21 19:58:18,19,21,1,1,0,0.14015079250436918,0.4072222222222222,0.34416292838726403
U001,28.611434892405143,77.22918122411149,2025-01-21 20:04:41,20,21,1,1,0,0.3071885995734234,0.1063888888888889,2.8874124241888364
U001,28.61057429527135,77.23074936887319,2025-01-21 20:07:33,20,21,1,1,0,0.18052730882400445,0.04777777777777778,3.7784785567814883
U001,28.614847601150363,77.22704993792055,2025-01-21 20:20:22,20,21,1,1,0,0.596820966264234,0.2136111111111111,2.7939603102096777
U001,28.61136415386301,77.23387545930181,2025-01-21 20:35:33,20,21,1,1,0,0.7706843150631089,0.25305555555555553,3.045514307603943
U001,28.607135505126028,77.2301424557518,2025-01-21 20:43:44,20,21,1,1,0,0.5948842742770426,0.1363888888888889,4.361676960076076
U001,28.61182284733541,77.21224385327771,2025-01-21 21:10:39,21,21,1,1,0,1.823316817940819,0.4486111111111111,4.064359470332476
U001,28.613596607369765,77.21018375570374,2025-01-21 21:11:56,21,21,1,1,0,0.2816754182579819,0.021388888888888888,13.169240334139415
U001,28.614077391867006,77.20685589888217,2025-01-21 21:35:17,21,21,1,1,0,0.3292164258978094,0.38916666666666666,0.8459522721142855
U001,28.61493081979722,77.20622405301387,2025-01-21 21:41:17,21,21,1,1,0,0.11317883375555751,0.1,1.131788337555575
U001,28.614608651853025,77.20730777116215,2025-01-21 22:10:19,22,21,1,1,0,0.11168662374071825,0.48388888888888887,0.23081047386141545
U001,28.61877903538342,77.21148854861778,2025-01-21 22:31:38,22,21,1,1,0,0.6177225876650957,0.3552777777777778,1.738703139635922
U001,28.61176483795232,77.20794099457108,2025-01-21 22:31:46,22,21,1,1,0,0.8533618550934318,0.0022222222222222222,384.0128347920443
U001,28.61454769859916,77.20920457923937,2025-01-21 23:00:12,23,21,1,1,0,0.3331171824351358,0.4738888888888889,0.7029436440600755
U001,28.613101718580005,77.20943435763913,2025-01-21 23:01:38,23,21,1,1,0,0.16234258025636047,0.02388888888888889,6.795735917708113
U001,28.61104470928992,77.20657997916811,2025-01-21 23:47:11,23,21,1,1,0,0.3604904468414504,0.7591666666666667,0.4748502044014714
U001,28.611298865914808,77.21199496173509,2025-01-22 00:01:07,0,22,2,1,0,0.529348597521893,0.23222222222222222,2.2794915682760943
U001,28.61430833168464,77.21050786577106,2025-01-22 00:09:18,0,22,2,1,0,0.36476643576592743,0.1363888888888889,2.674458592173806
U001,28.613439885439643,77.20754614127176,2025-01-22 00:26:57,0,22,2,1,0,0.30480799989741436,0.2941666666666667,1.0361745039005588
U001,28.61416069717844,77.20907146903727,2025-01-22 00:55:13,0,22,2,1,0,0.16909625366638645,0.4711111111111111,0.3589307271220467
U001,28.614517159523373,77.20550513763,2025-01-22 00:57:02,0,22,2,1,0,0.350372844922822,0.03027777777777778,11.571947171762929
U001,28.61450161758028,77.20959632867057,2025-01-22 01:06:01,1,22,2,1,0,0.39936032098034474,0.14972222222222223,2.667341661464269
U001,28.613310768978188,77.20709473133171,2025-01-22 01:30:46,1,22,2,1,0,0.27778353686421386,0.4125,0.6734146348223367
U001,28.611803624900222,77.20839188204404,2025-01-22 01:41:30,1,22,2,1,0,0.21004401859516186,0.17888888888888888,1.17415911015929
U001,28.614470074341988,77.21241690192448,2025-01-22 01:48:24,1,22,2,1,0,0.49222154041882177,0.115,4.280187307989754
U001,28.612993538145112,77.20938726296546,2025-01-22 02:42:00,2,22,2,1,0,0.33825485274481715,0.8933333333333333,0.37864349187852664
U001,28.615861257616093,77.21127596817972,2025-01-22 02:46:40,2,22,2,1,0,0.3683365515813427,0.07777777777777778,4.735755663188692
U001,28.61290358899722,77.20971803204084,2025-01-22 02:50:06,2,22,2,1,0,0.36233650524249733,0.05722222222222222,6.33209426637374
U001,28.613747680737585,77.2084426618979,2025-01-22 02:53:08,2,22,2,1,0,0.15591179195322175,0.050555555555555555,3.083969511162628
U001,28.61489797875996,77.2039350157866,2025-01-22 03:13:09,3,22,2,1,0,0.4582229782934619,0.33361111111111114,1.3735243312709933
U001,28.61559673272954,77.20752289332117,2025-01-22 03:17:56,3,22,2,1,0,0.3587389963725419,0.07972222222222222,4.499861975404707
U001,28.61095111174909,77.21009591585444,2025-01-22 03:20:16,3,22,2,1,0,0.5743936649048366,0.03888888888888889,14.770122811838654
U001,28.613057621393505,77.20901389690708,2025-01-22 03:30:50,3,22,2,1,0,0.25694608551316134,0.1761111111111111,1.4589998546488656
U001,28.615522538460045,77.20812665572102,2025-01-22 03:51:45,3,22,2,1,0,0.287444048592754,0.3486111111111111,0.8245406971584976
U001,28.61363234663295,77.20554040637897,2025-01-22 04:21:43,4,22,2,1,0,0.32849388946831815,0.49944444444444447,0.6577185773559207
U001,28.61520957019249,77.20719957696053,2025-01-22 04:49:25,4,22,2,1,0,0.23872219899782662,0.46166666666666667,0.5170877956631623
U001,28.615157447905144,77.2084941810702,2025-01-22 04:58:02,4,22,2,1,0,0.12650321207140322,0.1436111111111111,0.8808734302844325
U001,28.61375648404541,77.2066818187702,2025-01-22 05:08:15,5,22,2,1,0,0.2357226068758407,0.17027777777777778,1.3843415738222293
U001,28.6161502077011,77.21075788164701,2025-01-22 05:38:13,5,22,2,1,0,0.47869977844190353,0.49944444444444447,0.9584645174587612
U001,28.6138452491596,77.20685954761471,2025-01-22 05:58:57,5,22,2,1,0,0.4587941715866942,0.34555555555555556,1.327700175009726
U001,28.616203526867665,77.20764360815119,2025-01-22 06:14:27,6,22,2,1,0,0.27316910484649687,0.25833333333333336,1.0574287929541812
U001,28.61027873848733,77.20964784119104,2025-01-22 06:33:54,6,22,2,1,0,0.6872423951667316,0.32416666666666666,2.1200279542418454
U001,28.61929100813644,77.20923991560188,2025-01-22 06:40:25,6,22,2,1,0,1.0029094528190956,0.10861111111111112,9.233948926211621
U001,28.614456870489786,77.20822014241597,2025-01-22 06:44:15,6,22,2,1,0,0.5466705986810153,0.06388888888888888,8.55658328370285
U001,28.61209817044425,77.2033192379475,2025-01-22 06:47:20,6,22,2,1,0,0.5455788673577954,0.05138888888888889,10.61666985128683
U001,28.6139569005806,77.21295247679636,2025-01-22 07:06:21,7,22,2,1,0,0.9627955977883067,0.3169444444444444,3.0377424645380406
U001,28.61264596957619,77.20783993140982,2025-01-22 07:11:46,7,22,2,1,0,0.5199134714725251,0.09027777777777778,5.759041530157201
U001,28.61512929059357,77.20771669267263,2025-01-22 07:30:23,7,22,2,1,0,0.2763946179877986,0.31027777777777776,0.8907973363975603
U001,28.61353085759241,77.21101875652437,2025-01-22 07:38:15,7,22,2,1,0,0.3680837609932878,0.13111111111111112,2.8074185160505003
U001,28.62968350333379,77.2164526255278,2025-01-22 08:04:38,8,22,2,1,0,1.8727667256669254,0.43972222222222224,4.2589767608344475
U001,28.632387961274205,77.21826939927077,2025-01-22 08:08:01,8,22,2,1,0,0.34910464858420764,0.05638888888888889,6.191018398537672
U001,28.62890793890002,77.21729546464337,2025-01-22 08:21:28,8,22,2,1,0,0.39846468406600805,0.22416666666666665,1.7775376240862815
U001,28.62859569119021,77.21715001975684,2025-01-22 08:31:13,8,22,2,1,0,0.03751020718884781,0.1625,0.23083204423906342
U001,28.632542482093086,77.21636992038326,2025-01-22 09:12:17,9,22,2,1,0,0.4454185153141216,0.6844444444444444,0.6507738048420608
U001,28.63066022464034,77.21376303566281,2025-01-22 09:15:09,9,22,2,1,0,0.3294514212350137,0.04777777777777778,6.895494863058426
U001,28.6321481109606,77.21922831267955,2025-01-22 09:37:06,9,22,2,1,0,0.5584695387781786,0.36583333333333334,1.5265682153389848
U001,28.63075135283904,77.21921173959889,2025-01-22 09:57:13,9,22,2,1,0,0.15532083935820348,0.3352777777777778,0.46326016709986123
U001,28.629581908612465,77.22022625616002,2025-01-22 10:10:51,10,22,2,1,0,0.16344296323441246,0.22722222222222221,0.719308884650226
U001,28.63074666652769,77.21656542143963,2025-01-22 10:31:04,10,22,2,1,0,0.3800442214711005,0.33694444444444444,1.1279136004088721
U001,28.632616109104816,77.2175992772787,2025-01-22 10:40:36,10,22,2,1,0,0.23106755449955285,0.15888888888888889,1.4542713220251577
U001,28.63114033020521,77.2182036483055,2025-01-22 10:43:37,10,22,2,1,0,0.17437825040140603,0.050277777777777775,3.4682966930666397
U001,28.630550564810804,77.21978247669045,2025-01-22 10:54:19,10,22,2,1,0,0.1674656927122345,0.17833333333333334,0.9390599591340252
U001,28.63091072781974,77.21907252986833,2025-01-22 11:07:14,11,22,2,1,0,0.08003095452556182,0.2152777777777778,0.3717566919897065
U001,28.631808049368765,77.2189402106243,2025-01-22 11:10:00,11,22,2,1,0,0.10060986231768847,0.04611111111111111,2.1819006285763765
U001,28.630247817557606,77.21600802602546,2025-01-22 11:11:18,11,22,2,1,0,0.33465767253839207,0.021666666666666667,15.445738732541171
U001,28.63241491232769,77.21402565427005,2025-01-22 11:36:55,11,22,2,1,0,0.3090297568645298,0.42694444444444446,0.7238172574575845
U001,28.63162349490462,77.2167677530455,2025-01-22 12:11:18,12,22,2,1,0,0.2817193571436995,0.5730555555555555,0.4916091544921562
U001,28.628355609670653,77.2187023412628,2025-01-22 12:12:08,12,22,2,1,0,0.4095001278632142,0.013888888888888888,29.484009206151423
U001,28.62919962074303,77.21802878579628,2025-01-22 12:16:50,12,22,2,1,0,0.11458376028324184,0.07833333333333334,1.4627714078711724
U001,28.63107774052224,77.2211188167136,2025-01-22 13:02:45,13,22,2,1,0,0.36683288920228446,0.7652777777777777,0.47934606211550784
U001,28.63227517856533,77.2192892421079,2025-01-22 13:17:35,13,22,2,1,0,0.2227402590792569,0.24722222222222223,0.9009718344778931
U001,28.63042351401121,77.21853686825114,2025-01-22 13:36:58,13,22,2,1,0,0.21859790833481502,0.32305555555555554,0.6766573258859279
U001,28.632966762687094,77.21746356085715,2025-01-22 14:07:05,14,22,2,1,0,0.3015739505581723,0.5019444444444444,0.6008114122907695
U001,28.6353933923832,77.21455490077777,2025-01-22 14:08:22,14,22,2,1,0,0.39165163076472165,0.021388888888888888,18.310985334454518
U001,28.63063488877224,77.21817586818453,2025-01-22 14:36:43,14,22,2,1,0,0.6362836062383319,0.4725,1.3466319708747767
U001,28.630694823788925,77.21664071603568,2025-01-22 15:08:24,15,22,2,1,0,0.14997707824408205,0.5280555555555555,0.2840176126663311
U001,28.63051703423075,77.21701379385519,2025-01-22 15:10:20,15,22,2,1,0,0.04143253757160932,0.03222222222222222,1.2858373729120134
U001,28.6334853746684,77.21998550376071,2025-01-22 15:13:32,15,22,2,1,0,0.43938680731208435,0.05333333333333334,8.23850263710158
U001,28.63140573342132,77.21709512048339,2025-01-22 15:27:21,15,22,2,1,0,0.3647615300389332,0.23027777777777778,1.5840066443186485
U001,28.6259150708228,77.2183806829178,2025-01-22 15:40:02,15,22,2,1,0,0.6232934258607511,0.21138888888888888,2.948562855583054
U001,28.63157075843918,77.21529586728111,2025-01-22 16:00:05,16,22,2,1,0,0.6972401025277573,0.33416666666666667,2.08650404746461
U001,28.63063081330933,77.2186705706972,2025-01-22 16:31:49,16,22,2,1,0,0.3455509266264538,0.5288888888888889,0.6533525923609421
U001,28.62894238743413,77.2172399427854,2025-01-22 16:42:22,16,22,2,1,0,0.23397461542546824,0.17583333333333334,1.3306613199552695
U001,28.630623069073945,77.21641941659648,2025-01-22 17:02:46,17,22,2,1,0,0.20331907131942858,0.34,0.5979972685865547
U001,28.6302909912308,77.22277363946426,2025-01-22 17:06:13,17,22,2,1,0,0.621263758976821,0.0575,10.804587112640364
U001,28.633256189988867,77.21841699065301,2025-01-22 17:40:10,17,22,2,1,0,0.538057803846403,0.5658333333333333,0.9509121717462203
U001,28.630387015741075,77.2169163120756,2025-01-22 17:52:58,17,22,2,1,0,0.35105033431855887,0.21333333333333335,1.6455484421182445
U001,28.63145893506533,77.21889835299837,2025-01-22 17:57:45,17,22,2,1,0,0.22721664877110626,0.07972222222222222,2.8501043051427963
U001,28.62949331924207,77.21955520754787,2025-01-22 18:11:08,18,22,2,1,0,0.22777443243091414,0.22305555555555556,1.021155612392641
U001,28.62817178209992,77.21694122228293,2025-01-22 18:14:12,18,22,2,1,0,0.2944199950320987,0.051111111111111114,5.760391207149757
U001,28.63080176178453,77.21720144437636,2025-01-22 18:24:51,18,22,2,1,0,0.29354118343877666,0.1775,1.6537531461339532
U001,28.632718431185573,77.22133759599753,2025-01-22 18:41:45,18,22,2,1,0,0.4564849968582899,0.2816666666666667,1.6206567935797274
U001,28.63577151092436,77.21793703772461,2025-01-22 18:51:26,18,22,2,1,0,0.474757858001964,0.1613888888888889,2.9417010134372985
U001,28.610902377155785,77.22611774323612,2025-01-22 19:00:14,19,22,2,1,0,2.8782941328273948,0.14666666666666667,19.624732723823147
U001,28.61087252242149,77.22622728902485,2025-01-22 19:03:10,19,22,2,1,0,0.01119697748892885,0.04888888888888889,0.2290290850008174
U001,28.61007182028369,77.22778897109343,2025-01-22 19:16:57,19,22,2,1,0,0.17654264793017302,0.22972222222222222,0.7685048761168354
U001,28.61044684220672,77.22745723796645,2025-01-22 19:55:58,19,22,2,1,0,0.05279768335176488,0.6502777777777777,0.08119250750378196
U001,28.60716512113248,77.23046843763655,2025-01-22 20:15:28,20,22,2,1,0,0.4685795001985303,0.325,1.4417830775339393
U001,28.61168569709808,77.2246354180963,2025-01-22 20:19:10,20,22,2,1,0,0.7595397512861095,0.06166666666666667,12.31686083166664
U001,28.60971517518855,77.23308317562176,2025-01-22 20:43:25,20,22,2,1,0,0.853260431102915,0.4041666666666667,2.1111598295329856
U001,28.613936930916605,77.20989022703442,2025-01-22 21:09:10,21,22,2,1,0,2.312165340473732,0.42916666666666664,5.387569725375687
U001,28.614735531300333,77.21071812080689,2025-01-22 21:23:46,21,22,2,1,0,0.12006828177630728,0.24333333333333335,0.4934312949711258
U001,28.61406920541942,77.20856180684952,2025-01-22 21:28:28,21,22,2,1,0,0.2231458089884078,0.07833333333333334,2.8486699019796737
U001,28.611317240326443,77.21494711545563,2025-01-22 22:52:00,22,22,2,1,0,0.6943685568550632,1.3922222222222222,0.49874836485998153
U001,28.611124542139024,77.21354212323723,2025-01-22 22:54:54,22,22,2,1,0,0.13881456417198745,0.04833333333333333,2.8720254656273267
U001,28.612994899241404,77.20923339303584,2025-01-22 22:57:32,22,22,2,1,0,0.46921067080785467,0.04388888888888889,10.690876043723271
U001,28.60605074168821,77.20912712825925,2025-01-22 23:05:23,23,22,2,1,0,0.7722247664955211,0.13083333333333333,5.90235490315048
U001,28.61544945393036,77.20803565312998,2025-01-22 23:16:43,23,22,2,1,0,1.0505063013280767,0.18888888888888888,5.561503948207465
U001,28.616454707582523,77.2093301858727,2025-01-22 23:34:33,23,22,2,1,0,0.16870698370308432,0.2972222222222222,0.5676122816178538
U001,28.616981717190303,77.20855810830633,2025-01-22 23:35:51,23,22,2,1,0,0.09546600465635412,0.021666666666666667,4.406123291831729
U001,28.614899621758763,77.20825423212908,2025-01-22 23:43:56,23,22,2,1,0,0.23341086522980298,0.13472222222222222,1.7325342573758573
U001,28.612916034280843,77.20842036478687,2025-01-23 00:15:07,0,23,3,1,0,0.2211602315691251,0.5197222222222222,0.4255354535803583
U001,28.61579708782262,77.21273177177602,2025-01-23 00:19:45,0,23,3,1,0,0.5289112354899009,0.07722222222222222,6.849210243754113
U001,28.615279338352032,77.20808513535638,2025-01-23 00:46:47,0,23,3,1,0,0.45721036450241703,0.45055555555555554,1.014770229475155
U001,28.614294833930195,77.20925293532461,2025-01-23 01:23:29,1,23,3,1,0,0.15804592083376687,0.6116666666666667,0.25838570163558616
U001,28.611916564694333,77.20708044160075,2025-01-23 01:52:00,1,23,3,1,0,0.3389800532318857,0.4752777777777778,0.7132251266129681
U001,28.60989243614992,77.21063025371447,2025-01-23 01:57:46,1,23,3,1,0,0.4132016161840258,0.0961111111111111,4.299207567232639
U001,28.61396106891894,77.21026632856788,2025-01-23 02:23:01,2,23,3,1,0,0.4538039540165948,0.42083333333333334,1.0783460293463638
U001,28.608482236292595,77.20849997227896,2025-01-23 02:29:38,2,23,3,1,0,0.6331491190639834,0.11027777777777778,5.741402591008414
U001,28.61689360497068,77.21123735539722,2025-01-23 02:36:10,2,23,3,1,0,0.9727232982613836,0.10888888888888888,8.93317314729842
U001,28.610367078401737,77.20859530684207,2025-01-23 02:48:37,2,23,3,1,0,0.7701807154841557,0.2075,3.711714291489907
U001,28.614775175619407,77.21075658810724,2025-01-23 03:35:48,3,23,3,1,0,0.5336339919126665,0.7863888888888889,0.6785879091789471
U001,28.614897416558296,77.20740439214197,2025-01-23 03:45:33,3,23,3,1,0,0.3275016612397743,0.1625,2.015394838398611
U001,28.614269961676545,77.20691470492604,2025-01-23 03:46:41,3,23,3,1,0,0.08457353180032469,0.01888888888888889,4.4774222717818954
U001,28.612715906801004,77.21114404557565,2025-01-23 04:05:11,4,23,3,1,0,0.4475517900330737,0.30833333333333335,1.451519319026185
U001,28.61337622668783,77.21090273091906,2025-01-23 04:20:55,4,23,3,1,0,0.0771103080805945,0.26222222222222225,0.294064734205657
U001,28.611987776196617,77.20901451210534,2025-01-23 04:52:26,4,23,3,1,0,0.2404360276716479,0.5252777777777777,0.4577312002210114
U001,28.61300389302114,77.21049720955337,2025-01-23 05:13:39,5,23,3,1,0,0.18361409234185555,0.3536111111111111,0.5192543067012412
U001,28.61041806062048,77.20752036178116,2025-01-23 05:24:55,5,23,3,1,0,0.40879865780998453,0.18777777777777777,2.1770342723608644
U001,28.61349170728607,77.21008269494904,2025-01-23 05:37:44,5,23,3,1,0,0.42352327802290773,0.2136111111111111,1.9826837462710896
U001,28.613291595870844,77.20689538263062,2025-01-23 06:18:04,6,23,3,1,0,0.3119235571726825,0.6722222222222223,0.4640185148023376
U001,28.617171116205085,77.20734727805076,2025-01-23 06:31:56,6,23,3,1,0,0.43363238710785285,0.2311111111111111,1.8762939826782095
U001,28.61726580793618,77.20913431422011,2025-01-23 06:37:27,6,23,3,1,0,0.17475233220536024,0.09194444444444444,1.90062959498277
U001,28.6147430319543,77.20829495483389,2025-01-23 06:42:20,6,23,3,1,0,0.2922400379581659,0.08138888888888889,3.590662582421151
U001,28.61516578115945,77.20895641255089,2025-01-23 06:51:01,6,23,3,1,0,0.07986628054911032,0.14472222222222222,0.5518591362318563
U001,28.61496158335345,77.20982884438891,2025-01-23 07:03:53,7,23,3,1,0,0.08813587449036957,0.21444444444444444,0.4109963059136405
U001,28.6138962771217,77.21213313886847,2025-01-23 07:22:37,7,23,3,1,0,0.25421634888062244,0.31222222222222223,0.8142160640304633
U001,28.614737284038224,77.20893177675472,2025-01-23 07:30:42,7,23,3,1,0,0.3261900299864492,0.13472222222222222,2.4212043462911694
U001,28.61304104752474,77.20909886989051,2025-01-23 07:37:28,7,23,3,1,0,0.1893168311640368,0.11277777777777778,1.678671409336287
U001,28.611651565605715,77.2076508986986,2025-01-23 07:43:00,7,23,3,1,0,0.209403069043324,0.09222222222222222,2.270635688421586
U001,28.62411897748103,77.21293332902933,2025-01-23 08:17:36,8,23,3,1,0,1.4790973537493526,0.5766666666666667,2.5649087059237328
U001,28.62031384857229,77.21712303833397,2025-01-23 08:25:18,8,23,3,1,0,0.5884365476288076,0.12833333333333333,4.585219851653046
U001,28.622314620920108,77.21271783262235,2025-01-23 08:45:04,8,23,3,1,0,0.48412705315069865,0.32944444444444443,1.469525625078006
U001,28.62042050068661,77.21690030427928,2025-01-23 08:51:23,8,23,3,1,0,0.45936844344498307,0.10527777777777778,4.3633941857570955
U001,28.629822429519063,77.21845867698374,2025-01-23 09:01:48,9,23,3,1,0,1.0564536839039895,0.1736111111111111,6.08517321928698
U001,28.62775202093896,77.2170206434209,2025-01-23 09:08:07,9,23,3,1,0,0.2696287475168243,0.10527777777777778,2.561117390661128
U001,28.63028232596082,77.21849724974945,2025-01-23 09:35:04,9,23,3,1,0,0.3161195552337755,0.44916666666666666,0.7037912175891106
U001,28.6318817265431,77.21493900446453,2025-01-23 09:49:29,9,23,3,1,0,0.39016864334887413,0.24027777777777778,1.623823255556008
U001,28.63201417999417,77.21825872881917,2025-01-23 09:50:42,9,23,3,1,0,0.32433156977199973,0.020277777777777777,15.994433577797247
U001,28.63230257023333,77.22049366513954,2025-01-23 10:04:52,10,23,3,1,0,0.22046849533433963,0.2361111111111111,0.9337489214160267
U001,28.631041183090147,77.21858905569172,2025-01-23 10:13:38,10,23,3,1,0,0.23286546834566205,0.1461111111111111,1.5937560571185996
U001,28.63157702451048,77.21918177756844,2025-01-23 10:31:17,10,23,3,1,0,0.0830455992538707,0.2941666666666667,0.2823079861321383
U001,28.63322084345011,77.22039676781398,2025-01-23 10:39:00,10,23,3,1,0,0.21787892188089789,0.12861111111111112,1.6940909692683204
U001,28.6313601145209,77.21872133792336,2025-01-23 10:51:41,10,23,3,1,0,0.2637176981694372,0.21138888888888888,1.24754758660969
U001,28.62819667569028,77.21809606407419,2025-01-23 11:04:05,11,23,3,1,0,0.35701283583439475,0.20666666666666667,1.7274814637148133
U001,28.63113010045396,77.21721835716153,2025-01-23 11:31:37,11,23,3,1,0,0.33724319393662255,0.4588888888888889,0.7349125291597102
U001,28.63295296900339,77.21563599913028,2025-01-23 11:33:12,11,23,3,1,0,0.25482278951382137,0.02638888888888889,9.656442549997442
U001,28.62737010744388,77.21728334464925,2025-01-23 11:43:11,11,23,3,1,0,0.6412684320826214,0.1663888888888889,3.8540339824665057
U001,28.631616980637443,77.21472556788103,2025-01-23 11:53:19,11,23,3,1,0,0.5341547682455424,0.1688888888888889,3.162758496190712
U001,28.629728272961955,77.21525698154838,2025-01-23 12:00:03,12,23,3,1,0,0.2163242681841962,0.11222222222222222,1.9276419937205602
U001,28.63319880542681,77.21731099889159,2025-01-23 12:30:46,12,23,3,1,0,0.43486843270791814,0.5119444444444444,0.8494445782683154
U001,28.629008626116946,77.21692764714028,2025-01-23 12:39:23,12,23,3,1,0,0.46742648249178226,0.1436111111111111,3.254807228182623
U001,28.635157975274968,77.21421426522544,2025-01-23 13:01:29,13,23,3,1,0,0.7332662292900944,0.36833333333333335,1.9907680433215234
U001,28.62947133565665,77.21515464382873,2025-01-23 13:28:15,13,23,3,1,0,0.6389513042563275,0.4461111111111111,1.4322694242358525
U001,28.63352857598456,77.21887391993387,2025-01-23 13:59:11,13,23,3,1,0,0.5790474115739368,0.5155555555555555,1.123152306932205
U001,28.632359694721508,77.2189532840264,2025-01-23 14:11:43,14,23,3,1,0,0.1302042599363187,0.2088888888888889,0.6233182656525895
U001,28.62974532529368,77.21573533913934,2025-01-23 14:38:12,14,23,3,1,0,0.4279565139501588,0.4413888888888889,0.9695679359474964
U001,28.632912186148488,77.22024032907368,2025-01-23 14:44:01,14,23,3,1,0,0.5633107984137545,0.09694444444444444,5.810655800256494
U001,28.63021432873132,77.21611720305482,2025-01-23 14:51:06,14,23,3,1,0,0.5019217455474807,0.11805555555555555,4.251572432872778
U001,28.62876902157128,77.21667911636005,2025-01-23 15:15:35,15,23,3,1,0,0.1698107330325254,0.40805555555555556,0.4161461122648682
U001,28.63008966913428,77.21663611633561,2025-01-23 15:32:48,15,23,3,1,0,0.14690926667762688,0.28694444444444445,0.5119780832908585
U001,28.63009642047509,77.21892603158767,2025-01-23 15:35:15,15,23,3,1,0,0.22349534634195098,0.04083333333333333,5.473355420619208
U001,28.628967622150373,77.21991884675717,2025-01-23 15:49:02,15,23,3,1,0,0.1585678427885874,0.22972222222222222,0.6902590496238388
U001,28.62755229912436,77.21882814641495,2025-01-23 16:00:21,16,23,3,1,0,0.1899993975083193,0.18861111111111112,1.0073605758909416
U001,28.63178163677584,77.22070635186431,2025-01-23 16:15:42,16,23,3,1,0,0.5047449809376736,0.25583333333333336,1.9729445508964438
U001,28.63184743183061,77.21480919873886,2025-01-23 16:24:49,16,23,3,1,0,0.5755949703358608,0.15194444444444444,3.788193589047713
U001,28.630124179397747,77.21554515349077,2025-01-23 16:31:26,16,23,3,1,0,0.20463703245794027,0.11027777777777778,1.8556506721626824
U001,28.632097175518773,77.21433520469353,2025-01-23 16:48:50,16,23,3,1,0,0.2491500249604791,0.29,0.8591380171051004
U001,28.63106772587064,77.21519977068387,2025-01-23 17:16:01,17,23,3,1,0,0.14220843440977046,0.45305555555555554,0.31388740887502986
U001,28.629965450422308,77.21925860331756,2025-01-23 17:20:08,17,23,3,1,0,0.4146658154871841,0.06861111111111111,6.043712290501469
U001,28.6293377837492,77.2170516828288,2025-01-23 17:25:06,17,23,3,1,0,0.22641999732129456,0.08277777777777778,2.735275135425035
U001,28.626556389199564,77.21500728891063,2025-01-23 17:29:35,17,23,3,1,0,0.36805792910562757,0.07472222222222222,4.925682322603195
U001,28.62794861764148,77.21896496564689,2025-01-23 17:51:23,17,23,3,1,0,0.41614367805216973,0.36333333333333334,1.1453495726206506
U001,28.628779229204667,77.21421901452821,2025-01-23 18:03:21,18,23,3,1,0,0.47232717417192277,0.19944444444444445,2.368214243758944
U001,28.63287646247637,77.21384573115054,2025-01-23 18:32:02,18,23,3,1,0,0.45704589388658173,0.47805555555555557,0.956051840785412
U001,28.6347851399888,77.21530020692208,2025-01-23 18:41:30,18,23,3,1,0,0.25533079588460283,0.15777777777777777,1.6182937767333985
U001,28.629895009058767,77.21712755805689,2025-01-23 18:44:27,18,23,3,1,0,0.5722579791723044,0.049166666666666664,11.639145339097716
U001,28.6190628681797,77.21532180301783,2025-01-23 19:19:51,19,23,3,1,0,1.217306012148509,0.59,2.0632305290652697
U001,28.62167466897153,77.21418123609683,2025-01-23 19:23:16,19,23,3,1,0,0.3110262069350871,0.05694444444444444,5.461923633982018
U001,28.617644927023008,77.21561230586158,2025-01-23 19:51:12,19,23,3,1,0,0.4693546712051217,0.46555555555555556,1.0081603916100466
U001,28.61917214727585,77.21180786276965,2025-01-23 20:24:53,20,23,3,1,0,0.4083393584145027,0.5613888888888889,0.7273734241920878
U001,28.61435220038881,77.20757904549122,2025-01-23 20:34:45,20,23,3,1,0,0.6764874256214571,0.16444444444444445,4.1137748855358875
U001,28.61370432997486,77.205758248337,2025-01-23 20:36:23,20,23,3,1,0,0.19178040255410952,0.02722222222222222,7.044994379538718
U001,28.612298238961216,77.2100756259069,2025-01-23 21:08:43,21,23,3,1,0,0.4495090250796673,0.5388888888888889,0.8341404589107229
U001,28.61660184678508,77.20762097951594,2025-01-23 21:17:12,21,23,3,1,0,0.5351743949869852,0.1413888888888889,3.7851234223048063
U001,28.614294540200845,77.20462239773083,2025-01-23 21:36:06,21,23,3,1,0,0.3892259976786866,0.315,1.2356380878688464
U001,28.61439917624996,77.20415910481606,2025-01-23 21:44:45,21,23,3,1,0,0.04669655986371366,0.14416666666666667,0.32390677362113524
U001,28.61567755998811,77.20900899188248,2025-01-23 22:18:20,22,23,3,1,0,0.49429423103963427,0.5597222222222222,0.8831063184827213
U001,28.61231691731459,77.20914268694413,2025-01-23 22:46:22,22,23,3,1,0,0.3739142332646088,0.4672222222222222,0.8002920569278191
U001,28.62145672560733,77.21034062929179,2025-01-23 22:47:43,22,23,3,1,0,1.0230052087017074,0.0225,45.46689816452033
U001,28.611348267032653,77.21128931521183,2025-01-23 22:55:24,22,23,3,1,0,1.1278174807093186,0.12805555555555556,8.807251476254983
U001,28.612754873628035,77.20795306578889,2025-01-23 23:02:46,23,23,3,1,0,0.36128277112855833,0.12277777777777778,2.9425746064769456
U001,28.616581361573587,77.20722515711343,2025-01-23 23:09:08,23,23,3,1,0,0.43137804599824,0.10611111111111111,4.0653428418682305
U001,28.61510431566015,77.20734202481002,2025-01-23 23:35:20,23,23,3,1,0,0.16463571403980432,0.43666666666666665,0.37702835276291063
U001,28.619559288248176,77.21016511811219,2025-01-23 23:46:47,23,23,3,1,0,0.5668580592841396,0.19083333333333333,2.9704352451570633
U001,28.617637195834856,77.20849679515383,2025-01-23 23:58:22,23,23,3,1,0,0.26869625450429685,0.19305555555555556,1.3918079370006742
U001,28.616468086832004,77.21111716461444,2025-01-24 00:01:44,0,24,4,1,0,0.28691827401461995,0.05611111111111111,5.113394982438772
U001,28.61074078743963,77.21201260134454,2025-01-24 00:15:56,0,24,4,1,0,0.642817038502131,0.23666666666666666,2.7161283316991454
U001,28.614101191805982,77.20861555914792,2025-01-24 00:20:11,0,24,4,1,0,0.4995832299857061,0.07083333333333333,7.052939717445263
U001,28.6152068530298,77.21187078589452,2025-01-24 00:21:00,0,24,4,1,0,0.3407097601407122,0.01361111111111111,25.031737479725795
U001,28.61254484639784,77.2096738653141,2025-01-24 01:13:50,1,24,4,1,0,0.3655218120729071,0.8805555555555555,0.4151036351616611
U001,28.615063915497608,77.20695930296128,2025-01-24 01:36:25,1,24,4,1,0,0.3855839227528659,0.3763888888888889,1.0244296102659167
U001,28.61916394925825,77.20704964981891,2025-01-24 01:44:50,1,24,4,1,0,0.4559882404268764,0.14027777777777778,3.2506092386866436
U001,28.613207777042227,77.20834623888727,2025-01-24 02:29:56,2,24,4,1,0,0.6742806105373201,0.7516666666666667,0.8970473754376764
U001,28.61670320411305,77.20994018876529,2025-01-24 02:45:54,2,24,4,1,0,0.41865950960098214,0.26611111111111113,1.5732507667677824
U001,28.611371643585,77.2112941275191,2025-01-24 02:51:32,2,24,4,1,0,0.6073956217289359,0.09388888888888888,6.469302479953164
U001,28.61506986198777,77.21015284722684,2025-01-24 02:55:39,2,24,4,1,0,0.4260466679054179,0.06861111111111111,6.209587062589087
U001,28.61534525601509,77.2082139966829,2025-01-24 02:56:11,2,24,4,1,0,0.1917186490354268,0.008888888888888889,21.568348016485515
U001,28.611088119475987,77.20684013754922,2025-01-24 03:17:46,3,24,4,1,0,0.4920023570088228,0.3597222222222222,1.3677285600245266
U001,28.6104255873834,77.20793224534468,2025-01-24 03:25:00,3,24,4,1,0,0.1295865974734355,0.12055555555555555,1.074911868443244
U001,28.61482730102448,77.20744560851439,2025-01-24 03:45:05,3,24,4,1,0,0.4917480346476043,0.3347222222222222,1.4691227591131748
U001,28.61353904091448,77.20862292520064,2025-01-24 03:48:41,3,24,4,1,0,0.18364968813252175,0.06,3.0608281355420295
U001,28.614671822485423,77.21017804107623,2025-01-24 04:20:08,4,24,4,1,0,0.19725478099341015,0.5241666666666667,0.37632072685547246
U001,28.613201559673463,77.20892573489255,2025-01-24 04:20:54,4,24,4,1,0,0.2041346252671883,0.012777777777777779,15.975753281779953
U001,28.61515880110144,77.20566049283522,2025-01-24 04:34:47,4,24,4,1,0,0.38594848157953904,0.2313888888888889,1.6679646262741183
U001,28.612779050440512,77.20923436117397,2025-01-24 04:38:53,4,24,4,1,0,0.43786461611608585,0.06833333333333333,6.407774869991501
U001,28.60946338009073,77.20754340232261,2025-01-24 05:01:36,5,24,4,1,0,0.4039505034754609,0.3786111111111111,1.0669272285485394
U001,28.6157973177439,77.20722519638285,2025-01-24 05:44:31,5,24,4,1,0,0.7049863604584554,0.7152777777777778,0.9856119990875493
U001,28.61480931539996,77.20884581732228,2025-01-24 05:52:35,5,24,4,1,0,0.19259974104554067,0.13444444444444445,1.4325600573635255
U001,28.61187013288593,77.20527537302122,2025-01-24 06:23:03,6,24,4,1,0,0.4777915790018105,0.5077777777777778,0.940946216852581
U001,28.612953466848342,77.20894424974296,2025-01-24 06:32:00,6,24,4,1,0,0.3778560568506022,0.14916666666666667,2.5331132302833668
U001,28.614040622772126,77.20776240242232,2025-01-24 06:34:34,6,24,4,1,0,0.16710092804906052,0.042777777777777776,3.906255460887129
U001,28.6108587845118,77.20962604599508,2025-01-24 06:46:14,6,24,4,1,0,0.3978349606182675,0.19444444444444445,2.046008368893947
U001,28.61131256285451,77.20854885237715,2025-01-24 06:50:00,6,24,4,1,0,0.11663195498431508,0.06277777777777778,1.8578541501926296
U001,28.614093571585023,77.20863605206473,2025-01-24 07:01:37,7,24,4,1,0,0.3093511915882787,0.19361111111111112,1.5977966853913963
U001,28.613066650584848,77.21071031305901,2025-01-24 07:12:52,7,24,4,1,0,0.23245736051612728,0.1875,1.2397725894193454
U001,28.615080222816744,77.20950337175792,2025-01-24 07:23:41,7,24,4,1,0,0.25300404115286557,0.1802777777777778,1.4034122467647396
U001,28.615808890479784,77.20854644286513,2025-01-24 07:32:33,7,24,4,1,0,0.1236530629520791,0.14777777777777779,0.836750050051663
U001,28.613353408483928,77.20776231336548,2025-01-24 07:34:35,7,24,4,1,0,0.2835629115406273,0.03388888888888889,8.367430176608673
U001,28.62187631495605,77.2137499875885,2025-01-24 08:10:27,8,24,4,1,0,1.1134355952253716,0.5977777777777777,1.8626246016781312
U001,28.6214229312019,77.2155512070368,2025-01-24 08:20:07,8,24,4,1,0,0.1828971869339075,0.16111111111111112,1.1352239189001154
U001,28.622520019447595,77.21325211698057,2025-01-24 08:55:19,8,24,4,1,0,0.2554215635266925,0.5866666666666667,0.43537766510231674
U001,28.633703777748387,77.21607294556216,2025-01-24 09:12:39,9,24,4,1,0,1.2736887904092649,0.28888888888888886,4.408922736032071
U001,28.632500043481507,77.21422351145696,2025-01-24 09:24:49,9,24,4,1,0,0.22471140942494325,0.20277777777777778,1.1081658546983502
U001,28.62581002187192,77.2146614984959,2025-01-24 09:39:27,9,24,4,1,0,0.7451236836292502,0.24388888888888888,3.0551768349263106
U001,28.62970967077645,77.21446603998636,2025-01-24 09:42:07,9,24,4,1,0,0.4340406152367822,0.044444444444444446,9.765913842827599
U001,28.62898969183372,77.21709204330007,2025-01-24 09:57:39,9,24,4,1,0,0.26851047362836133,0.2588888888888889,1.0371649195945287
U001,28.630287566366004,77.21608017752546,2025-01-24 10:03:16,10,24,4,1,0,0.17487286260440782,0.09361111111111112,1.8680780574951577
U001,28.629664162797457,77.22199031001456,2025-01-24 10:14:47,10,24,4,1,0,0.5809755876750763,0.19194444444444445,3.0267903265271703
U001,28.62744172719455,77.214801529978,2025-01-24 10:21:03,10,24,4,1,0,0.7438782216023312,0.10444444444444445,7.122238291937213
U001,28.62921726038686,77.21913830396387,2025-01-24 10:24:03,10,24,4,1,0,0.4670533894230755,0.05,9.34106778846151
U001,28.62682163528832,77.22300527559455,2025-01-24 10:36:14,10,24,4,1,0,0.461958573540087,0.20305555555555554,2.275035382687159
U001,28.627098331223145,77.2154791090249,2025-01-24 11:10:33,11,24,4,1,0,0.7352144359557055,0.5719444444444445,1.2854647738905
U001,28.631224448997024,77.21771127785468,2025-01-24 11:15:14,11,24,4,1,0,0.5079010828610518,0.07805555555555556,6.506917787543724
U001,28.63111452210678,77.21789943403763,2025-01-24 11:29:41,11,24,4,1,0,0.022059818323552527,0.24083333333333334,0.09159786155108315
U001,28.63068875203241,77.21672925348958,2025-01-24 11:45:34,11,24,4,1,0,0.12363191024664995,0.26472222222222225,0.46702505444694625
U001,28.630901667769173,77.21548516209398,2025-01-24 11:54:16,11,24,4,1,0,0.1237082105401458,0.145,0.8531600726906607
U001,28.629539517001668,77.21865859160502,2025-01-24 12:01:11,12,24,4,1,0,0.3447758953656654,0.11527777777777778,2.990827044135892
U001,28.63013924252182,77.21982493503938,2025-01-24 12:10:20,12,24,4,1,0,0.13192947778121225,0.1525,0.8651113297128672
U001,28.63206153139745,77.21765043499644,2025-01-24 12:40:02,12,24,4,1,0,0.3012127056622944,0.495,0.6085105164894836
U001,28.63075431610836,77.21617301624143,2025-01-24 12:48:27,12,24,4,1,0,0.20474364936096726,0.14027777777777778,1.4595586885138259
U001,28.627534727963194,77.21755618878714,2025-01-24 13:35:13,13,24,4,1,0,0.38260914988411293,0.7794444444444445,0.4908741766153979
U001,28.629114070197087,77.21872148991184,2025-01-24 13:47:04,13,24,4,1,0,0.2092273955970601,0.1975,1.0593792182129624
U001,28.627980361228992,77.22173253557558,2025-01-24 13:53:44,13,24,4,1,0,0.3197770895452714,0.1111111111111111,2.8779938059074426
U001,28.62787984949598,77.21761390600061,2025-01-24 14:21:55,14,24,4,1,0,0.4021389141293058,0.4697222222222222,0.8561206924101129
U001,28.62855043338081,77.21573274866897,2025-01-24 14:23:39,14,24,4,1,0,0.1981666952759009,0.028888888888888888,6.859616374935031
U001,28.62991029084907,77.21508099034757,2025-01-24 14:38:35,14,24,4,1,0,0.16404475590900217,0.24888888888888888,0.6591083942772409
U001,28.62870034307536,77.21857293138102,2025-01-24 14:59:57,14,24,4,1,0,0.3664080593221588,0.3561111111111111,1.028914987176109
U001,28.627879423065828,77.21525050898836,2025-01-24 15:27:33,15,24,4,1,0,0.33687461716303657,0.46,0.7323361242674707
U001,28.63157004485295,77.21769555334144,2025-01-24 15:34:37,15,24,4,1,0,0.47471813369178006,0.11777777777777777,4.030625663420774
U001,28.632574026062084,77.21794587821154,2025-01-24 15:46:57,15,24,4,1,0,0.11427963310971316,0.20555555555555555,0.555954971885091
U001,28.62793365008728,77.2187076967099,2025-01-24 16:26:31,16,24,4,1,0,0.5213158058146996,0.6594444444444445,0.7905378689692159
U001,28.6320788478333,77.21622759437608,2025-01-24 16:35:14,16,24,4,1,0,0.5206180201508424,0.14527777777777778,3.583603962797385
U001,28.630511974795446,77.21735465586384,2025-01-24 16:55:54,16,24,4,1,0,0.20604689020079456,0.34444444444444444,0.5982006489700488
U001,28.6288346904878,77.21944192949016,2025-01-24 17:00:37,17,24,4,1,0,0.2761974121827139,0.07861111111111112,3.5134653139850527
U001,28.62979695615896,77.2195390131837,2025-01-24 17:02:04,17,24,4,1,0,0.10741779001618673,0.024166666666666666,4.444874069635313
U001,28.62865492061476,77.2177999821695,2025-01-24 17:49:30,17,24,4,1,0,0.21197694403147266,0.7905555555555556,0.26813668254156764
U001,28.628167446019425,77.21688883720945,2025-01-24 18:21:27,18,24,4,1,0,0.10414620131187177,0.5325,0.19557972077346814
U001,28.629840870952943,77.21811579731948,2025-01-24 18:31:09,18,24,4,1,0,0.22128008252420112,0.16166666666666665,1.3687427785002133
U001,28.6316486489222,77.21491922340208,2025-01-24 18:35:25,18,24,4,1,0,0.37113300959209816,0.07111111111111111,5.2190579473888805
U001,28.63232609632506,77.21867204085835,2025-01-24 18:51:09,18,24,4,1,0,0.37393176325324917,0.26222222222222225,1.4260109615590009
U001,28.62949924370382,77.2163606132147,2025-01-24 18:59:01,18,24,4,1,0,0.38690581802520596,0.13111111111111112,2.9509765781583503
U001,28.61987898307108,77.21238399273392,2025-01-24 19:19:04,19,24,4,1,0,1.1379625703713734,0.33416666666666667,3.4053742754255563
U001,28.62105638735494,77.21336010450506,2025-01-24 19:37:39,19,24,4,1,0,0.16191982073012617,0.30972222222222223,0.5227904525815733
U001,28.62167790165165,77.21188129601578,2025-01-24 19:42:21,19,24,4,1,0,0.16003401451648547,0.07833333333333334,2.0429874193593887
U001,28.625473924456525,77.21421815289246,2025-01-24 19:49:38,19,24,4,1,0,0.47978332879633895,0.1213888888888889,3.9524484752101148
U001,28.61357376072315,77.20855157405246,2025-01-24 20:03:20,20,24,4,1,0,1.4341857325489866,0.22833333333333333,6.281105398024759
U001,28.613251042291985,77.20854375585782,2025-01-24 20:25:15,20,24,4,1,0,0.03589276667918916,0.36527777777777776,0.09826156657420608
U001,28.615983862935604,77.2079369082007,2025-01-24 20:40:13,20,24,4,1,0,0.30959566260321497,0.24944444444444444,1.2411407409483006
U001,28.612977686749943,77.20612054853537,2025-01-24 20:43:09,20,24,4,1,0,0.3783825814471418,0.04888888888888889,7.739643711418809
U001,28.61263231948246,77.20970451396286,2025-01-24 21:13:40,21,24,4,1,0,0.35195149930606895,0.5086111111111111,0.6919854710550782
U001,28.61439973671808,77.21072933907472,2025-01-24 21:17:37,21,24,4,1,0,0.220523892497933,0.06583333333333333,3.349730012626831
U001,28.61937771818637,77.20585285764216,2025-01-24 21:26:29,21,24,4,1,0,0.7300467480182002,0.14777777777777779,4.940165964032934
U001,28.61412451864251,77.21085356912509,2025-01-24 21:41:42,21,24,4,1,0,0.7612329985813305,0.2536111111111111,3.0015758980205804
U001,28.614837227974203,77.20740339202057,2025-01-24 21:59:08,21,24,4,1,0,0.34598348001946794,0.29055555555555557,1.1907653232027577
U001,28.61486055529318,77.20704779688585,2025-01-24 22:26:54,22,24,4,1,0,0.03480765252447088,0.4627777777777778,0.07521461529897669
U001,28.61587390515081,77.20796955243247,2025-01-24 22:41:08,22,24,4,1,0,0.14419498365701702,0.23722222222222222,0.6078477062825074
U001,28.610048459438307,77.21272817665253,2025-01-24 22:43:52,22,24,4,1,0,0.7970987239180263,0.04555555555555556,17.49728906161521
U001,28.619584163487964,77.20687032263388,2025-01-24 22:56:14,22,24,4,1,0,1.204675946850739,0.2061111111111111,5.844788960461807
U001,28.61502456097045,77.2074057777784,2025-01-24 23:00:21,23,24,4,1,0,0.5096915830675223,0.06861111111111111,7.428703234992228
U001,28.616142722909107,77.21050155840382,2025-01-24 23:18:01,23,24,4,1,0,0.3267665065760272,0.29444444444444445,1.1097730412016018
U001,28.6123271353676,77.20869181654686,2025-01-24 23:44:57,23,24,4,1,0,0.4595822188063214,0.4488888888888889,1.0238217745685376
U001,28.613131514829288,77.20846478834258,2025-01-24 23:47:17,23,24,4,1,0,0.09214751843280929,0.03888888888888889,2.3695076168436673
U001,28.619109925584446,77.2070401029367,2025-01-24 23:59:05,23,24,4,1,0,0.6791592743910609,0.19666666666666666,3.4533522426664116
U001,28.611415895643063,77.20793968772733,2025-01-25 00:03:27,0,25,5,1,1,0.8600317048870193,0.07277777777777777,11.81722953279874
U001,28.611575091871515,77.20714612059408,2025-01-25 00:21:44,0,25,5,1,1,0.07946211225223365,0.3047222222222222,0.26076901012583514
U001,28.612842964418345,77.21167060858369,2025-01-25 00:27:02,0,25,5,1,1,0.46361726279542637,0.08833333333333333,5.2484973146652045
U001,28.611383140017097,77.21078822328045,2025-01-25 00:30:39,0,25,5,1,1,0.18376248833941444,0.06027777777777778,3.0485942765985805
U001,28.6156190292038,77.2108003097212,2025-01-25 01:16:04,1,25,5,1,1,0.47101086502464123,0.7569444444444444,0.6222528859041132
U001,28.615005702293747,77.20835478254946,2025-01-25 01:24:27,1,25,5,1,1,0.2482661420359618,0.13972222222222222,1.7768550921062873
U001,28.614336528054764,77.209211429739,2025-01-25 01:24:55,1,25,5,1,1,0.11193320967433878,0.0077777777777777776,14.391412672414987
U001,28.614572772095944,77.20659329568124,2025-01-25 01:44:15,1,25,5,1,1,0.2569125987530948,0.32222222222222224,0.7973149616475356
U001,28.611466860469413,77.21026428001849,2025-01-25 01:57:32,1,25,5,1,1,0.4976794702897132,0.22138888888888889,2.2479875696900473
U001,28.611428532408542,77.20997860695135,2025-01-25 02:03:26,2,25,5,1,1,0.028210230330751183,0.09833333333333333,0.2868836982788256
U001,28.613297094859995,77.21299604394616,2025-01-25 02:04:09,2,25,5,1,1,0.3604575879592621,0.011944444444444445,30.17784457333357
U001,28.61289214676397,77.20892975470628,2025-01-25 02:13:57,2,25,5,1,1,0.39947702066332214,0.16333333333333333,2.4457776775305438
U001,28.6186448631719,77.20851951248765,2025-01-25 02:28:50,2,25,5,1,1,0.6409250961523901,0.24805555555555556,2.5837965802336
U001,28.61595573037565,77.20778199182674,2025-01-25 02:54:32,2,25,5,1,1,0.30756189016194024,0.42833333333333334,0.718043323335269
U001,28.61116435568251,77.21012559454115,2025-01-25 03:24:38,3,25,5,1,1,0.5798159680749372,0.5016666666666667,1.1557793383553565
U001,28.61643714907444,77.2064880026646,2025-01-25 03:29:05,3,25,5,1,1,0.6854485842938572,0.07416666666666667,9.2420033837374
U001,28.611551085944186,77.20663891530036,2025-01-25 03:45:34,3,25,5,1,1,0.5435051063992462,0.2747222222222222,1.978380569299582
U001,28.615777362144467,77.2089632246274,2025-01-25 03:55:29,3,25,5,1,1,0.5218443214013212,0.16527777777777777,3.15737740679791
U001,28.611250683744554,77.21296063338309,2025-01-25 04:02:21,4,25,5,1,1,0.6368794612298103,0.11444444444444445,5.564966166085721
U001,28.61476922530261,77.20605074351985,2025-01-25 04:11:22,4,25,5,1,1,0.7797663912153172,0.1502777777777778,5.1888336568856595
U001,28.61328105969944,77.2086098547761,2025-01-25 04:16:14,4,25,5,1,1,0.2996419915189276,0.0811111111111111,3.6942163337949983
U001,28.61316927730585,77.20795655663615,2025-01-25 05:01:17,5,25,5,1,1,0.06497170352575636,0.7508333333333334,0.08653279048935364
U001,28.61547759915788,77.20842972132111,2025-01-25 05:30:44,5,25,5,1,1,0.26079620382962077,0.49083333333333334,0.5313335222335228
U001,28.60968773478195,77.20994442633844,2025-01-25 05:35:37,5,25,5,1,1,0.6605643213999177,0.08138888888888889,8.11614865883858
U001,28.613187430446327,77.20928039962321,2025-01-25 05:48:24,5,25,5,1,1,0.394509971712595,0.21305555555555555,1.8516765295506414
U001,28.61199957659467,77.20773353713415,2025-01-25 06:23:18,6,25,5,1,1,0.20061492899863145,0.5816666666666667,0.3448967260721458
U001,28.61527104244781,77.20679959491339,2025-01-25 06:23:40,6,25,5,1,1,0.375020288507232,0.006111111111111111,61.366956301183414
U001,28.6168646294688,77.2095092330049,2025-01-25 06:30:52,6,25,5,1,1,0.31836539094953387,0.12,2.653044924579449
U001,28.61390134906929,77.20770281363455,2025-01-25 06:56:26,6,25,5,1,1,0.3737159993954479,0.4261111111111111,0.8770388512539847
U001,28.613542873557385,77.21228262198066,2025-01-25 06:58:44,6,25,5,1,1,0.4488292326167961,0.03833333333333333,11.708588676959899
U001,28.61525920485952,77.20742453360687,2025-01-25 07:32:14,7,25,5,1,1,0.5111793113140437,0.5583333333333333,0.915545035189332
U001,28.60798206175475,77.20927817807672,2025-01-25 07:39:44,7,25,5,1,1,0.8291658795434108,0.125,6.6333270363472865
U001,28.61669399639687,77.21560436523073,2025-01-25 07:43:21,7,25,5,1,1,1.14881439623293,0.06027777777777778,19.058672011237547
U001,28.625008472353382,77.19306377505201,2025-01-25 08:03:37,8,25,5,1,1,2.386496022022695,0.3377777777777778,7.065284275725084
U001,28.62586992735192,77.19583047507773,2025-01-25 08:09:16,8,25,5,1,1,0.2865260316403929,0.09416666666666666,3.042754318305058
U001,28.623088108214585,77.19600338652613,2025-01-25 08:40:53,8,25,5,1,1,0.3097842412901978,0.5269444444444444,0.5878878590641603
U001,28.622036802129458,77.19463472269723,2025-01-25 08:50:02,8,25,5,1,1,0.17751598917138112,0.1525,1.1640392732549583
U001,28.625701761612817,77.19495667836257,2025-01-25 09:18:19,9,25,5,1,1,0.40873468702417676,0.4713888888888889,0.8670859595091551
U001,28.622525085150613,77.19243816832432,2025-01-25 09:36:10,9,25,5,1,1,0.4303469757001302,0.2975,1.4465444561348915
U001,28.625739234431634,77.19513075889589,2025-01-25 09:41:29,9,25,5,1,1,0.44362336496216886,0.08861111111111111,5.0064078804508085
U001,28.62510147628312,77.19592202123357,2025-01-25 09:41:46,9,25,5,1,1,0.10484983708717925,0.004722222222222222,22.203494912579135
U001,28.62338909252648,77.19580568403971,2025-01-25 10:01:50,10,25,5,1,1,0.1907466668319406,0.33444444444444443,0.5703388709260683
U001,28.626735260510355,77.19653467916419,2025-01-25 10:16:46,10,25,5,1,1,0.37881914505610836,0.24888888888888888,1.5220412078147212
U001,28.629169462787416,77.1938415930845,2025-01-25 10:35:23,10,25,5,1,1,0.37729585455943515,0.31027777777777776,1.2159938016239629
U001,28.624918767319823,77.1962598986163,2025-01-25 10:42:31,10,25,5,1,1,0.5283128430925254,0.11888888888888889,4.4437528858249795
U001,28.62807925607218,77.19521577310066,2025-01-25 10:50:53,10,25,5,1,1,0.3659081717509908,0.13944444444444445,2.6240426659433598
U001,28.60085174117757,77.20482426400173,2025-01-25 11:38:28,11,25,5,1,1,3.1695149964682994,0.7930555555555555,3.9965863353015334
U001,28.604186247754587,77.20633379546211,2025-01-25 11:51:30,11,25,5,1,1,0.3989928047622872,0.21722222222222223,1.8367955206448003
U001,28.600473270363366,77.20415129371747,2025-01-25 11:57:58,11,25,5,1,1,0.46460133701921597,0.10777777777777778,4.310734054817468
U001,28.599995384200646,77.20386947862185,2025-01-25 12:10:29,12,25,5,1,1,0.059838571178385175,0.2086111111111111,0.28684268474325786
U001,28.60033754752398,77.20713637459701,2025-01-25 12:24:41,12,25,5,1,1,0.3211989049333865,0.23666666666666666,1.3571784715495203
U001,28.60068310920249,77.20501472783742,2025-01-25 12:25:54,12,25,5,1,1,0.210663484166303,0.020277777777777777,10.388884150666998
U001,28.603798759996824,77.20538088537549,2025-01-25 12:31:05,12,25,5,1,1,0.34828382744879466,0.08638888888888889,4.031581282365469
U001,28.597595874964675,77.20294024902554,2025-01-25 13:09:21,13,25,5,1,1,0.7297257426051011,0.6377777777777778,1.144169282830298
U001,28.601412039979053,77.20917021979359,2025-01-25 13:39:08,13,25,5,1,1,0.7416143141458497,0.4963888888888889,1.494018763808091
U001,28.598481363677816,77.20635348314264,2025-01-25 13:47:19,13,25,5,1,1,0.42639782663476106,0.1363888888888889,3.126338443757922
U001,28.598622525501817,77.20355767614203,2025-01-25 14:00:00,14,25,5,1,1,0.2734016704510655,0.21138888888888888,1.293358756404515
U001,28.593964194890063,77.20379941533007,2025-01-25 14:21:13,14,25,5,1,1,0.5185201290766795,0.3536111111111111,1.4663570028877033
U001,28.602358905449066,77.20661654458522,2025-01-25 14:32:38,14,25,5,1,1,0.973124260549785,0.19027777777777777,5.114229690480622
U001,28.60330302817913,77.2048951525694,2025-01-25 14:46:02,14,25,5,1,1,0.19814649506878765,0.22333333333333333,0.887223112248303
U001,28.60034529136688,77.20603023878189,2025-01-25 14:56:14,14,25,5,1,1,0.34705211997142543,0.17,2.0414830586554435
U001,28.640881238421088,77.22651038683117,2025-01-25 15:12:00,15,25,5,1,1,4.93079032685892,0.2627777777777778,18.764106952105827
U001,28.639990205053472,77.23178338620339,2025-01-25 15:13:20,15,25,5,1,1,0.5240416348972692,0.022222222222222223,23.581873570377113
U001,28.639770246856827,77.22487556029427,2025-01-25 15:42:49,15,25,5,1,1,0.6745795104512124,0.4913888888888889,1.3728017171420943
U001,28.6390084370992,77.22716545152538,2025-01-25 16:09:57,16,25,5,1,1,0.23898825982859204,0.45222222222222225,0.528475267434233
U001,28.638698869865863,77.22205900081566,2025-01-25 16:13:14,16,25,5,1,1,0.4995317368588125,0.05472222222222222,9.128498744628047
U001,28.63958666459969,77.22662926370737,2025-01-25 16:17:24,16,25,5,1,1,0.4568101263765501,0.06944444444444445,6.578065819822322
U001,28.6392991534412,77.22685785633101,2025-01-25 16:27:30,16,25,5,1,1,0.038983786643669395,0.16833333333333333,0.23158685134853105
U001,28.641334802485,77.23018628739418,2025-01-25 16:38:31,16,25,5,1,1,0.39590988611053485,0.1836111111111111,2.1562414372132004
U001,28.640435320753383,77.22559309445516,2025-01-25 17:12:14,17,25,5,1,1,0.4592692521412864,0.5619444444444445,0.817285866390821
U001,28.63953926884212,77.22637182900083,2025-01-25 17:46:34,17,25,5,1,1,0.12531131660919517,0.5722222222222222,0.2189906503850013
U001,28.63921935469811,77.22107862587623,2025-01-25 17:52:42,17,25,5,1,1,0.5177905050343822,0.10222222222222223,5.065341897075477
U001,28.6440572967256,77.22354471740663,2025-01-25 18:04:26,18,25,5,1,1,0.5893330939655517,0.19555555555555557,3.013635139596571
U001,28.636548774781104,77.22468891138448,2025-01-25 18:18:40,18,25,5,1,1,0.8423433234596122,0.23722222222222222,3.5508617850756483
U001,28.640114943666315,77.224630537463,2025-01-25 18:33:08,18,25,5,1,1,0.39658080645208527,0.2411111111111111,1.6448051880501233
U001,28.639854355203383,77.22572902369572,2025-01-25 18:44:48,18,25,5,1,1,0.11104840091460672,0.19444444444444445,0.5711060618465488
U001,28.63770637819055,77.2192812290513,2025-01-25 18:58:00,18,25,5,1,1,0.6730524622877017,0.22,3.0593293740350074
U001,28.610081544270106,77.20712438176126,2025-01-25 19:05:54,19,25,5,1,1,3.2929534739567052,0.13166666666666665,25.009773219924345
U001,28.61316451406089,77.21044138773142,2025-01-25 19:22:38,19,25,5,1,1,0.4715526401381139,0.2788888888888889,1.6908261996984162
U001,28.610566634045696,77.20959361372695,2025-01-25 19:37:39,19,25,5,1,1,0.3004914937495188,0.25027777777777777,1.2006319395097311
U001,28.611229565289104,77.21269127028691,2025-01-25 20:22:35,20,25,5,1,1,0.31123965862562797,0.7488888888888889,0.41560191804609076
U001,28.61742509809108,77.20989366481113,2025-01-25 20:30:48,20,25,5,1,1,0.7410634693198144,0.13694444444444445,5.411416814505744
U001,28.61346954244996,77.21150599567541,2025-01-25 20:47:07,20,25,5,1,1,0.4671477643059188,0.27194444444444443,1.7178058748736544
U001,28.616665187564664,77.2078909396768,2025-01-25 21:18:02,21,25,5,1,1,0.50078799492554,0.5152777777777777,0.9718796667018568
U001,28.61546949037664,77.21031650807889,2025-01-25 21:20:36,21,25,5,1,1,0.271541879355412,0.042777777777777776,6.3477322446719695
U001,28.61018535283948,77.2096048507906,2025-01-25 21:22:01,21,25,5,1,1,0.5916616945823796,0.02361111111111111,25.058612947018432
U001,28.61425111022011,77.20733484692174,2025-01-25 21:43:41,21,25,5,1,1,0.5034761751034023,0.3611111111111111,1.3942417156709601
U001,28.61295256080709,77.21175066603044,2025-01-25 22:01:02,22,25,5,1,1,0.4545897812148347,0.2891666666666667,1.5720684076593705
U001,28.610770456529924,77.20879147839896,2025-01-25 22:16:10,22,25,5,1,1,0.37724857584847427,0.25222222222222224,1.495699199399237
U001,28.61438671818871,77.21147490178296,2025-01-25 22:59:37,22,25,5,1,1,0.4799031283375977,0.7241666666666666,0.6626970702015158
U001,28.615722489932555,77.20946305164546,2025-01-25 23:06:55,23,25,5,1,1,0.2462272403983969,0.12166666666666667,2.0237855375210705
U001,28.61387718950914,77.20615296551628,2025-01-25 23:07:12,23,25,5,1,1,0.3827553001357561,0.004722222222222222,81.05406355816011
U001,28.610800134368816,77.20596429727804,2025-01-25 23:10:55,23,25,5,1,1,0.3426482262050326,0.06194444444444445,5.531540871471378
U001,28.615454531825662,77.20905366744255,2025-01-25 23:17:00,23,25,5,1,1,0.5989967516314344,0.10138888888888889,5.907913166775791
U001,28.61639669970004,77.2099749707413,2025-01-25 23:39:53,23,25,5,1,1,0.13806912181848935,0.3813888888888889,0.36201663404702233
U001,28.61375602646352,77.21274547481535,2025-01-26 00:01:26,0,26,6,1,1,0.3991928292450568,0.3591666666666667,1.1114417519583946
U001,28.612885845054777,77.20595497864282,2025-01-26 00:25:37,0,26,6,1,1,0.6698784398358341,0.40305555555555556,1.662000264237769
U001,28.61096565591016,77.20920372474637,2025-01-26 00:37:21,0,26,6,1,1,0.3823091883959754,0.19555555555555557,1.954990167933965
U001,28.61555084573057,77.20896737122072,2025-01-26 00:39:19,0,26,6,1,1,0.5103715954747081,0.03277777777777778,15.570658844991094
U001,28.61288722231385,77.20840681555644,2025-01-26 01:16:56,1,26,6,1,1,0.3011934572364856,0.6269444444444444,0.48041490742195314
U001,28.61294866939129,77.20859523741328,2025-01-26 01:27:04,1,26,6,1,1,0.019620939587285995,0.1688888888888889,0.11617661597735128
U001,28.6101785832214,77.20798638735899,2025-01-26 01:28:57,1,26,6,1,1,0.3137011450578309,0.03138888888888889,9.994018780603463
U001,28.61500576268492,77.21094836687817,2025-01-26 02:18:14,2,26,6,1,1,0.6096787751635466,0.8213888888888888,0.7422534969863943
U001,28.6153058924804,77.21024135149956,2025-01-26 02:30:07,2,26,6,1,1,0.07665953946614554,0.19805555555555557,0.38706078832836455
U001,28.613873937669347,77.20954423602281,2025-01-26 02:33:22,2,26,6,1,1,0.17315740491038575,0.05416666666666667,3.196752090653275
U001,28.613274538179333,77.20473194195938,2025-01-26 02:54:25,2,26,6,1,1,0.47445509501574584,0.35083333333333333,1.352366066553195
U001,28.60971716742323,77.2091795450239,2025-01-26 03:10:08,3,26,6,1,1,0.5873360712887714,0.2619444444444444,2.2422161788330617
U001,28.610971538551222,77.2070828582758,2025-01-26 03:27:57,3,26,6,1,1,0.2476809977189753,0.29694444444444446,0.8340987762285417
U001,28.61481052940918,77.20746908989415,2025-01-26 03:43:09,3,26,6,1,1,0.42853801475160697,0.25333333333333335,1.69159742665108
U001,28.61422307184244,77.20355741447484,2025-01-26 03:45:02,3,26,6,1,1,0.3873805834361828,0.03138888888888889,12.341328321860692
U001,28.612287158468177,77.21171035834345,2025-01-26 04:17:16,4,26,6,1,1,0.8244478505747559,0.5372222222222223,1.5346495667368774
U001,28.61312315233668,77.20873030613714,2025-01-26 04:21:26,4,26,6,1,1,0.305390805360126,0.06944444444444445,4.3976275971858145
U001,28.613917741950605,77.20938075086914,2025-01-26 04:32:30,4,26,6,1,1,0.10880185810251877,0.18444444444444444,0.5898895921220898
U001,28.615322388785373,77.20591104427592,2025-01-26 04:39:05,4,26,6,1,1,0.3729700248096568,0.10972222222222222,3.3992204792778846
U001,28.61280039323893,77.21175601816086,2025-01-26 04:51:07,4,26,6,1,1,0.6357458114678732,0.20055555555555554,3.1699237136902267
U001,28.614640243400967,77.21138831608783,2025-01-26 05:13:17,5,26,6,1,1,0.20770678298654538,0.36944444444444446,0.5622138486853859
U001,28.61788244111028,77.20756819055848,2025-01-26 05:17:22,5,26,6,1,1,0.5186705753604826,0.06805555555555555,7.621281923664234
U001,28.61615043285553,77.20975500017795,2025-01-26 05:38:49,5,26,6,1,1,0.28749830398426995,0.3575,0.80419106009586
U001,28.612566358197142,77.2138459339049,2025-01-26 06:00:00,6,26,6,1,1,0.5641745917962371,0.35305555555555557,1.5979768138996486
U001,28.61445827298165,77.20774008178975,2025-01-26 06:19:45,6,26,6,1,1,0.6320577595146638,0.32916666666666666,1.9201754719432824
U001,28.6133496043498,77.2080089582145,2025-01-26 06:21:40,6,26,6,1,1,0.1260412971710319,0.03194444444444444,3.945640607093173
U001,28.61382563336385,77.21057112848209,2025-01-26 06:40:40,6,26,6,1,1,0.25564517631526906,0.31666666666666665,0.8073005567850602
U001,28.610727853602945,77.21032998074195,2025-01-26 07:21:22,7,26,6,1,1,0.3452607997876726,0.6783333333333333,0.508983980030967
U001,28.6130525731583,77.2120587047456,2025-01-26 07:25:18,7,26,6,1,1,0.30870336909749235,0.06555555555555556,4.709034443860053
U001,28.61226025521814,77.20999309558896,2025-01-26 07:26:20,7,26,6,1,1,0.22004266027124192,0.017222222222222222,12.776670596394693
U001,28.61449301178793,77.20945636440122,2025-01-26 07:50:53,7,26,6,1,1,0.25373925255020935,0.4091666666666667,0.6201366661104912
U001,28.612527904664773,77.20938029989833,2025-01-26 08:19:43,8,26,6,1,1,0.21863605776920925,0.48055555555555557,0.4549652069185857
U001,28.610087648325703,77.21049055985777,2025-01-26 08:30:56,8,26,6,1,1,0.292188039751,0.18694444444444444,1.562967226008321
U001,28.615226040909533,77.21001137100625,2025-01-26 08:39:16,8,26,6,1,1,0.5732747237392065,0.1388888888888889,4.127578010922287
U001,28.612903699051945,77.21203633033461,2025-01-26 08:41:34,8,26,6,1,1,0.3252006246224567,0.03833333333333333,8.483494555368436
U001,28.62646035222809,77.19488140586336,2025-01-26 09:21:54,9,26,6,1,1,2.2530452237418666,0.6722222222222223,3.3516375229217847
U001,28.62202381902156,77.19501218261148,2025-01-26 09:40:07,9,26,6,1,1,0.4934850936877586,0.3036111111111111,1.6253854869862132
U001,28.627754518119925,77.19601122194054,2025-01-26 09:59:20,9,26,6,1,1,0.6446421831087822,0.3202777777777778,2.012759635031757
U001,28.62464512232235,77.1904861520338,2025-01-26 10:39:37,10,26,6,1,1,0.6405831942261183,0.6713888888888889,0.9541164663690632
U001,28.62476992027893,77.19380975615506,2025-01-26 10:42:58,10,26,6,1,1,0.32469469372226784,0.05583333333333333,5.815427350249573
U001,28.62417349675811,77.19752129564124,2025-01-26 10:48:46,10,26,6,1,1,0.36828347725147437,0.09666666666666666,3.8098290750152524
U001,28.626145437927256,77.19609718421557,2025-01-26 11:02:40,11,26,6,1,1,0.2596149673881955,0.23166666666666666,1.1206401469994052
U001,28.62670019326923,77.1982244537747,2025-01-26 11:25:47,11,26,6,1,1,0.21659693412522937,0.3852777777777778,0.5621838232522176
U001,28.62230533888265,77.19757257307671,2025-01-26 11:51:00,11,26,6,1,1,0.4928101635883857,0.42027777777777775,1.172582015147514
U001,28.60011015686565,77.20746397146473,2025-01-26 12:16:41,12,26,6,1,1,2.6501513924677567,0.4280555555555556,6.191138879223831
U001,28.602203137821377,77.20139246985006,2025-01-26 12:21:42,12,26,6,1,1,0.6367891838464641,0.08361111111111111,7.616083261951066
U001,28.60130985238409,77.20647343057226,2025-01-26 12:24:45,12,26,6,1,1,0.5058793353654142,0.050833333333333335,9.951724630139296
U001,28.600174261680333,77.20729915118916,2025-01-26 12:43:06,12,26,6,1,1,0.1498096674684945,0.30583333333333335,0.48984087455638525
U001,28.60165792731253,77.2035070014949,2025-01-26 12:44:26,12,26,6,1,1,0.40530909623391403,0.022222222222222223,18.23890933052613
U001,28.60240149249337,77.20190291892672,2025-01-26 13:06:57,13,26,6,1,1,0.17708582008403917,0.37527777777777777,0.47187931332534494
U001,28.601095528451168,77.2049772003727,2025-01-26 13:10:18,13,26,6,1,1,0.3334142539978199,0.05583333333333333,5.9715985790654305
U001,28.59863094148562,77.20425843029268,2025-01-26 13:46:53,13,26,6,1,1,0.2828908341893325,0.6097222222222223,0.46396674400072746
U001,28.600938979219983,77.20397451223467,2025-01-26 13:50:22,13,26,6,1,1,0.25813457541208384,0.058055555555555555,4.446337184131588
U001,28.600602399309107,77.20612647042057,2025-01-26 14:14:49,14,26,6,1,1,0.21339579646227794,0.4075,0.5236706661650993
U001,28.59883544124046,77.20247824851882,2025-01-26 14:18:30,14,26,6,1,1,0.40676520940323113,0.06138888888888889,6.62603961018838
U001,28.598278701145915,77.20516546633749,2025-01-26 14:47:49,14,26,6,1,1,0.2695544262813631,0.4886111111111111,0.5516747780630513
U001,28.60098370981001,77.20917678955743,2025-01-26 15:09:43,15,26,6,1,1,0.49379502126323127,0.365,1.3528630719540584
U001,28.60140639026083,77.20502798020615,2025-01-26 15:17:29,15,26,6,1,1,0.4077500679711603,0.12944444444444445,3.1500005250990926
U001,28.5998468150075,77.20471429307786,2025-01-26 15:36:11,15,26,6,1,1,0.17610011176422988,0.31166666666666665,0.5650270965697216
U001,28.602686332959,77.20031031184243,2025-01-26 15:38:39,15,26,6,1,1,0.5334257904776416,0.04111111111111111,12.975221930537227
U001,28.64116754912672,77.22250455800304,2025-01-26 16:20:16,16,26,6,1,1,4.796042668020971,0.6936111111111111,6.914598960703042
U001,28.640316728221965,77.22583437816616,2025-01-26 16:32:25,16,26,6,1,1,0.33844686717447614,0.2025,1.6713425539480302
U001,28.63744073788025,77.22539680825997,2025-01-26 16:34:54,16,26,6,1,1,0.32263404157755315,0.04138888888888889,7.795184897175781
U001,28.640509238967155,77.2254459867654,2025-01-26 16:50:50,16,26,6,1,1,0.34123550589961194,0.26555555555555554,1.2849872607098358
U001,28.640237021732663,77.22227816844764,2025-01-26 17:04:50,17,26,6,1,1,0.31062483142857034,0.23333333333333334,1.3312492775510156
U001,28.64032744460105,77.22359309034363,2025-01-26 17:10:24,17,26,6,1,1,0.12871627555268922,0.09277777777777778,1.3873610538613208
U001,28.63468709438995,77.22866026168526,2025-01-26 17:26:28,17,26,6,1,1,0.7986864601015993,0.2677777777777778,2.982646531499748
U001,28.64054359198984,77.22368068812244,2025-01-26 18:13:27,18,26,6,1,1,0.8125533866661429,0.7830555555555555,1.0376701638872345
U001,28.641287717573697,77.22456701522269,2025-01-26 18:22:41,18,26,6,1,1,0.11969943502066836,0.15388888888888888,0.7778302636722132
U001,28.637572503920147,77.22224204821622,2025-01-26 18:33:31,18,26,6,1,1,0.471321102561095,0.18055555555555555,2.610393798799911
U001,28.637883411191023,77.22388640479294,2025-01-26 18:34:20,18,26,6,1,1,0.16415795206524922,0.01361111111111111,12.06058423336525
U001,28.64081332317212,77.21973922886683,2025-01-26 18:36:26,18,26,6,1,1,0.5195602868967767,0.035,14.84457962562219
U001,28.63903121434356,77.22653600890045,2025-01-26 19:02:23,19,26,6,1,1,0.6922666806457481,0.4325,1.6006166026491286
U001,28.64196789855564,77.22383450612458,2025-01-26 19:15:33,19,26,6,1,1,0.41968623941498373,0.21944444444444444,1.9124942555619513
U001,28.63962036484196,77.2231721068317,2025-01-26 19:39:21,19,26,6,1,1,0.26891893931535726,0.39666666666666667,0.6779469058370351
U001,28.63772251381065,77.2241731117106,2025-01-26 19:45:28,19,26,6,1,1,0.23254562511773938,0.10194444444444445,2.281101499792539
U001,28.636251413876096,77.22193267382384,2025-01-26 19:51:11,19,26,6,1,1,0.27306811854766444,0.09527777777777778,2.866021069304933
U001,28.612456286935785,77.20852435081146,2025-01-26 20:00:53,20,26,6,1,1,2.951864831175449,0.16166666666666665,18.258957718611025
U001,28.613762543544343,77.20925178882878,2025-01-26 20:01:52,20,26,6,1,1,0.16167736131229204,0.01638888888888889,9.865059334309345
U001,28.61232265362651,77.20645770047201,2025-01-26 20:26:47,20,26,6,1,1,0.3162668490023466,0.4152777777777778,0.7615790343869215
U001,28.615806185662446,77.20944672204801,2025-01-26 20:46:33,20,26,6,1,1,0.4849444555874601,0.32944444444444443,1.4720067791862195
U001,28.616656764207026,77.21005794511518,2025-01-26 20:47:21,20,26,6,1,1,0.11182589513460811,0.013333333333333334,8.386942135095607
U001,28.61426425637838,77.20885253111209,2025-01-26 21:35:25,21,26,6,1,1,0.2908939353404889,0.8011111111111111,0.36311309543195563
U001,28.61197308240639,77.20885694839781,2025-01-26 21:42:47,21,26,6,1,1,0.2547672866432598,0.12277777777777778,2.075027674017501
U001,28.61454343995206,77.20799180575506,2025-01-26 21:51:35,21,26,6,1,1,0.2980263604098074,0.14666666666666667,2.0319979118850506
U001,28.6155283642587,77.20945601102596,2025-01-26 21:51:55,21,26,6,1,1,0.1800614559251501,0.005555555555555556,32.411062066527016
U001,28.612421079032792,77.20827584598517,2025-01-26 21:58:34,21,26,6,1,1,0.3642134343887555,0.11083333333333334,3.2861362501241094
U001,28.61563619116124,77.20953896909302,2025-01-26 22:01:02,22,26,6,1,1,0.37816902292906895,0.04111111111111111,9.198705963139515
U001,28.61381666794824,77.2089262458704,2025-01-26 22:16:44,22,26,6,1,1,0.2109771046525699,0.26166666666666666,0.8062819286085474
U001,28.61488852070127,77.20556726896169,2025-01-26 22:18:55,22,26,6,1,1,0.3488726918934749,0.03638888888888889,9.587341151271067
U001,28.616868723367823,77.20322325564861,2025-01-26 22:30:18,22,26,6,1,1,0.3175447941903675,0.1897222222222222,1.6737353720136503
U001,28.61305041309348,77.21493669255037,2025-01-26 23:17:00,23,26,6,1,1,1.2196725550849463,0.7783333333333333,1.5670311200234857
U001,28.61607577472684,77.20605139482261,2025-01-26 23:27:06,23,26,6,1,1,0.9302818384017985,0.16833333333333333,5.526426762782961
U001,28.61279838996651,77.20889751062187,2025-01-26 23:31:54,23,26,6,1,1,0.45824915100135116,0.08,5.728114387516889
U001,28.60826744472887,77.20685894149631,2025-01-26 23:45:17,23,26,6,1,1,0.5416951930523449,0.22305555555555556,2.42852141343517
U001,28.6136012822059,77.20965136227233,2025-01-27 00:17:11,0,27,0,1,0,0.6527378391004405,0.5316666666666666,1.2277200735431484
U001,28.61393714649014,77.20563112948231,2025-01-27 00:24:10,0,27,0,1,0,0.39420590022326474,0.11638888888888889,3.386971935092489
U001,28.61841321924932,77.20694940412533,2025-01-27 00:41:02,0,27,0,1,0,0.5140819639210567,0.2811111111111111,1.8287500692843914
U001,28.61631953508641,77.20900916939026,2025-01-27 00:42:39,0,27,0,1,0,0.30760792279915783,0.026944444444444444,11.416376516257404
U001,28.61362200664974,77.20867965416677,2025-01-27 00:55:16,0,27,0,1,0,0.3016711468377284,0.21027777777777779,1.4346316097963305
U001,28.615223626126337,77.20934866653398,2025-01-27 01:14:16,1,27,0,1,0,0.18968782976630522,0.31666666666666665,0.5990141992620165
U001,28.617079227006773,77.21039564260222,2025-01-27 01:23:44,1,27,0,1,0,0.23025603139278153,0.15777777777777777,1.4593692130528408
U001,28.614456634210647,77.21192835622126,2025-01-27 01:23:46,1,27,0,1,0,0.3277582158846476,0.0005555555555555556,589.9647885923657
U001,28.614560488206745,77.20904085936994,2025-01-27 01:51:05,1,27,0,1,0,0.2820959236514044,0.4552777777777778,0.6196127670195581
U001,28.61082273691344,77.20904003725684,2025-01-27 02:08:07,2,27,0,1,0,0.4156189886223714,0.2838888888888889,1.4640199207833042
U001,28.61344811441114,77.20873486452207,2025-01-27 02:23:46,2,27,0,1,0,0.293444662246619,0.2608333333333333,1.1250274590924692
U001,28.61518982955259,77.20760892026978,2025-01-27 02:58:14,2,27,0,1,0,0.22268310119287008,0.5744444444444444,0.387649499175209
U001,28.613172828777056,77.20836779267357,2025-01-27 03:05:24,3,27,0,1,0,0.2361969068147611,0.11944444444444445,1.977462475658465
U001,28.61455147705953,77.2095423075885,2025-01-27 03:36:53,3,27,0,1,0,0.19142885297966317,0.5247222222222222,0.3648194127722538
U001,28.61376367036733,77.20551316181525,2025-01-27 03:46:46,3,27,0,1,0,0.40293894210855363,0.16472222222222221,2.4461723298327036
U001,28.61533225960729,77.20766168862549,2025-01-27 03:52:35,3,27,0,1,0,0.2727763278721631,0.09694444444444444,2.813738625615436
U001,28.61490572562077,77.2096666071809,2025-01-27 03:54:46,3,27,0,1,0,0.20137154148772096,0.03638888888888889,5.533874422563325
U001,28.61648623985703,77.20999577215233,2025-01-27 04:06:06,4,27,0,1,0,0.17865817326365036,0.18888888888888888,0.9458373878663843
U001,28.61278506107689,77.20821440827036,2025-01-27 04:18:52,4,27,0,1,0,0.4467789640264715,0.2127777777777778,2.0997444784533905
U001,28.613535692733805,77.21078203930398,2025-01-27 04:27:10,4,27,0,1,0,0.26417179339253233,0.13833333333333334,1.9096756148857759
U001,28.60615834160505,77.21176831531828,2025-01-27 04:27:56,4,27,0,1,0,0.825954613107146,0.012777777777777779,64.63992624316795
U001,28.615218280900912,77.2109258094471,2025-01-27 04:49:20,4,27,0,1,0,1.0107707727265571,0.3566666666666667,2.8339367459623097
U001,28.61262202159185,77.20823437789943,2025-01-27 05:28:48,5,27,0,1,0,0.39034010493999477,0.6577777777777778,0.5934224568344515
U001,28.615085379435538,77.2082206973379,2025-01-27 05:41:12,5,27,0,1,0,0.2739161500235499,0.20666666666666667,1.3254007259204028
U001,28.61354894656755,77.20996446434084,2025-01-27 05:46:14,5,27,0,1,0,0.24116590971338217,0.08388888888888889,2.874825413801907
U001,28.612310196218544,77.20836919465243,2025-01-27 06:05:01,6,27,0,1,0,0.20790046687427877,0.31305555555555553,0.6641008702283971
U001,28.61561917157233,77.21060358525823,2025-01-27 06:16:25,6,27,0,1,0,0.4277289599985922,0.19,2.251205052624169
U001,28.61274850102995,77.20521646344461,2025-01-27 06:32:31,6,27,0,1,0,0.615157521893403,0.2683333333333333,2.2925125039505705
U001,28.61180639855833,77.2121149379541,2025-01-27 06:33:04,6,27,0,1,0,0.6814999272850819,0.009166666666666667,74.34544661291802
U001,28.61490243148267,77.20891183497386,2025-01-27 06:56:30,6,27,0,1,0,0.4650590240421006,0.39055555555555554,1.190762792710926
U001,28.61331669708821,77.21091322997849,2025-01-27 07:34:38,7,27,0,1,0,0.26316913699630123,0.6355555555555555,0.41407731345571874
U001,28.61295195183712,77.20954929803636,2025-01-27 07:49:03,7,27,0,1,0,0.13918071566875306,0.24027777777777778,0.5792492212803596
U001,28.612372412181657,77.20865741349971,2025-01-27 07:56:27,7,27,0,1,0,0.10831667319725526,0.12333333333333334,0.8782432961939615
U001,28.629902096120222,77.21577136123126,2025-01-27 08:08:35,8,27,0,1,0,2.069198960720963,0.20222222222222222,10.232302553015751
U001,28.63205276901711,77.21676300782849,2025-01-27 08:24:30,8,27,0,1,0,0.2579860387160857,0.2652777777777778,0.972512816102522
U001,28.6348134398235,77.21805737444585,2025-01-27 08:36:03,8,27,0,1,0,0.331949143805383,0.1925,1.7244111366513402
U001,28.63296896558938,77.21776646268484,2025-01-27 09:07:57,9,27,0,1,0,0.20705200661833215,0.5316666666666666,0.38943951088087553
U001,28.63018275739841,77.22013524002794,2025-01-27 09:27:14,9,27,0,1,0,0.38656352994044985,0.3213888888888889,1.2027905858129813
U001,28.62956072607525,77.21670862192055,2025-01-27 09:48:03,9,27,0,1,0,0.34151367538675964,0.34694444444444444,0.9843468626039509
U001,28.628959589758946,77.21616461402674,2025-01-27 09:53:39,9,27,0,1,0,0.08536467839910068,0.09333333333333334,0.9146215542760787
U001,28.630365744421265,77.21855449564306,2025-01-27 10:06:08,10,27,0,1,0,0.2808094439918682,0.20805555555555555,1.3496849110423572
U001,28.62873047140673,77.22368205802502,2025-01-27 10:10:39,10,27,0,1,0,0.5324592337307716,0.07527777777777778,7.073259193471506
U001,28.62951726790929,77.22078701306286,2025-01-27 10:10:40,10,27,0,1,0,0.2957913532208032,0.0002777777777777778,1064.8488715948915
U001,28.62941310521053,77.2152988325302,2025-01-27 10:37:35,10,27,0,1,0,0.5357708953808505,0.4486111111111111,1.1942880640068494
U001,28.62781040127465,77.22011687651099,2025-01-27 10:41:26,10,27,0,1,0,0.5028810863226888,0.06416666666666666,7.83710783879515
U001,28.63059012339352,77.21989553237157,2025-01-27 11:32:51,11,27,0,1,0,0.3098450311002822,0.8569444444444444,0.36156956627585607
U001,28.63159800100043,77.21744029899675,2025-01-27 11:38:02,11,27,0,1,0,0.2645389407969497,0.08638888888888889,3.0621870960418613
U001,28.63131029905201,77.21684023033328,2025-01-27 11:38:49,11,27,0,1,0,0.06673337265612767,0.013055555555555556,5.111492373660842
U001,28.632902915575773,77.21797239386115,2025-01-27 12:30:42,12,27,0,1,0,0.20873570683851578,0.8647222222222222,0.24139047369696653
U001,28.62468459077549,77.22208844691163,2025-01-27 12:33:58,12,27,0,1,0,0.9982396022721151,0.05444444444444444,18.335013102957216
U001,28.62952741952192,77.21791781931115,2025-01-27 12:36:19,12,27,0,1,0,0.6750403157532017,0.03916666666666667,17.235071891571106
U001,28.63014003096948,77.21446289365026,2025-01-27 12:43:26,12,27,0,1,0,0.34401085606087584,0.11861111111111111,2.900325718546026
U001,28.62972320143511,77.21408302684482,2025-01-27 12:54:29,12,27,0,1,0,0.0593531802276531,0.18416666666666667,0.3222797116433653
U001,28.630590358435214,77.21873582002922,2025-01-27 13:01:39,13,27,0,1,0,0.46423320409302987,0.11944444444444445,3.8866035691509477
U001,28.631929549814043,77.21604322355162,2025-01-27 13:17:52,13,27,0,1,0,0.3020504962288169,0.2702777777777778,1.117555792830155
U001,28.62905900001796,77.21608899526375,2025-01-27 13:34:29,13,27,0,1,0,0.31922183356962613,0.27694444444444444,1.152656570562341
U001,28.63040152935569,77.21971721915503,2025-01-27 13:47:11,13,27,0,1,0,0.3842934554782852,0.21166666666666667,1.815559632180875
U001,28.628273459217727,77.21840417420172,2025-01-27 14:00:35,14,27,0,1,0,0.26910458308834206,0.22333333333333333,1.2049458944254123
U001,28.627864739811468,77.21614182011635,2025-01-27 14:41:51,14,27,0,1,0,0.22543696231795476,0.6877777777777778,0.32777587412949805
U001,28.628631553136863,77.2194504323916,2025-01-27 14:42:13,14,27,0,1,0,0.33399111926474906,0.006111111111111111,54.65309224332257
U001,28.62933179508135,77.21913632982255,2025-01-27 14:53:50,14,27,0,1,0,0.08368107990280284,0.19361111111111112,0.43221217740328577
U001,28.631354907489065,77.21664627657006,2025-01-27 15:08:34,15,27,0,1,0,0.3311630540494827,0.24555555555555555,1.3486278219209704
U001,28.632501042925465,77.21826758766524,2025-01-27 15:24:16,15,27,0,1,0,0.20317659536717067,0.26166666666666666,0.7764710650974675
U001,28.63282682909607,77.21834928567031,2025-01-27 15:36:00,15,27,0,1,0,0.037092891635512965,0.19555555555555557,0.18967955949978219
U001,28.63023418696662,77.21726698666407,2025-01-27 15:49:20,15,27,0,1,0,0.3070310687185605,0.2222222222222222,1.3816398092335223
U001,28.63533590482164,77.21828794548973,2025-01-27 15:58:11,15,27,0,1,0,0.5759696342719973,0.1475,3.904878876420321
U001,28.63100259628944,77.21836182284135,2025-01-27 16:01:42,16,27,0,1,0,0.48189586692413244,0.058611111111111114,8.22192000439278
U001,28.6291830794354,77.21987173794139,2025-01-27 16:28:30,16,27,0,1,0,0.2503012750909668,0.44666666666666666,0.5603759890096272
U001,28.628453773995084,77.22014387882538,2025-01-27 16:42:02,16,27,0,1,0,0.08533405181129156,0.22555555555555556,0.37832830852296745
U001,28.62966949811813,77.21845300978619,2025-01-27 17:15:28,17,27,0,1,0,0.2133281853707097,0.5572222222222222,0.3828422070461391
U001,28.629977579195955,77.2228448929838,2025-01-27 17:22:30,17,27,0,1,0,0.43001246978864627,0.11722222222222223,3.668352822841532
U001,28.629898140411456,77.21928963690937,2025-01-27 17:27:39,17,27,0,1,0,0.34710336793074253,0.08583333333333333,4.0439227331737
U001,28.6299238095662,77.2164957888609,2025-01-27 17:49:18,17,27,0,1,0,0.2726929761747231,0.36083333333333334,0.7557311118006182
U001,28.63205893765027,77.21812592237237,2025-01-27 18:14:15,18,27,0,1,0,0.2857943486183285,0.41583333333333333,0.6872809986813511
U001,28.62917944008157,77.21535139727396,2025-01-27 18:19:53,18,27,0,1,0,0.41934014245068046,0.09388888888888888,4.466344712492455
U001,28.63374820347016,77.21861935757653,2025-01-27 18:30:25,18,27,0,1,0,0.5998453958004495,0.17555555555555555,3.416840862154459
U001,28.63247641750181,77.21631078272075,2025-01-27 18:30:27,18,27,0,1,0,0.26601234462549356,0.0005555555555555556,478.8222203258884
U001,28.631060800854183,77.21507980464678,2025-01-27 18:54:48,18,27,0,1,0,0.19801892260790885,0.4058333333333333,0.4879316368162025
U001,28.60882976606168,77.22691834644974,2025-01-27 19:18:10,19,27,0,1,0,2.728728746144538,0.3894444444444444,7.006721459429627
U001,28.61219971516151,77.22920092552816,2025-01-27 19:25:45,19,27,0,1,0,0.4359639830823923,0.12638888888888888,3.4493853606518954
U001,28.60942791850713,77.22902943883246,2025-01-27 19:27:42,19,27,0,1,0,0.308663999077642,0.0325,9.4973538177736
U001,28.610295887248,77.23313763239732,2025-01-27 19:53:50,19,27,0,1,0,0.4124841482181324,0.43555555555555553,0.9470299321334673
U001,28.609721905172776,77.2312931143936,2025-01-27 20:00:55,20,27,0,1,0,0.19103507160502142,0.11805555555555555,1.618179430066064
U001,28.612157868268586,77.2315296259562,2025-01-27 20:08:08,20,27,0,1,0,0.27184890196983214,0.12027777777777778,2.260175628386595
U001,28.60753523386915,77.23141184615898,2025-01-27 20:16:55,20,27,0,1,0,0.5141420640943253,0.1463888888888889,3.5121659027316334
U001,28.609303608523565,77.22802552012747,2025-01-27 20:24:32,20,27,0,1,0,0.38463277685784697,0.12694444444444444,3.0299299708714424
U001,28.61050313543945,77.225819725317,2025-01-27 20:33:13,20,27,0,1,0,0.25328955107753165,0.14472222222222222,1.750177320305401
U001,28.6128510040462,77.21194139072777,2025-01-27 21:06:11,21,27,0,1,0,1.3796789671907488,0.5494444444444444,2.5110436207718383
U001,28.61500960347043,77.20582443780323,2025-01-27 21:18:02,21,27,0,1,0,0.6435395084611729,0.1975,3.2584278909426474
U001,28.614173252886506,77.21040382729555,2025-01-27 21:38:55,21,27,0,1,0,0.456582481172855,0.34805555555555556,1.3118092036889688
U001,28.61672988917788,77.2071014393836,2025-01-27 21:42:00,21,27,0,1,0,0.42980357472853203,0.05138888888888889,8.363745237960623
U001,28.61282279048341,77.20844231555667,2025-01-27 21:43:58,21,27,0,1,0,0.4537377983776494,0.03277777777777778,13.842848086097776
U001,28.612476608310605,77.2085443302919,2025-01-27 22:06:41,22,27,0,1,0,0.039760925177312785,0.3786111111111111,0.10501785079847838
U001,28.616551126333388,77.2112739022331,2025-01-27 22:11:40,22,27,0,1,0,0.5256052271429569,0.08305555555555555,6.328357249881756
U001,28.614686945211133,77.21104806211032,2025-01-27 22:25:37,22,27,0,1,0,0.20845641532076598,0.2325,0.8965867325624343
U001,28.61204853713247,77.20969884580403,2025-01-27 22:36:53,22,27,0,1,0,0.32158393869978524,0.18777777777777777,1.7125771883420517
U001,28.613738562869493,77.21041478808337,2025-01-27 23:27:30,23,27,0,1,0,0.20049679573532667,0.8436111111111111,0.23766495378570168
U001,28.61594491213644,77.20687973896788,2025-01-27 23:30:13,23,27,0,1,0,0.4233926933316233,0.04527777777777778,9.351004269900884
U001,28.615953659834467,77.20850656673072,2025-01-27 23:40:49,23,27,0,1,0,0.15880159307296027,0.17666666666666667,0.8988769419224166
U001,28.61474641433104,77.20878119849252,2025-01-27 23:53:48,23,27,0,1,0,0.13689014726532875,0.21638888888888888,0.6326117203532523
U001,28.61353618407772,77.21390072787206,2025-01-28 00:20:22,0,28,1,1,0,0.5175402040554307,0.44277777777777777,1.1688486415304582
U001,28.610819435771965,77.2124339942539,2025-01-28 00:27:36,0,28,1,1,0,0.33430086986042934,0.12055555555555555,2.773002607137202
U001,28.612592330709887,77.2112977959088,2025-01-28 00:53:08,0,28,1,1,0,0.22619536108931076,0.4255555555555556,0.5315295691393725
U001,28.613066686672777,77.20881865441278,2025-01-28 00:58:32,0,28,1,1,0,0.24768369328002257,0.09,2.7520410364446954
U001,28.61098367025576,77.21157932269844,2025-01-28 00:59:11,0,28,1,1,0,0.35534591241799546,0.010833333333333334,32.801161146276506
U001,28.614594072231704,77.21234264510682,2025-01-28 01:21:17,1,28,1,1,0,0.4083146716993655,0.36833333333333335,1.1085466199982772
U001,28.61438201408172,77.21143549867344,2025-01-28 01:44:51,1,28,1,1,0,0.09163574229216745,0.3927777777777778,0.23330174841004442
U001,28.61400891715421,77.20615031659766,2025-01-28 01:55:09,1,28,1,1,0,0.5175734594973205,0.17166666666666666,3.0149910261979835
U001,28.613410605278503,77.20865860351321,2025-01-28 01:58:14,1,28,1,1,0,0.2537229110639667,0.05138888888888889,4.937310701785298
U001,28.61649172777897,77.20738999982262,2025-01-28 02:37:50,2,28,1,1,0,0.3642977438725976,0.66,0.5519662785948448
U001,28.61395697025617,77.2070378423895,2025-01-28 02:39:35,2,28,1,1,0,0.28394066742994484,0.029166666666666667,9.735108597598108
U001,28.61537520293652,77.20847741270416,2025-01-28 02:39:36,2,28,1,1,0,0.2112243343038939,0.0002777777777777778,760.4076034940181
U001,28.618405116199234,77.21017457853539,2025-01-28 02:48:55,2,28,1,1,0,0.37543739812953164,0.15527777777777776,2.417843708884283
U001,28.610441080817232,77.21157233242428,2025-01-28 02:55:56,2,28,1,1,0,0.8960094919604479,0.11694444444444445,7.661838886122594
U001,28.61751986491925,77.20901200292975,2025-01-28 03:06:29,3,28,1,1,0,0.8258498151937254,0.17583333333333334,4.696776200153888
U001,28.615456074889284,77.205716863262,2025-01-28 03:09:54,3,28,1,1,0,0.39511759001021407,0.05694444444444444,6.938650361154979
U001,28.614607883398666,77.21055313052848,2025-01-28 03:48:21,3,28,1,1,0,0.48141300449055363,0.6408333333333334,0.7512296559020343
U001,28.61177450062138,77.21107645724368,2025-01-28 04:21:05,4,28,1,1,0,0.3191724311170486,0.5455555555555556,0.5850411161004965
U001,28.6173208687297,77.20732488070908,2025-01-28 04:27:25,4,28,1,1,0,0.7172585388213704,0.10555555555555556,6.795080894097193
U001,28.615708821718467,77.21343562685514,2025-01-28 04:27:40,4,28,1,1,0,0.6228333292741558,0.004166666666666667,149.47999902579738
U001,28.613857628040336,77.21052690215944,2025-01-28 04:56:28,4,28,1,1,0,0.3506967445366321,0.48,0.7306182177846502
U001,28.61069587625285,77.20798783221927,2025-01-28 05:20:12,5,28,1,1,0,0.4301550122665364,0.39555555555555555,1.0874705366288842
U001,28.61454572015706,77.20750211245078,2025-01-28 05:42:26,5,28,1,1,0,0.4307008440107564,0.3705555555555556,1.1623111232674086
U001,28.612192211765343,77.20968648872166,2025-01-28 05:46:53,5,28,1,1,0,0.3375676507172699,0.07416666666666667,4.551473942255324
U001,28.614154521108265,77.20826141466284,2025-01-28 05:47:31,5,28,1,1,0,0.2587700595972468,0.010555555555555556,24.51505827763391
U001,28.61498343601793,77.20929385886475,2025-01-28 05:49:35,5,28,1,1,0,0.13657331347413096,0.034444444444444444,3.965031681507028
U001,28.611606915746982,77.20935139015826,2025-01-28 06:13:32,6,28,1,1,0,0.37549392215730465,0.39916666666666667,0.940694585780304
U001,28.609567787917065,77.2088169862494,2025-01-28 06:16:52,6,28,1,1,0,0.2326644374595484,0.05555555555555555,4.187959874271871
U001,28.61372377942827,77.2073799818142,2025-01-28 06:20:52,6,28,1,1,0,0.4829459785923746,0.06666666666666667,7.244189678885619
U001,28.61566049373015,77.20810575678972,2025-01-28 07:00:32,7,28,1,1,0,0.2267066751458651,0.6611111111111111,0.34291765988450185
U001,28.61087667336372,77.20843067074732,2025-01-28 07:24:49,7,28,1,1,0,0.5328812546158691,0.4047222222222222,1.3166592427022161
U001,28.60971620789644,77.20885893420787,2025-01-28 07:25:47,7,28,1,1,0,0.13564114980074124,0.01611111111111111,8.41910584970118
U001,28.610203028104063,77.20487826634337,2025-01-28 07:43:51,7,28,1,1,0,0.39233714650648205,0.3011111111111111,1.3029646931949588
U001,28.631948505632327,77.22017432218702,2025-01-28 08:33:33,8,28,1,1,0,2.8417856684215788,0.8283333333333334,3.430727165096473
U001,28.63144672883825,77.21678150033507,2025-01-28 08:34:50,8,28,1,1,0,0.33579968944753685,0.021388888888888888,15.699725740404322
U001,28.63146206230661,77.21825376400247,2025-01-28 08:41:47,8,28,1,1,0,0.14370012904074625,0.11583333333333333,1.2405766535891762
U001,28.631521773384428,77.21793418995131,2025-01-28 08:51:13,8,28,1,1,0,0.031888656291054786,0.15722222222222224,0.20282537570282194
U001,28.62968506622021,77.21789584309332,2025-01-28 09:04:16,9,28,1,1,0,0.20426680758474977,0.2175,0.939157736021838
U001,28.627949262813424,77.21871587484296,2025-01-28 09:15:53,9,28,1,1,0,0.20894859721523162,0.19361111111111112,1.0792180057027745
U001,28.633204704020912,77.21073966596138,2025-01-28 09:24:50,9,28,1,1,0,0.9734020698732766,0.14916666666666667,6.525600468424201
U001,28.629030793589017,77.21397181285258,2025-01-28 09:25:15,9,28,1,1,0,0.5611731081477835,0.006944444444444444,80.80892757328084
U001,28.633375732818244,77.21763224626868,2025-01-28 09:57:48,9,28,1,1,0,0.6008731458225266,0.5425,1.1076002687972841
U001,28.6277158330108,77.21715076843343,2025-01-28 10:12:02,10,28,1,1,0,0.6311040641807406,0.23722222222222222,2.6603918396377826
U001,28.62866388626761,77.21576555142425,2025-01-28 10:22:13,10,28,1,1,0,0.17144030017273554,0.16972222222222222,1.010122881541486
U001,28.63050309553692,77.2206899983723,2025-01-28 10:26:07,10,28,1,1,0,0.5223263943135467,0.065,8.035790681746871
U001,28.629505504099747,77.21686623760633,2025-01-28 10:52:09,10,28,1,1,0,0.389333458799823,0.4338888888888889,0.8973114287319864
U001,28.628574163256,77.219521787761,2025-01-28 11:07:51,11,28,1,1,0,0.27910618613998434,0.26166666666666666,1.0666478451209593
U001,28.63432552072878,77.22155607023906,2025-01-28 11:17:24,11,28,1,1,0,0.6696319888644783,0.15916666666666668,4.207111971923424
U001,28.630671687076653,77.21812035759602,2025-01-28 11:21:13,11,28,1,1,0,0.5267885413820451,0.0636111111111111,8.281391916922981
U001,28.63445797144792,77.21767873483665,2025-01-28 11:51:04,11,28,1,1,0,0.4232160757490239,0.4975,0.850685579395023
U001,28.63199889273702,77.21641730594904,2025-01-28 12:39:58,12,28,1,1,0,0.29987351145285834,0.815,0.36794295883786304
U001,28.629266820620348,77.21511938230607,2025-01-28 12:41:52,12,28,1,1,0,0.32914536002516187,0.03166666666666667,10.394064000794584
U001,28.62533209758416,77.21721364211778,2025-01-28 12:59:26,12,28,1,1,0,0.48291376603995134,0.2927777777777778,1.6494208327740272
U001,28.63358081326552,77.22028234026781,2025-01-28 13:12:10,13,28,1,1,0,0.964876649411701,0.21222222222222223,4.546539185709586
U001,28.62784100192597,77.21433956279371,2025-01-28 13:32:05,13,28,1,1,0,0.8624130129554693,0.33194444444444443,2.5980643068114557
U001,28.63005962707673,77.21985575656285,2025-01-28 13:41:39,13,28,1,1,0,0.5922131765227826,0.15944444444444444,3.7142289816759884
U001,28.631402470524943,77.21823673388077,2025-01-28 13:57:22,13,28,1,1,0,0.21740344781055904,0.2619444444444444,0.829960140103937
U001,28.62775802405835,77.21911540183895,2025-01-28 14:21:05,14,28,1,1,0,0.41421861636035473,0.3952777777777778,1.0479177926193093
U001,28.630888629731164,77.21542504617588,2025-01-28 14:23:16,14,28,1,1,0,0.5009066875983421,0.03638888888888889,13.765374621023144
U001,28.63071563730633,77.21614884993787,2025-01-28 14:39:02,14,28,1,1,0,0.073214388216839,0.2627777777777778,0.27861712217824564
U001,28.627489013732184,77.21688286288884,2025-01-28 15:09:20,15,28,1,1,0,0.36586656679852053,0.505,0.7244882510861793
U001,28.628930455905245,77.218653510057,2025-01-28 15:19:39,15,28,1,1,0,0.2357026315726319,0.17194444444444446,1.3708069041380853
U001,28.634649605009024,77.21886050426554,2025-01-28 15:21:46,15,28,1,1,0,0.6362611689932998,0.035277777777777776,18.03574967225102
U001,28.631785939143665,77.21463116059496,2025-01-28 15:56:14,15,28,1,1,0,0.5213180278566099,0.5744444444444444,0.9075168763461293
U001,28.629876023802897,77.21755805266385,2025-01-28 16:01:42,16,28,1,1,0,0.3559553357318197,0.09111111111111111,3.9068268555931427
U001,28.630413919904267,77.21941583175257,2025-01-28 16:02:20,16,28,1,1,0,0.19092811272541374,0.010555555555555556,18.087926468723406
U001,28.629632155856186,77.21525906969615,2025-01-28 16:10:05,16,28,1,1,0,0.41490575054833884,0.12916666666666668,3.2121735526323003
U001,28.631630857537893,77.21611787590717,2025-01-28 16:28:03,16,28,1,1,0,0.2375259718748313,0.29944444444444446,0.7932221695263383
U001,28.63043325695073,77.21564902660678,2025-01-28 17:00:02,17,28,1,1,0,0.14080965935145132,0.5330555555555555,0.26415569237374925
U001,28.62919809885004,77.2177001336971,2025-01-28 17:18:15,17,28,1,1,0,0.24277163084538458,0.3036111111111111,0.7996137886947708
U001,28.63316507158065,77.21788397434814,2025-01-28 17:48:54,17,28,1,1,0,0.4414720071734772,0.5108333333333334,0.8642192636348656
U001,28.627098399016585,77.21735369639194,2025-01-28 18:43:54,18,28,1,1,0,0.6765656362642946,0.9166666666666666,0.7380716031974123
U001,28.63264130513731,77.219402808293,2025-01-28 18:48:46,18,28,1,1,0,0.6479781269020543,0.0811111111111111,7.988771427559573
U001,28.631314359560463,77.22199468642229,2025-01-28 18:53:08,18,28,1,1,0,0.29284826713838685,0.07277777777777777,4.0238693194587505
U001,28.612688712851256,77.21118037583692,2025-01-28 19:11:13,19,28,1,1,0,2.3245533166529526,0.3013888888888889,7.712803631290903
U001,28.61314196082454,77.20906953662681,2025-01-28 19:31:03,19,28,1,1,0,0.21212423389021942,0.33055555555555555,0.6417203714325966
U001,28.61460612058139,77.21029673498848,2025-01-28 19:32:13,19,28,1,1,0,0.2021294906464954,0.019444444444444445,10.39523094753405
U001,28.61408099000353,77.20524791554348,2025-01-28 19:46:38,19,28,1,1,0,0.4962822017144427,0.24027777777777778,2.065451937771091
U001,28.616804336538934,77.20615133963122,2025-01-28 20:01:15,20,28,1,1,0,0.3154014903669106,0.2436111111111111,1.294692548826543
U001,28.61377623871568,77.20509918059962,2025-01-28 20:07:24,20,28,1,1,0,0.35202447585940905,0.1025,3.434385130335698
U001,28.614689216338803,77.20578958947061,2025-01-28 20:10:12,20,28,1,1,0,0.12185195019770552,0.04666666666666667,2.611113218522261
U001,28.616212139137616,77.20906565566413,2025-01-28 21:21:04,21,28,1,1,0,0.3618559847339005,1.181111111111111,0.30636913100706537
U001,28.61404122098364,77.20364147737436,2025-01-28 21:57:22,21,28,1,1,0,0.5819033680353412,0.605,0.9618237488187458
U001,28.613383518815223,77.21156668093569,2025-01-28 21:58:07,21,28,1,1,0,0.7770639758393965,0.0125,62.16511806715172
U001,28.6164794451095,77.20911363986878,2025-01-28 22:03:32,22,28,1,1,0,0.41933885847394115,0.09027777777777778,4.644984278480579
U001,28.612355911636456,77.2135615836778,2025-01-28 22:04:06,22,28,1,1,0,0.6314665594755601,0.009444444444444445,66.86116512094165
U001,28.61677443243382,77.2131867979284,2025-01-28 22:17:14,22,28,1,1,0,0.49267727234676006,0.21888888888888888,2.250809873665401
U001,28.61702370961924,77.21067784912768,2025-01-28 22:38:49,22,28,1,1,0,0.24646598647741455,0.3597222222222222,0.6851564102847045
U001,28.61147747795777,77.20973485803013,2025-01-28 23:05:46,23,28,1,1,0,0.6235445056017238,0.44916666666666666,1.3882252443823164
U001,28.61138092540672,77.21362239606218,2025-01-28 23:21:38,23,28,1,1,0,0.37964021117085184,0.2644444444444444,1.4356142439233894
U001,28.614782313436194,77.2088079861382,2025-01-28 23:43:43,23,28,1,1,0,0.6032492993941682,0.3680555555555556,1.639016964391702
U001,28.61647420493958,77.21219032856867,2025-01-28 23:47:02,23,28,1,1,0,0.3799976540327648,0.05527777777777778,6.874329419688207
U001,28.61435053150895,77.20743030050586,2025-01-28 23:51:28,23,28,1,1,0,0.5212039014855654,0.07388888888888889,7.053887388526449
U001,28.61557657854257,77.20753206187898,2025-01-29 00:19:18,0,29,2,1,0,0.13669160899283606,0.4638888888888889,0.2946645463318621
U001,28.615013979599965,77.2093598723751,2025-01-29 00:28:32,0,29,2,1,0,0.1890675911725253,0.15388888888888888,1.228598065381031
U001,28.612854178403744,77.20706748904993,2025-01-29 00:51:33,0,29,2,1,0,0.3282515206263086,0.3836111111111111,0.8556882507275242
U001,28.61394263863504,77.20875220947123,2025-01-29 01:03:53,1,29,2,1,0,0.2041900299093627,0.20555555555555555,0.9933569022617645
U001,28.6165726546245,77.21180069087181,2025-01-29 01:04:46,1,29,2,1,0,0.41722012172043615,0.014722222222222222,28.339479965916418
U001,28.61610961211301,77.207821641202,2025-01-29 01:18:40,1,29,2,1,0,0.3918011081173511,0.23166666666666666,1.6912278048230982
U001,28.61539922730512,77.20903578027178,2025-01-29 01:21:50,1,29,2,1,0,0.14242710704878267,0.05277777777777778,2.6986188703979876
U001,28.61504331337755,77.21282216338525,2025-01-29 02:16:21,2,29,2,1,0,0.37171342205824637,0.9086111111111111,0.40910067851106297
U001,28.61178191947808,77.20962443572134,2025-01-29 02:17:37,2,29,2,1,0,0.47848738108884825,0.021111111111111112,22.66519173578755
U001,28.613941055426388,77.20606187692421,2025-01-29 02:31:50,2,29,2,1,0,0.4225848818026034,0.23694444444444446,1.7834766406674938
U001,28.61257762367935,77.20863765232217,2025-01-29 02:48:50,2,29,2,1,0,0.29360469378627685,0.2833333333333333,1.0362518604221536
U001,28.61525100344144,77.20933103384336,2025-01-29 02:59:51,2,29,2,1,0,0.3048743228473586,0.1836111111111111,1.6604350412261588
U001,28.61379144179328,77.21425932286445,2025-01-29 03:20:38,3,29,2,1,0,0.5077077407587176,0.3463888888888889,1.465716011813459
U001,28.614833134704902,77.20722194128112,2025-01-29 03:33:08,3,29,2,1,0,0.696643736193615,0.20833333333333334,3.3438899337293515
U001,28.6155651715824,77.21092250684127,2025-01-29 03:35:56,3,29,2,1,0,0.3702814932181361,0.04666666666666667,7.934603426102916
U001,28.61425971860261,77.20967472210545,2025-01-29 04:07:14,4,29,2,1,0,0.18949067398938646,0.5216666666666666,0.3632409086058527
U001,28.6168219130348,77.20994639725062,2025-01-29 04:24:48,4,29,2,1,0,0.28613456262486436,0.2927777777777778,0.9773097015650015
U001,28.61677526451013,77.20957147609487,2025-01-29 04:38:24,4,29,2,1,0,0.03696244079813101,0.22666666666666666,0.16306959175646035
U001,28.61461165844044,77.20809761931906,2025-01-29 04:39:08,4,29,2,1,0,0.2803166929484092,0.012222222222222223,22.93500215032439
U001,28.612359679849607,77.20726893238584,2025-01-29 05:10:48,5,29,2,1,0,0.26315012232414475,0.5277777777777778,0.49860023177206375
U001,28.61337210566606,77.20852021436873,2025-01-29 05:30:18,5,29,2,1,0,0.16611055091514568,0.325,0.5111093874312175
U001,28.613170374534448,77.20688236891536,2025-01-29 05:36:16,5,29,2,1,0,0.1614440938967195,0.09944444444444445,1.6234601620899165
U001,28.61285365735544,77.20944692370689,2025-01-29 05:58:24,5,29,2,1,0,0.25280445396610707,0.3688888888888889,0.6853132788237842
U001,28.616697075632743,77.21129996111898,2025-01-29 06:28:54,6,29,2,1,0,0.46407117160367267,0.5083333333333333,0.9129268949580447
U001,28.614818872805245,77.20882130092326,2025-01-29 06:40:54,6,29,2,1,0,0.31961849892418637,0.2,1.5980924946209318
U001,28.612272432833667,77.20904670164376,2025-01-29 06:58:27,6,29,2,1,0,0.28400477404655206,0.2925,0.9709564924668447
U001,28.61430384434687,77.20750656657508,2025-01-29 07:03:07,7,29,2,1,0,0.27133951197305667,0.07777777777777778,3.4886508682250144
U001,28.61423542489049,77.20967822612998,2025-01-29 07:10:49,7,29,2,1,0,0.21212083625818398,0.12833333333333333,1.6528896331806544
U001,28.61241439318757,77.20910926200993,2025-01-29 07:35:27,7,29,2,1,0,0.20996812284367097,0.41055555555555556,0.51142438581679
U001,28.61383935003921,77.20742024167184,2025-01-29 07:48:12,7,29,2,1,0,0.22866817513457766,0.2125,1.0760855300450713
U001,28.629834754171547,77.21878961155252,2025-01-29 08:19:08,8,29,2,1,0,2.096412524605601,0.5155555555555555,4.066317396864313
U001,28.63152835058094,77.21668336142726,2025-01-29 08:26:08,8,29,2,1,0,0.27878684358840333,0.11666666666666667,2.3896015164720286
U001,28.627439042366632,77.2168944214718,2025-01-29 08:45:19,8,29,2,1,0,0.45517668861528116,0.31972222222222224,1.4236629704735118
U001,28.63420881822568,77.21454623970052,2025-01-29 08:49:51,8,29,2,1,0,0.7868785623676333,0.07555555555555556,10.414569207806911
U001,28.630719564668382,77.21477629512253,2025-01-29 09:04:14,9,29,2,1,0,0.3886364177365596,0.23972222222222223,1.6211947900945707
U001,28.62924118379845,77.21604618987625,2025-01-29 09:09:17,9,29,2,1,0,0.2058759877218019,0.08416666666666667,2.4460513392689336
U001,28.62755973518792,77.21676290296261,2025-01-29 09:10:33,9,29,2,1,0,0.19962589106681908,0.021111111111111112,9.455963261059852
U001,28.62912320167668,77.21869685991062,2025-01-29 09:22:11,9,29,2,1,0,0.256617372103574,0.1938888888888889,1.3235279936574016
U001,28.63259506968509,77.2173976160527,2025-01-29 09:44:22,9,29,2,1,0,0.40634605451826505,0.36972222222222223,1.099057698171115
U001,28.62906522652519,77.21846930670648,2025-01-29 10:10:02,10,29,2,1,0,0.4061982037416696,0.42777777777777776,0.9495542425129939
U001,28.6290985248078,77.21779366297368,2025-01-29 10:40:31,10,29,2,1,0,0.06604684476011202,0.5080555555555556,0.12999925704560047
U001,28.630029983835552,77.21715757128712,2025-01-29 10:52:50,10,29,2,1,0,0.1207547046392192,0.20527777777777778,0.5882502526403101
U001,28.63194222898916,77.21567141971684,2025-01-29 10:55:07,10,29,2,1,0,0.25739215069479504,0.03805555555555556,6.763589361323081
U001,28.63073925373966,77.21777380449052,2025-01-29 10:55:09,10,29,2,1,0,0.24493969266671614,0.0005555555555555556,440.89144680008906
U001,28.630059914598498,77.21758348047089,2025-01-29 11:03:24,11,29,2,1,0,0.0777894415526006,0.1375,0.5657413931098225
U001,28.62945277605164,77.21673666801422,2025-01-29 11:03:40,11,29,2,1,0,0.10671682862005626,0.0044444444444444444,24.01128643951266
U001,28.6288023266042,77.21859328112522,2025-01-29 11:16:25,11,29,2,1,0,0.19510684530579692,0.2125,0.9181498602625737
U001,28.63027178068817,77.21612998064242,2025-01-29 11:22:34,11,29,2,1,0,0.29068683934518796,0.1025,2.8359691643432976
U001,28.62885569640052,77.21931398477635,2025-01-29 11:41:46,11,29,2,1,0,0.3483743344139533,0.32,1.0886697950436042
U001,28.633556479182936,77.21726442315831,2025-01-29 12:22:01,12,29,2,1,0,0.5596714050773244,0.6708333333333333,0.8342927777550178
U001,28.631364396810543,77.21893027288775,2025-01-29 12:41:20,12,29,2,1,0,0.2929952748564355,0.3219444444444444,0.9100802325135184
U001,28.63055192096848,77.21846816341592,2025-01-29 12:45:21,12,29,2,1,0,0.10097528815058347,0.06694444444444445,1.5083445532867241
U001,28.63425911276784,77.22158793692044,2025-01-29 12:46:49,12,29,2,1,0,0.5124790081757323,0.024444444444444446,20.965050334461775
U001,28.628376393959645,77.2139977160853,2025-01-29 13:00:45,13,29,2,1,0,0.9882591093294213,0.23222222222222222,4.25566123634679
U001,28.62955874806528,77.21668731853251,2025-01-29 13:01:57,13,29,2,1,0,0.2935886109073126,0.02,14.679430545365628
U001,28.62817049177516,77.21646183328774,2025-01-29 13:13:45,13,29,2,1,0,0.15592791985152074,0.19666666666666666,0.7928538297534954
U001,28.63114302390293,77.21878088611363,2025-01-29 13:16:28,13,29,2,1,0,0.40059914281284237,0.04527777777777778,8.847588430222286
U001,28.63288622737838,77.21508573983701,2025-01-29 13:41:41,13,29,2,1,0,0.4094279146904108,0.42027777777777775,0.9741840666791004
U001,28.631404223955588,77.21983463945199,2025-01-29 14:29:58,14,29,2,1,0,0.49190445506060493,0.8047222222222222,0.6112723638999578
U001,28.62808575610722,77.21780522759438,2025-01-29 14:48:52,14,29,2,1,0,0.41879622147116125,0.315,1.3295118141941626
U001,28.62962112482649,77.21405604208167,2025-01-29 14:53:50,14,29,2,1,0,0.40378968382269476,0.08277777777777778,4.877996180408393
U001,28.63048838026988,77.21657095471102,2025-01-29 14:55:34,14,29,2,1,0,0.26371792068667965,0.028888888888888888,9.128697254538912
U001,28.63074996340801,77.21799829704604,2025-01-29 15:03:01,15,29,2,1,0,0.14231109090134503,0.12416666666666666,1.1461295911517722
U001,28.6295815884159,77.21712030366507,2025-01-29 15:24:38,15,29,2,1,0,0.15563274249361253,0.36027777777777775,0.43197985580339643
U001,28.631344279597087,77.21945844569684,2025-01-29 15:47:31,15,29,2,1,0,0.3008192653880087,0.3813888888888889,0.78874679926936
U001,28.634727846514465,77.21972823488989,2025-01-29 16:20:25,16,29,2,1,0,0.3771557074424465,0.5483333333333333,0.6878219588616045
U001,28.62871214650068,77.21629574922048,2025-01-29 16:38:46,16,29,2,1,0,0.7481140827529698,0.30583333333333335,2.4461495893830074
U001,28.6299508599224,77.2170136889346,2025-01-29 16:47:34,16,29,2,1,0,0.1545375925421972,0.14666666666666667,1.0536654036967992
U001,28.62727432013961,77.2187759382014,2025-01-29 16:47:42,16,29,2,1,0,0.3437428164347207,0.0022222222222222222,154.68426739562432
U001,28.6280285142869,77.21987538383749,2025-01-29 17:08:02,17,29,2,1,0,0.13619049439323463,0.3388888888888889,0.40187359001282347
U001,28.628811822085485,77.22104539471421,2025-01-29 17:25:54,17,29,2,1,0,0.14361985821982962,0.29777777777777775,0.48230549402181594
U001,28.62925431674377,77.21571118937489,2025-01-29 17:35:25,17,29,2,1,0,0.5229397684962216,0.15861111111111112,3.2969932864910643
U001,28.6279128504918,77.22060299794353,2025-01-29 17:51:37,17,29,2,1,0,0.500202581244745,0.27,1.8526021527583147
U001,28.631197737990096,77.21706555060958,2025-01-29 18:11:58,18,29,2,1,0,0.502610503092247,0.33916666666666667,1.4818982892154702
U001,28.632979577314163,77.21845686550542,2025-01-29 18:42:43,18,29,2,1,0,0.24019715668624733,0.5125,0.46867737889999483
U001,28.63204374030768,77.21849133651526,2025-01-29 18:49:04,18,29,2,1,0,0.10411469644733654,0.10583333333333333,0.983760911313416
U001,28.609232573791505,77.22883927714314,2025-01-29 19:06:18,19,29,2,1,0,2.7301917670115974,0.2872222222222222,9.50550325071736
U001,28.60911185887871,77.23654471789122,2025-01-29 19:29:55,19,29,2,1,0,0.7523150975671176,0.39361111111111113,1.9113157030639543
U001,28.606760331973145,77.22968559531627,2025-01-29 19:33:15,19,29,2,1,0,0.7188303286132167,0.05555555555555555,12.938945915037902
U001,28.610332690401428,77.23271558329604,2025-01-29 19:51:58,19,29,2,1,0,0.49525665858791473,0.31194444444444447,1.5876437853218992
U001,28.609698511276587,77.22769309186916,2025-01-29 20:09:50,20,29,2,1,0,0.49533058939367114,0.29777777777777775,1.6634236210981495
U001,28.607791563301834,77.22916399886272,2025-01-29 20:12:13,20,29,2,1,0,0.25608574905976367,0.03972222222222222,6.446913962343701
U001,28.60971592414791,77.23037913068691,2025-01-29 20:38:11,20,29,2,1,0,0.2446585579288154,0.43277777777777776,0.5653214432244772
U001,28.608345201253098,77.23012045678864,2025-01-29 20:47:05,20,29,2,1,0,0.15449501384557598,0.14833333333333334,1.0415394191836582
U001,28.611420785366303,77.22684900701117,2025-01-29 20:56:22,20,29,2,1,0,0.4679132467544157,0.15472222222222223,3.0242148802798856
U001,28.61520491563412,77.21041127983767,2025-01-29 21:08:29,21,29,2,1,0,1.6588210063156452,0.20194444444444445,8.214244322883525
U001,28.614121483460288,77.20562702870538,2025-01-29 21:18:21,21,29,2,1,0,0.4822967062444693,0.16444444444444445,2.932885375810962
U001,28.61087587159453,77.20805595265482,2025-01-29 21:20:11,21,29,2,1,0,0.43181301686218776,0.030555555555555555,14.132062370035236
U001,28.617057297570188,77.20742258643087,2025-01-29 21:20:19,21,29,2,1,0,0.6901181698593586,0.0022222222222222222,310.55317643671134
U001,28.61374565897627,77.20800825056995,2025-01-29 21:40:45,21,29,2,1,0,0.37264865001123604,0.34055555555555556,1.0942374714848693
U001,28.61709425569348,77.20717298692627,2025-01-29 22:12:10,22,29,2,1,0,0.3811690126346011,0.5236111111111111,0.7279620400448615
U001,28.61141582837448,77.20550592465749,2025-01-29 22:22:41,22,29,2,1,0,0.6520445615567877,0.17527777777777778,3.720064059594985
U001,28.6098298705004,77.20784805908379,2025-01-29 22:30:04,22,29,2,1,0,0.2887430538172206,0.12305555555555556,2.3464446811331694
U001,28.614742246389373,77.20810701199657,2025-01-29 23:08:03,23,29,2,1,0,0.5468158557078753,0.6330555555555556,0.8637723038825585
U001,28.612202577659577,77.20655738318688,2025-01-29 23:12:39,23,29,2,1,0,0.3203597554775995,0.07666666666666666,4.178605506229559
U001,28.61600660792485,77.20807096133606,2025-01-29 23:25:45,23,29,2,1,0,0.44804983017717015,0.21833333333333332,2.052136626765665
U001,28.61109076313265,77.20707375112481,2025-01-29 23:50:34,23,29,2,1,0,0.5552167835627178,0.4136111111111111,1.3423642853094586
U001,28.6142329705916,77.20837825187583,2025-01-30 00:27:33,0,30,3,1,0,0.3718789786219135,0.6163888888888889,0.6033187575659705
U001,28.61189638344949,77.20771735091733,2025-01-30 00:40:24,0,30,3,1,0,0.26770642569348985,0.21416666666666667,1.2499910927322482
U001,28.610517906499503,77.20970819382401,2025-01-30 00:46:09,0,30,3,1,0,0.2475128355325976,0.09583333333333334,2.5827426316444964
U001,28.61408240338573,77.21139662464475,2025-01-30 01:20:49,1,30,3,1,0,0.42925668196861716,0.5777777777777777,0.7429442572533759
U001,28.616231237205803,77.20693434664868,2025-01-30 01:24:38,1,30,3,1,0,0.4968092693288944,0.0636111111111111,7.8101020505852405
U001,28.612410145573165,77.2101795411593,2025-01-30 01:36:15,1,30,3,1,0,0.5299766998859994,0.19361111111111112,2.737325853069724
U001,28.60927967402666,77.20984132557204,2025-01-30 01:53:31,1,30,3,1,0,0.3496547716072987,0.2877777777777778,1.215016580874783
U001,28.610936464178653,77.21158834605868,2025-01-30 01:56:26,1,30,3,1,0,0.25104479848606537,0.04861111111111111,5.164350140284773
U001,28.61495440591516,77.20962663484163,2025-01-30 02:12:06,2,30,3,1,0,0.4860835196540978,0.2611111111111111,1.8615964582497362
U001,28.615681297470225,77.20738364010913,2025-01-30 02:31:05,2,30,3,1,0,0.2333882473898342,0.3163888888888889,0.7376625905209862
U001,28.612019133150763,77.20382913839121,2025-01-30 02:36:43,2,30,3,1,0,0.5349876999782301,0.09388888888888888,5.698093845921978
U001,28.616404912787,77.2100178479388,2025-01-30 02:46:46,2,30,3,1,0,0.7763833738656497,0.1675,4.635124620093431
U001,28.61150572148193,77.2067971466235,2025-01-30 03:10:34,3,30,3,1,0,0.6289737564716247,0.39666666666666667,1.5856481255587176
U001,28.610938768668937,77.20571122466751,2025-01-30 03:13:49,3,30,3,1,0,0.12333381702756807,0.05416666666666667,2.276932006662795
U001,28.611106325186235,77.20578422239453,2025-01-30 03:29:50,3,30,3,1,0,0.019947623075847076,0.26694444444444443,0.07472574721441153
U001,28.61348892109828,77.20794079784525,2025-01-30 03:33:34,3,30,3,1,0,0.33838766535250964,0.06222222222222222,5.438373193165334
U001,28.611778316674307,77.20617601964658,2025-01-30 03:40:26,3,30,3,1,0,0.2566260059118997,0.11444444444444445,2.2423631584534927
U001,28.61087005931084,77.20994063806538,2025-01-30 04:06:44,4,30,3,1,0,0.3811147063085909,0.43833333333333335,0.8694632083085724
U001,28.61471254154818,77.20726234333158,2025-01-30 04:09:01,4,30,3,1,0,0.5009064548218654,0.03805555555555556,13.162505382180402
U001,28.61410791015816,77.21369192537112,2025-01-30 04:17:09,4,30,3,1,0,0.6312070966974775,0.13555555555555557,4.65644579530926
U001,28.612915897949005,77.21260074264809,2025-01-30 04:21:11,4,30,3,1,0,0.170040909380125,0.06722222222222222,2.5295341891258265
U001,28.61484773973148,77.20855834384686,2025-01-30 04:42:23,4,30,3,1,0,0.4492770700938899,0.35333333333333333,1.2715388776242167
U001,28.61583989447504,77.20897510622524,2025-01-30 05:00:44,5,30,3,1,0,0.11758421900320273,0.30583333333333335,0.38447156077341493
U001,28.613729176241925,77.20756723258175,2025-01-30 05:12:29,5,30,3,1,0,0.2719760103847282,0.19583333333333333,1.3888136700496758
U001,28.61551177880113,77.20970542161378,2025-01-30 05:12:34,5,30,3,1,0,0.2878407394900416,0.001388888888888889,207.24533243282994
U001,28.61611533053655,77.20994812016873,2025-01-30 05:34:01,5,30,3,1,0,0.07117051514780066,0.3575,0.19907836404979207
U001,28.616092340594907,77.21176368923527,2025-01-30 05:54:08,5,30,3,1,0,0.17724028724099966,0.3352777777777778,0.5286371450435781
U001,28.613970936896305,77.20792623314713,2025-01-30 06:02:25,6,30,3,1,0,0.4426725272943049,0.13805555555555554,3.206481083017098
U001,28.615829614968906,77.20898494734006,2025-01-30 06:38:04,6,30,3,1,0,0.2310734058429551,0.5941666666666666,0.3889033478422807
U001,28.61658184137271,77.20792586317843,2025-01-30 06:56:45,6,30,3,1,0,0.13297971788925875,0.3113888888888889,0.42705350972464895
U001,28.61455705084467,77.20815126566323,2025-01-30 07:20:28,7,30,3,1,0,0.22621894721897318,0.3952777777777778,0.5723037315448373
U001,28.61286091419316,77.21147298558606,2025-01-30 07:29:45,7,30,3,1,0,0.3751099174545729,0.15472222222222223,2.4244088022198604
U001,28.618188548840624,77.20922181980042,2025-01-30 07:33:39,7,30,3,1,0,0.6318477954689137,0.065,9.720735314906364
U001,28.61769159480412,77.21365094744901,2025-01-30 07:42:11,7,30,3,1,0,0.43584690217023236,0.14222222222222222,3.0645485308844465
U001,28.61272337326365,77.21060742227326,2025-01-30 07:57:38,7,30,3,1,0,0.6272578148333325,0.2575,2.435952678964398
U001,28.6296309447502,77.21886996977493,2025-01-30 08:14:02,8,30,3,1,0,2.0457168919931683,0.2733333333333333,7.484330092657934
U001,28.63236214433517,77.2190111795204,2025-01-30 08:17:02,8,30,3,1,0,0.304008090223041,0.05,6.080161804460819
U001,28.632640434577795,77.21681970895267,2025-01-30 08:19:41,8,30,3,1,0,0.2161079871783702,0.04416666666666667,4.893011030453665
U001,28.63150153195472,77.21835081618106,2025-01-30 08:55:06,8,30,3,1,0,0.19587676301081616,0.5902777777777778,0.3318382808653827
U001,28.629454208091985,77.21863349852224,2025-01-30 08:59:12,8,30,3,1,0,0.22931773889728257,0.06833333333333333,3.3558693497163308
U001,28.630659386054727,77.2186297227878,2025-01-30 09:05:37,9,30,3,1,0,0.1340101818355254,0.10694444444444444,1.2530822197607572
U001,28.62950569131711,77.21916972817843,2025-01-30 09:28:15,9,30,3,1,0,0.138689467709884,0.37722222222222224,0.36765985549011954
U001,28.628371251680395,77.22294979190966,2025-01-30 09:56:37,9,30,3,1,0,0.3899047879005788,0.4727777777777778,0.8247104796957013
U001,28.631395000554456,77.21499635515943,2025-01-30 10:15:27,10,30,3,1,0,0.845939505832476,0.3138888888888889,2.6950285141565606
U001,28.64170370845177,77.2209531125085,2025-01-30 10:19:47,10,30,3,1,0,1.2852642902680027,0.07222222222222222,17.7959670960185
U001,28.63118436218597,77.21475057356407,2025-01-30 10:30:19,10,30,3,1,0,1.3170473390450728,0.17555555555555555,7.502168386965605
U001,28.628906408342065,77.2194538508875,2025-01-30 10:31:42,10,30,3,1,0,0.5242842904518806,0.023055555555555555,22.740041513575544
U001,28.62979135654324,77.21771159352437,2025-01-30 10:46:20,10,30,3,1,0,0.196463634380122,0.24388888888888888,0.8055456534948054
U001,28.62860447750204,77.2170557681887,2025-01-30 11:10:02,11,30,3,1,0,0.14667817175022013,0.395,0.3713371436714434
U001,28.63036892629673,77.2154291401769,2025-01-30 11:24:00,11,30,3,1,0,0.25238436127090913,0.23277777777777778,1.0842287596363638
U001,28.631819519318167,77.21492174566265,2025-01-30 11:48:49,11,30,3,1,0,0.16872922028357376,0.4136111111111111,0.407941701155719
U001,28.62879291995512,77.21893127466576,2025-01-30 11:51:12,11,30,3,1,0,0.5161367740181841,0.03972222222222222,12.993653052206035
U001,28.629819194694672,77.21726528164903,2025-01-30 12:15:41,12,30,3,1,0,0.19864957113862153,0.40805555555555556,0.48681991565625427
U001,28.63098536363504,77.21784478018658,2025-01-30 12:23:44,12,30,3,1,0,0.14146980863259953,0.13416666666666666,1.0544333562678228
U001,28.62893237435225,77.21691999560541,2025-01-30 12:25:27,12,30,3,1,0,0.24547759943808406,0.02861111111111111,8.579799592010705
U001,28.62800825065913,77.21995390837587,2025-01-30 12:29:41,12,30,3,1,0,0.31343526583084474,0.07055555555555555,4.4423895944529175
U001,28.62977658665144,77.21779650378141,2025-01-30 12:58:15,12,30,3,1,0,0.2880978332374175,0.4761111111111111,0.6051063008487182
U001,28.63345801092712,77.21991454737746,2025-01-30 13:00:35,13,30,3,1,0,0.4585889401045591,0.03888888888888889,11.792287031260091
U001,28.63238727200608,77.2181064833143,2025-01-30 13:11:15,13,30,3,1,0,0.21287071771672955,0.17777777777777778,1.1973977871566037
U001,28.62811260866956,77.20972747778204,2025-01-30 13:37:39,13,30,3,1,0,0.9458858932766123,0.44,2.149740666537755
U001,28.62812262941464,77.21865151296377,2025-01-30 13:59:20,13,30,3,1,0,0.8709965355126047,0.36138888888888887,2.4101364549157394
U001,28.630463850528443,77.21481731068486,2025-01-30 13:59:41,13,30,3,1,0,0.455864011114352,0.005833333333333334,78.14811619103176
U001,28.630239070446823,77.21539707033133,2025-01-30 14:47:49,14,30,3,1,0,0.061858449367628555,0.8022222222222222,0.07710887040286109
U001,28.630966675367063,77.217791765534,2025-01-30 14:50:24,14,30,3,1,0,0.24732677575856504,0.043055555555555555,5.7443638240698975
U001,28.634381603239767,77.2150995044322,2025-01-30 14:53:12,14,30,3,1,0,0.4617685154848436,0.04666666666666667,9.895039617532362
U001,28.629729521287,77.22007387393276,2025-01-30 15:18:10,15,30,3,1,0,0.7094245981082229,0.4161111111111111,1.7048922250931926
U001,28.62968885800336,77.21731907466528,2025-01-30 15:20:04,15,30,3,1,0,0.2689054320058887,0.03166666666666667,8.491750484396484
U001,28.63060654962141,77.21650938682643,2025-01-30 15:33:44,15,30,3,1,0,0.12906447771421395,0.22777777777777777,0.5666245363063052
U001,28.63194875149757,77.22114248004179,2025-01-30 15:35:30,15,30,3,1,0,0.47617482262418637,0.029444444444444443,16.171975107991237
U001,28.633933408741488,77.21927400930005,2025-01-30 16:06:11,16,30,3,1,0,0.2862782276463492,0.5113888888888889,0.5598053338005742
U001,28.629075047803124,77.21837529117451,2025-01-30 16:10:24,16,30,3,1,0,0.5472994862070741,0.07027777777777777,7.787660673302241
U001,28.6273415531124,77.21784986410209,2025-01-30 16:29:23,16,30,3,1,0,0.199460950866121,0.3163888888888889,0.6304296954504264
U001,28.62940019189475,77.21661102573852,2025-01-30 17:02:18,17,30,3,1,0,0.2588812820622287,0.5486111111111112,0.4718848685691257
U001,28.628286031163125,77.21901926824911,2025-01-30 17:12:13,17,30,3,1,0,0.2656969992521102,0.16527777777777777,1.6075784828699105
U001,28.630752654704413,77.21730203302018,2025-01-30 17:58:27,17,30,3,1,0,0.32143073083705453,0.7705555555555555,0.4171415396587586
U001,28.62805179554701,77.22144693935695,2025-01-30 18:06:47,18,30,3,1,0,0.5038331840845827,0.1388888888888889,3.627598925408995
U001,28.63100953931437,77.21504984022873,2025-01-30 18:08:23,18,30,3,1,0,0.7056812455240583,0.02666666666666667,26.463046707152184
U001,28.62940474741957,77.21854791277974,2025-01-30 18:18:17,18,30,3,1,0,0.3852306091199363,0.165,2.33473096436325
U001,28.629055177143176,77.21607656905752,2025-01-30 18:55:09,18,30,3,1,0,0.24431531030436632,0.6144444444444445,0.3976198540215727
U001,28.61318130683305,77.23095919609166,2025-01-30 19:30:23,19,30,3,1,0,2.2859945863374227,0.5872222222222222,3.892895227443104
U001,28.60976048721801,77.22639423860893,2025-01-30 19:31:13,19,30,3,1,0,0.5858843950567781,0.013888888888888888,42.18367644408803
U001,28.61038538963404,77.23243161406054,2025-01-30 19:31:34,19,30,3,1,0,0.5934379876363095,0.005833333333333334,101.73222645193877
U001,28.60969496255512,77.22923932207588,2025-01-30 19:40:56,19,30,3,1,0,0.32094240296334164,0.15611111111111112,2.0558588090178467
U001,28.60725350475889,77.2300987248937,2025-01-30 19:53:04,19,30,3,1,0,0.2841450649798988,0.20222222222222222,1.4051129586918072
U001,28.610337833647066,77.2280486530843,2025-01-30 20:01:12,20,30,3,1,0,0.39708086086401495,0.13555555555555557,2.929285039160766
U001,28.605901794323163,77.23065727114415,2025-01-30 20:19:46,20,30,3,1,0,0.5551201126447481,0.30944444444444447,1.7939249600727947
U001,28.61044518625988,77.22780112917002,2025-01-30 20:28:24,20,30,3,1,0,0.5770332192171448,0.1438888888888889,4.0102694771847895
U001,28.610886055232008,77.227596531327,2025-01-30 20:37:48,20,30,3,1,0,0.052934749385940776,0.15666666666666668,0.3378813790591964
U001,28.61298496064773,77.20704970039343,2025-01-30 21:19:03,21,30,3,1,0,2.0192358527781646,0.6875,2.937070331313694
U001,28.6130785724433,77.20822742859953,2025-01-30 21:35:08,21,30,3,1,0,0.11543438230946731,0.26805555555555555,0.4306360376311734
U001,28.6122805946496,77.20881309755599,2025-01-30 21:44:22,21,30,3,1,0,0.10555403343872634,0.15388888888888888,0.685910686605442
U001,28.614838325484392,77.20876042800634,2025-01-30 21:45:32,21,30,3,1,0,0.28445315947843297,0.019444444444444445,14.62901963031941
U001,28.61517222073355,77.20795448807655,2025-01-30 21:58:34,21,30,3,1,0,0.08699132116005592,0.21722222222222223,0.40047155521253364
U001,28.61328741191076,77.20731843159693,2025-01-30 22:05:30,22,30,3,1,0,0.21858452540876633,0.11555555555555555,1.8915968544989394
U001,28.61452184046694,77.20572386817044,2025-01-30 22:06:06,22,30,3,1,0,0.20752958975965555,0.01,20.752958975965555
U001,28.61196332295147,77.20768960529851,2025-01-30 22:19:02,22,30,3,1,0,0.34315726693990434,0.21555555555555556,1.5919667022985253
U001,28.60998222325437,77.21054174384848,2025-01-30 22:30:03,22,30,3,1,0,0.35502554747623827,0.1836111111111111,1.9335733296739148
U001,28.61390745822573,77.21457357343026,2025-01-30 23:06:04,23,30,3,1,0,0.5877086320124901,0.6002777777777778,0.9790611176515337
U001,28.611083398333783,77.20730126666919,2025-01-30 23:29:53,23,30,3,1,0,0.7762437443917493,0.39694444444444443,1.9555475715957296
U001,28.61382382803585,77.2081490750581,2025-01-30 23:35:25,23,30,3,1,0,0.315760258898239,0.09222222222222222,3.423906421788134
U001,28.613922660251127,77.20951056731532,2025-01-30 23:51:52,23,30,3,1,0,0.13335479152226065,0.27416666666666667,0.4864004554003428
U001,28.61210413111696,77.21178093537945,2025-01-31 00:12:23,0,31,4,1,0,0.30000972958004807,0.34194444444444444,0.8773639532804005
U001,28.61329601548971,77.20635816252731,2025-01-31 00:24:35,0,31,4,1,0,0.5456851025420754,0.20333333333333334,2.683697225616764
U001,28.61322103366728,77.20872853657838,2025-01-31 00:27:35,0,31,4,1,0,0.23153407160843062,0.05,4.630681432168612
U001,28.614933054441355,77.20958199873564,2025-01-31 01:06:16,1,31,4,1,0,0.20779928080469626,0.6447222222222222,0.32230823390646557
U001,28.61375236066112,77.20851718752999,2025-01-31 01:18:40,1,31,4,1,0,0.1674512613605399,0.20666666666666667,0.8102480388413221
U001,28.61435176672039,77.20579250828716,2025-01-31 01:44:06,1,31,4,1,0,0.27419151483061677,0.42388888888888887,0.6468476103474576
U001,28.616276844274093,77.20792207152071,2025-01-31 02:26:58,2,31,4,1,0,0.2983830109920202,0.7144444444444444,0.4176434057431076
U001,28.611665265620022,77.20957967099058,2025-01-31 02:29:19,2,31,4,1,0,0.5377067603306458,0.03916666666666667,13.728683242484573
U001,28.615767183712283,77.21151883059619,2025-01-31 02:36:23,2,31,4,1,0,0.49383128817299987,0.11777777777777777,4.192907163733018
U001,28.614604942237527,77.20708745033369,2025-01-31 02:52:04,2,31,4,1,0,0.4514540398706494,0.2613888888888889,1.7271355404190625
U001,28.61350840687524,77.20958113936264,2025-01-31 03:03:11,3,31,4,1,0,0.2722494160396074,0.1852777777777778,1.469412140543608
U001,28.61419564104965,77.20930506068424,2025-01-31 03:28:24,3,31,4,1,0,0.08102970343222565,0.42027777777777775,0.1928003518546017
U001,28.618598960702418,77.21103562871316,2025-01-31 03:32:26,3,31,4,1,0,0.5179476859845803,0.06722222222222222,7.70500689894417
U001,28.613525546108733,77.210914266675,2025-01-31 03:38:34,3,31,4,1,0,0.5642623325014252,0.10222222222222223,5.5199576005574205
U001,28.61490771886366,77.20941130816719,2025-01-31 03:45:33,3,31,4,1,0,0.21247254307146315,0.11638888888888889,1.8255397495400176
U001,28.611478165805323,77.21069837665522,2025-01-31 04:01:37,4,31,4,1,0,0.40151175033927344,0.2677777777777778,1.499421474296042
U001,28.61192151632787,77.20855240446554,2025-01-31 04:02:42,4,31,4,1,0,0.2152046702627002,0.018055555555555554,11.919027891472629
U001,28.61817383525528,77.20828554913005,2025-01-31 04:19:36,4,31,4,1,0,0.695713966141458,0.2816666666666667,2.469990412336537
U001,28.616012500777625,77.209440043853,2025-01-31 04:29:04,4,31,4,1,0,0.2654386526339313,0.15777777777777777,1.6823576575390013
U001,28.619040322169088,77.20970453916405,2025-01-31 05:19:38,5,31,4,1,0,0.33766681886908256,0.8427777777777777,0.4006593763772898
U001,28.61243131766113,77.20854707274978,2025-01-31 05:33:10,5,31,4,1,0,0.7435222067742554,0.22555555555555556,3.2964038723981766
U001,28.61589665530116,77.20754545148131,2025-01-31 05:57:45,5,31,4,1,0,0.39753876885574574,0.4097222222222222,0.9702641138174134
U001,28.613401596663223,77.20634604745788,2025-01-31 06:08:00,6,31,4,1,0,0.3011296575018135,0.17083333333333334,1.762710190254518
U001,28.61460999163864,77.20969342455507,2025-01-31 06:20:37,6,31,4,1,0,0.35330050434375554,0.21027777777777779,1.6801609189399207
U001,28.61424916486136,77.20913903207709,2025-01-31 06:24:14,6,31,4,1,0,0.06736739691814081,0.06027777777777778,1.1176158014069444
U001,28.6116418417392,77.20889642453767,2025-01-31 06:29:38,6,31,4,1,0,0.29088673436335255,0.09,3.2320748262594727
U001,28.61200808939464,77.20902609975256,2025-01-31 06:33:31,6,31,4,1,0,0.042646820449661144,0.06472222222222222,0.6589208309818889
U001,28.61204292057952,77.20569838851864,2025-01-31 07:03:09,7,31,4,1,0,0.3248612098840131,0.4938888888888889,0.6577617297989017
U001,28.61546350055569,77.20743570251373,2025-01-31 07:19:26,7,31,4,1,0,0.41644535833926116,0.2713888888888889,1.5344967144537769
U001,28.61342389988556,77.20851671844409,2025-01-31 07:24:00,7,31,4,1,0,0.250140144319133,0.07611111111111112,3.2865128450689007
U001,28.62460906759836,77.21322311092926,2025-01-31 08:03:42,8,31,4,1,0,1.325862840515212,0.6616666666666666,2.0038229327685824
U001,28.62616582118953,77.21335654304181,2025-01-31 08:43:30,8,31,4,1,0,0.1735923220494164,0.6633333333333333,0.26169696791369307
U001,28.622613725069,77.21702386835993,2025-01-31 08:48:40,8,31,4,1,0,0.5330402499981495,0.08611111111111111,6.190144838688187
U001,28.62802910757094,77.21795969100327,2025-01-31 09:10:20,9,31,4,1,0,0.6090511510303239,0.3611111111111111,1.6866031874685894
U001,28.629665530480164,77.21603951530724,2025-01-31 09:40:16,9,31,4,1,0,0.2612137980468321,0.4988888888888889,0.5235911319424251
U001,28.63064256635971,77.21677162147394,2025-01-31 09:40:26,9,31,4,1,0,0.13003265533582947,0.002777777777777778,46.811755920898605
U001,28.63158440771062,77.2177368995112,2025-01-31 09:51:27,9,31,4,1,0,0.1408665500238734,0.1836111111111111,0.7672005750165571
U001,28.63110384465213,77.21824600802749,2025-01-31 09:55:35,9,31,4,1,0,0.07296797501655604,0.06888888888888889,1.0592125405629103
U001,28.63053710783037,77.21715469678296,2025-01-31 10:23:42,10,31,4,1,0,0.12375693228848131,0.4686111111111111,0.26409303867132944
U001,28.62692739696197,77.21949070870005,2025-01-31 10:41:24,10,31,4,1,0,0.4616160009711502,0.295,1.5648000032920346
U001,28.62941433053697,77.21752587737896,2025-01-31 10:45:41,10,31,4,1,0,0.336521718251412,0.07138888888888889,4.7139229015762
U001,28.63081695055753,77.21822662926856,2025-01-31 10:52:44,10,31,4,1,0,0.1703009846514672,0.1175,1.4493700821401465
U001,28.62753127043097,77.21691947752173,2025-01-31 11:02:03,11,31,4,1,0,0.38698516623586404,0.15527777777777776,2.492212161805207
U001,28.63227689157651,77.21670751094679,2025-01-31 11:08:09,11,31,4,1,0,0.5280943681091512,0.10166666666666667,5.1943708338605035
U001,28.630135709319383,77.21941701401674,2025-01-31 11:08:40,11,31,4,1,0,0.35583163384028166,0.008611111111111111,41.32238328467787
U001,28.630778441969284,77.21612688173985,2025-01-31 12:08:11,12,31,4,1,0,0.3289705165813651,0.9919444444444444,0.33164207776334764
U001,28.62894080170315,77.22035561456269,2025-01-31 12:40:20,12,31,4,1,0,0.4605354854477887,0.5358333333333334,0.8594752450036491
U001,28.62955419092512,77.21786446206258,2025-01-31 12:51:56,12,31,4,1,0,0.2525221972837985,0.19333333333333333,1.3061492962955095
U001,28.629924406006687,77.21172940552842,2025-01-31 12:53:37,12,31,4,1,0,0.6001925472027866,0.028055555555555556,21.39300168247556
U001,28.630355968585253,77.21938742791808,2025-01-31 13:08:35,13,31,4,1,0,0.7489560799700297,0.24944444444444444,3.00249653440101
U001,28.62781017259428,77.21762243326422,2025-01-31 13:12:26,13,31,4,1,0,0.3313742593496397,0.06416666666666666,5.164274171682697
U001,28.63233491850672,77.21691212320843,2025-01-31 13:26:00,13,31,4,1,0,0.5078825069610174,0.22611111111111112,2.246163421449217
U001,28.62857026051237,77.21690771212934,2025-01-31 13:50:50,13,31,4,1,0,0.4186110909043865,0.41388888888888886,1.011409347151538
U001,28.63000431524066,77.22011786758183,2025-01-31 14:37:50,14,31,4,1,0,0.35155557419928285,0.7833333333333333,0.4487943500416377
U001,28.62936581706936,77.21874999911614,2025-01-31 14:45:21,14,31,4,1,0,0.15120802220061516,0.12527777777777777,1.206981995392937
U001,28.62875027086631,77.21761124759806,2025-01-31 14:48:08,14,31,4,1,0,0.13052754992247156,0.04638888888888889,2.813767543238908
U001,28.631642869086942,77.21942210011076,2025-01-31 14:48:21,14,31,4,1,0,0.3670013089573077,0.003611111111111111,101.63113171125444
U001,28.62994779141369,77.21655887964903,2025-01-31 15:30:36,15,31,4,1,0,0.3370704953268855,0.7041666666666667,0.4786799933636243
U001,28.63065311023014,77.21555339569748,2025-01-31 15:38:20,15,31,4,1,0,0.12562354816599666,0.1288888888888889,0.9746654599085948
U001,28.634287779891103,77.21067462127333,2025-01-31 15:41:51,15,31,4,1,0,0.6245522109381569,0.058611111111111114,10.655867106053861
U001,28.630984494556984,77.21870602085434,2025-01-31 16:18:58,16,31,4,1,0,0.8656329963855266,0.6186111111111111,1.3993169227606177
U001,28.627327970049283,77.22087961045678,2025-01-31 16:26:09,16,31,4,1,0,0.45860384212259614,0.11972222222222222,3.8305657346666964
U001,28.636192020160664,77.21584936494702,2025-01-31 16:39:25,16,31,4,1,0,1.101137464387151,0.22111111111111112,4.980018683157969
U001,28.630923038985184,77.21521895165013,2025-01-31 16:47:36,16,31,4,1,0,0.589105646945668,0.1363888888888889,4.319308205711619
U001,28.632579862455003,77.21470433818239,2025-01-31 16:50:29,16,31,4,1,0,0.19095389213414635,0.04805555555555555,3.973607003947554
U001,28.63112859297524,77.2203079184308,2025-01-31 17:04:03,17,31,4,1,0,0.5702078526667397,0.22611111111111112,2.521803771007694
U001,28.63094244735136,77.21788798372532,2025-01-31 17:09:10,17,31,4,1,0,0.23708701835284127,0.08527777777777777,2.7801735051147514
U001,28.629742804453624,77.21572673232139,2025-01-31 17:12:12,17,31,4,1,0,0.24957573094435093,0.050555555555555555,4.936662809888261
U001,28.631291006658504,77.21722674171708,2025-01-31 17:32:42,17,31,4,1,0,0.22598480203528185,0.3416666666666667,0.6614189327861908
U001,28.632135022225945,77.21629478541992,2025-01-31 17:46:18,17,31,4,1,0,0.130694376290681,0.22666666666666666,0.5765928365765339
U001,28.63105786391085,77.22000350765897,2025-01-31 18:00:13,18,31,4,1,0,0.3812656232908693,0.23194444444444445,1.6437799327510534
U001,28.628872244297863,77.21771283384153,2025-01-31 18:18:45,18,31,4,1,0,0.33022161707576164,0.3088888888888889,1.0690627890941924
U001,28.62920810406316,77.21840036709551,2025-01-31 18:38:39,18,31,4,1,0,0.07679574267537449,0.33166666666666667,0.23154495279007384
U001,28.627246372463617,77.21810523478223,2025-01-31 18:44:44,18,31,4,1,0,0.2200282814643517,0.10138888888888889,2.170141954168948
U001,28.62186289796393,77.21179030861569,2025-01-31 19:00:24,19,31,4,1,0,0.8592121539107092,0.2611111111111111,3.290599738381439
U001,28.62599963189673,77.21366364666731,2025-01-31 19:35:55,19,31,4,1,0,0.49499314389820037,0.5919444444444445,0.8362155410762652
U001,28.623077714184145,77.21456434414253,2025-01-31 19:43:36,19,31,4,1,0,0.33658597693032205,0.12805555555555556,2.6284371300415605
U001,28.62362720946183,77.21393875501819,2025-01-31 19:56:51,19,31,4,1,0,0.08638162396683893,0.22083333333333333,0.3911620707932329
U001,28.621666202134307,77.21238342793713,2025-01-31 19:56:51,19,31,4,1,0,0.2656947927074902,0.0,0.0
U001,28.609865547563025,77.22468237033262,2025-01-31 20:07:57,20,31,4,1,0,1.7785033865244289,0.185,9.613531819050968
U001,28.608394713728487,77.23124977929783,2025-01-31 20:35:26,20,31,4,1,0,0.6616348112544908,0.45805555555555555,1.4444422804828179
U001,28.6095251213244,77.22549943740322,2025-01-31 20:46:01,20,31,4,1,0,0.5752429543264662,0.1763888888888889,3.2612198985437453
U001,28.60862623599708,77.22976310373961,2025-01-31 21:01:47,21,31,4,1,0,0.42804726070975413,0.2627777777777778,1.628932493187225
U001,28.610612180236583,77.22795622948067,2025-01-31 21:16:42,21,31,4,1,0,0.28262316430884576,0.24861111111111112,1.1368082586724522
U001,28.611671846193484,77.2271834848494,2025-01-31 21:25:20,21,31,4,1,0,0.1399068035345937,0.1438888888888889,0.9723252755299947
U001,28.61198647558132,77.22961840832416,2025-01-31 21:32:27,21,31,4,1,0,0.2402490556311581,0.11861111111111111,2.0255189701924334
U001,28.60866636270213,77.22719890925028,2025-01-31 21:40:25,21,31,4,1,0,0.43826636214456105,0.13277777777777777,3.300750844603389
U001,28.615368071901965,77.2059168607659,2025-01-31 22:15:06,22,31,4,1,0,2.2070795013304587,0.5780555555555555,3.8181096611194865
U001,28.61345965409762,77.21131952471315,2025-01-31 22:32:12,22,31,4,1,0,0.5684679469714172,0.285,1.9946243753383062
U001,28.609755108259293,77.20898437160437,2025-01-31 22:36:07,22,31,4,1,0,0.47079139323512526,0.06527777777777778,7.2121234708359605
U001,28.61456527813781,77.20761023800236,2025-01-31 22:52:04,22,31,4,1,0,0.5514299506605934,0.2658333333333333,2.0743446419834237
U001,28.61389918206584,77.20906731346165,2025-01-31 23:35:51,23,31,4,1,0,0.1603605486615036,0.7297222222222223,0.2197556053221975
U001,28.612057645344745,77.21079734026293,2025-01-31 23:39:28,23,31,4,1,0,0.26542413635607925,0.06027777777777778,4.403349727566292
U001,28.61493682041297,77.2063084459613,2025-01-31 23:41:22,23,31,4,1,0,0.5426779658533448,0.03166666666666667,17.137198921684572
U001,28.615136030455943,77.20803026635099,2025-01-31 23:51:42,23,31,4,1,0,0.16952595883204394,0.17222222222222222,0.9843442770892874
U001,28.611838331714505,77.20774470300967,2025-02-01 00:13:09,0,1,5,2,1,0.36774536439745104,0.3575,1.028658361950912
U001,28.61283730463905,77.20686507542793,2025-02-01 00:14:36,0,1,5,2,1,0.1403987803711759,0.024166666666666666,5.809604705014175
U001,28.61107193514727,77.2080254085185,2025-02-01 00:38:57,0,1,5,2,1,0.2266345290134902,0.4058333333333333,0.5584423712858075
U001,28.61409644826352,77.20806747323363,2025-02-01 00:42:55,0,1,5,2,1,0.3363355802320684,0.0661111111111111,5.087428944686749
U001,28.613254348845643,77.20854243217053,2025-02-01 00:49:45,0,1,5,2,1,0.1044865570062437,0.11388888888888889,0.9174429395670178
U001,28.613566002722585,77.2080407845633,2025-02-01 01:28:30,1,1,5,2,1,0.059990080961500186,0.6458333333333334,0.09288786729522609
U001,28.613274722477115,77.21051270029717,2025-02-01 01:29:06,1,1,5,2,1,0.24345957780796718,0.01,24.345957780796716
U001,28.61307959739268,77.2082199580484,2025-02-01 01:30:55,1,1,5,2,1,0.2248553000691282,0.03027777777777778,7.426413580264785
U001,28.61235879400123,77.20858649634916,2025-02-01 02:00:33,2,1,5,2,1,0.08777337291364493,0.4938888888888889,0.17771886529196948
U001,28.61548106098553,77.20795876813774,2025-02-01 02:33:31,2,1,5,2,1,0.35254614227881714,0.5494444444444444,0.641641108293095
U001,28.61510630769057,77.20765838478513,2025-02-01 02:42:26,2,1,5,2,1,0.05095277103853726,0.1486111111111111,0.3428597677359516
U001,28.61353560741649,77.2071087961618,2025-02-01 03:04:22,3,1,5,2,1,0.18270752894736061,0.3655555555555556,0.4998078299471871
U001,28.61340679329981,77.20971016661952,2025-02-01 03:13:11,3,1,5,2,1,0.25433573727350606,0.14694444444444443,1.7308292139595878
U001,28.61239987581543,77.21041184354934,2025-02-01 03:17:39,3,1,5,2,1,0.13125335437282318,0.07444444444444444,1.7631047602319534
U001,28.613764957314885,77.20796269446586,2025-02-01 03:30:32,3,1,5,2,1,0.28319001885687434,0.21472222222222223,1.318866840730592
U001,28.61269481472417,77.2103508693299,2025-02-01 03:55:24,3,1,5,2,1,0.2617352676996742,0.41444444444444445,0.6315328175059163
U001,28.61069912972874,77.21121892883974,2025-02-01 04:15:29,4,1,5,2,1,0.23753820585516336,0.3347222222222222,0.7096577104386623
U001,28.61301038840618,77.20760370168891,2025-02-01 04:16:38,4,1,5,2,1,0.43656725850047523,0.019166666666666665,22.777422182633494
U001,28.613470337927527,77.20965155534805,2025-02-01 04:21:22,4,1,5,2,1,0.2063399540178577,0.07888888888888888,2.6155768819165064
U001,28.61052106068568,77.20960302247936,2025-02-01 04:59:55,4,1,5,2,1,0.3279788851162301,0.6425,0.5104729729435488
U001,28.61422397806025,77.21433323891608,2025-02-01 05:24:29,5,1,5,2,1,0.6186611854306281,0.40944444444444444,1.5109771150273141
U001,28.612663289284164,77.21056627010387,2025-02-01 05:24:37,5,1,5,2,1,0.40660583269700595,0.0022222222222222222,182.9726247136527
U001,28.612902442304307,77.21411340192272,2025-02-01 05:42:24,5,1,5,2,1,0.34727426594823124,0.29638888888888887,1.1716844961702273
U001,28.615680832183536,77.20898113673213,2025-02-01 05:59:09,5,1,5,2,1,0.5885808737996022,0.2791666666666667,2.1083493986851423
U001,28.614212034649032,77.21173476274546,2025-02-01 06:21:50,6,1,5,2,1,0.31451993182037913,0.37805555555555553,0.8319410393485415
U001,28.61210999922372,77.206802405307,2025-02-01 06:25:56,6,1,5,2,1,0.5352082135664299,0.06833333333333333,7.832315320484341
U001,28.61764681298941,77.20629089446669,2025-02-01 06:46:47,6,1,5,2,1,0.617686950751506,0.3475,1.7775164050403052
U001,28.61717148221088,77.20902923380699,2025-02-01 07:12:50,7,1,5,2,1,0.27246785033173726,0.43416666666666665,0.6275651063302969
U001,28.61270188499597,77.20953374355454,2025-02-01 07:45:41,7,1,5,2,1,0.49943048787880284,0.5475,0.9122018043448454
U001,28.61522994259283,77.21085472887077,2025-02-01 07:46:45,7,1,5,2,1,0.30927104804709415,0.017777777777777778,17.396496452649046
U001,28.61537885674532,77.21013755265027,2025-02-01 07:49:28,7,1,5,2,1,0.07193739060467134,0.04527777777777778,1.5888012648884469
U001,28.613489322198816,77.20688179217579,2025-02-01 07:55:44,7,1,5,2,1,0.38098067574554145,0.10444444444444445,3.64768732096795
U001,28.611547906246685,77.20846009384928,2025-02-01 08:05:42,8,1,5,2,1,0.2652147908835513,0.1661111111111111,1.5966107812387706
U001,28.61425973991287,77.2100714069197,2025-02-01 08:20:13,8,1,5,2,1,0.34009912647697743,0.24194444444444443,1.4056909934754522
U001,28.613136752826502,77.20930538613035,2025-02-01 08:31:32,8,1,5,2,1,0.14554689071531404,0.18861111111111112,0.771677181995774
U001,28.615782614612105,77.20563943734716,2025-02-01 08:31:41,8,1,5,2,1,0.4632624149444685,0.0025,185.3049659777874
U001,28.613258703810665,77.21112270762852,2025-02-01 08:35:26,8,1,5,2,1,0.6043565918594638,0.0625,9.66970546975142
U001,28.6113835722082,77.20838250429446,2025-02-01 09:06:15,9,1,5,2,1,0.33915153184044494,0.5136111111111111,0.6603274822204445
U001,28.608028709079,77.21056282921779,2025-02-01 09:12:07,9,1,5,2,1,0.42949072862512655,0.09777777777777778,4.392518815484249
U001,28.614758921819192,77.2084086205124,2025-02-01 09:37:07,9,1,5,2,1,0.7773489714354241,0.4166666666666667,1.8656375314450178
U001,28.626377152476863,77.19643941284417,2025-02-01 10:13:06,10,1,5,2,1,1.7418041699266267,0.5997222222222223,2.9043515570800627
U001,28.62424739449025,77.1943825932082,2025-02-01 10:41:30,10,1,5,2,1,0.310458970133425,0.47333333333333333,0.6558992326762499
U001,28.62456773740832,77.19461810966048,2025-02-01 10:42:35,10,1,5,2,1,0.042393924777930664,0.018055555555555554,2.3479712184700063
U001,28.622469373806897,77.19645603011438,2025-02-01 10:56:23,10,1,5,2,1,0.2943174872602197,0.23,1.279641248957477
U001,28.62512894461496,77.19677695496874,2025-02-01 11:00:17,11,1,5,2,1,0.2973850741706448,0.065,4.575154987240689
U001,28.625537770612155,77.19742286377037,2025-02-01 11:03:10,11,1,5,2,1,0.07772378439073367,0.04805555555555555,1.6173735480152673
U001,28.626977425363386,77.19286428256501,2025-02-01 11:31:33,11,1,5,2,1,0.4728525192235149,0.47305555555555556,0.9995707981236956
U001,28.62663802914969,77.19530107369205,2025-02-01 11:55:33,11,1,5,2,1,0.24081205899652988,0.4,0.6020301474913247
U001,28.623749274785432,77.1929105290298,2025-02-01 11:57:08,11,1,5,2,1,0.39701403619205394,0.02638888888888889,15.044742424119939
U001,28.62064882139785,77.19412999019356,2025-02-01 12:32:24,12,1,5,2,1,0.36472364387644063,0.5877777777777777,0.6205128156688027
U001,28.623345664204223,77.19257953325243,2025-02-01 12:41:03,12,1,5,2,1,0.33589803175394345,0.14416666666666667,2.329928543957989
U001,28.62549140961019,77.19333783533419,2025-02-01 12:48:13,12,1,5,2,1,0.2498121021331583,0.11944444444444445,2.0914501573938833
U001,28.600787478435706,77.20784076463146,2025-02-01 13:01:30,13,1,5,2,1,3.090301317288988,0.22138888888888889,13.95870105676331
U001,28.59975987844886,77.20615559728212,2025-02-01 13:49:17,13,1,5,2,1,0.20030565740831888,0.7963888888888889,0.2515173933275019
U001,28.59865610309215,77.20536391017552,2025-02-01 13:52:38,13,1,5,2,1,0.14504330218448153,0.05583333333333333,2.5977904868862365
U001,28.600286818025968,77.20157870485022,2025-02-01 13:55:20,13,1,5,2,1,0.4116310903970012,0.045,9.147357564377804
U001,28.601500515453782,77.20324154066172,2025-02-01 14:05:55,14,1,5,2,1,0.21110802610179372,0.1763888888888889,1.1968329038841847
U001,28.598471336057607,77.20910622690984,2025-02-01 14:07:54,14,1,5,2,1,0.6642825395989423,0.03305555555555555,20.095942374421785
U001,28.60424005322054,77.20667885893236,2025-02-01 14:38:37,14,1,5,2,1,0.6838256715043336,0.5119444444444444,1.3357419519346723
U001,28.598684729152392,77.20527632339072,2025-02-01 15:08:55,15,1,5,2,1,0.6327170621919193,0.505,1.2529050736473648
U001,28.59989009882949,77.20261750016039,2025-02-01 15:09:20,15,1,5,2,1,0.2921364034744472,0.006944444444444444,42.0676421003204
U001,28.600794690425115,77.21220956825171,2025-02-01 15:33:08,15,1,5,2,1,0.9418308166670513,0.39666666666666667,2.374363403362314
U001,28.59760972597557,77.20249761112478,2025-02-01 15:48:04,15,1,5,2,1,1.012140720500131,0.24888888888888888,4.066636823438026
U001,28.598665534777982,77.2037592255481,2025-02-01 15:52:10,15,1,5,2,1,0.17015809797647968,0.06833333333333333,2.4901185069728737
U001,28.59882485550771,77.20601697298017,2025-02-01 16:06:08,16,1,5,2,1,0.22113108740454718,0.23277777777777778,0.9499664852701311
U001,28.600541016875653,77.20292177596534,2025-02-01 16:16:45,16,1,5,2,1,0.3573879195477245,0.17694444444444443,2.019774741556999
U001,28.59751649888064,77.20635634893415,2025-02-01 16:17:30,16,1,5,2,1,0.47490905224230634,0.0125,37.9927241793845
U001,28.602852683421304,77.2050496247657,2025-02-01 16:22:47,16,1,5,2,1,0.6069156798238378,0.08805555555555555,6.89241781503412
U001,28.599695055146903,77.20335613683845,2025-02-01 16:25:06,16,1,5,2,1,0.38808935049944154,0.03861111111111111,10.051234976963954
U001,28.63854778741282,77.22606938235629,2025-02-01 17:30:29,17,1,5,2,1,4.8558801817359445,1.0897222222222223,4.456071540721234
U001,28.63828727248922,77.2235431306363,2025-02-01 17:37:45,17,1,5,2,1,0.2482367942640483,0.12111111111111111,2.0496616040150775
U001,28.640393996533984,77.22390497341047,2025-02-01 17:51:46,17,1,5,2,1,0.2369036207210823,0.2336111111111111,1.014093976927344
U001,28.641082694528983,77.2250691525094,2025-02-01 18:08:11,18,1,5,2,1,0.13701106199656363,0.27361111111111114,0.5007510895305878
U001,28.64074191688281,77.22492387969808,2025-02-01 18:29:42,18,1,5,2,1,0.04045799291976942,0.3586111111111111,0.11281857049664594
U001,28.6413546109548,77.2246318521861,2025-02-01 18:38:31,18,1,5,2,1,0.0738489313424017,0.14694444444444443,0.50256361594073
U001,28.63669395413213,77.22439954520783,2025-02-01 18:52:15,18,1,5,2,1,0.518737042370178,0.2288888888888889,2.2663268841415545
U001,28.640816250399663,77.2236638079668,2025-02-01 18:55:31,18,1,5,2,1,0.4639679314734883,0.05444444444444444,8.521859965839582
U001,28.63960365392992,77.22542018694283,2025-02-01 19:20:11,19,1,5,2,1,0.21808248156920387,0.4111111111111111,0.5304709011142797
U001,28.64152515153984,77.22560686650714,2025-02-01 19:21:43,19,1,5,2,1,0.21443606492021883,0.025555555555555557,8.390976453399867
U001,28.64116505696196,77.22240460885476,2025-02-01 19:27:02,19,1,5,2,1,0.31505926821781527,0.08861111111111111,3.555527791799796
U001,28.643578446531222,77.2258433585038,2025-02-01 19:31:38,19,1,5,2,1,0.42968522709984897,0.07666666666666666,5.604589918693683
U001,28.642026368969937,77.2243051244352,2025-02-01 19:53:56,19,1,5,2,1,0.22873273470812014,0.37166666666666665,0.615424398317812
U001,28.639947395151417,77.22567451910001,2025-02-01 20:02:16,20,1,5,2,1,0.26701932634904724,0.1388888888888889,1.92253914971314
U001,28.63410670586472,77.2283596864943,2025-02-01 20:09:37,20,1,5,2,1,0.7003310956046557,0.1225,5.71698853554821
U001,28.636978764899105,77.2240957451652,2025-02-01 20:17:01,20,1,5,2,1,0.5245559621358888,0.12333333333333334,4.25315644975045
U001,28.61599938198078,77.21167852755063,2025-02-01 21:13:04,21,1,5,2,1,2.6288382665731787,0.9341666666666667,2.8140998393290046
U001,28.61418174965736,77.21014805189502,2025-02-01 21:13:14,21,1,5,2,1,0.2513320982182246,0.002777777777777778,90.47955535856086
U001,28.612615090491342,77.20999786743579,2025-02-01 21:28:31,21,1,5,2,1,0.17482033016923326,0.25472222222222224,0.6863175448301414
U001,28.61652360920692,77.208117960062,2025-02-01 21:44:36,21,1,5,2,1,0.4717601374939101,0.26805555555555555,1.7599341916871258
U001,28.614453535856807,77.20995473343068,2025-02-01 22:14:05,22,1,5,2,1,0.2917695440934042,0.4913888888888889,0.5937650416824507
U001,28.6135482806896,77.20956916697368,2025-02-01 22:15:31,22,1,5,2,1,0.10746589566585253,0.02388888888888889,4.498572376710106
U001,28.615945673481463,77.211348925231,2025-02-01 22:21:31,22,1,5,2,1,0.3181907979231036,0.1,3.181907979231036
U001,28.61180042796813,77.20910954656611,2025-02-01 22:52:49,22,1,5,2,1,0.5101379374658642,0.5216666666666666,0.9779001996150752
U001,28.614910601002787,77.21061110463991,2025-02-01 22:54:23,22,1,5,2,1,0.3756144414150877,0.026111111111111113,14.385233926535273
U001,28.613394810099567,77.21033303050986,2025-02-01 23:02:19,23,1,5,2,1,0.17071997464202535,0.1322222222222222,1.2911594720825448
U001,28.61351759924077,77.20725022742158,2025-02-01 23:11:36,23,1,5,2,1,0.3012366312840982,0.15472222222222223,1.946951297347852
U001,28.612308529271377,77.21449406806981,2025-02-01 23:18:18,23,1,5,2,1,0.7197766280537717,0.11166666666666666,6.445760848242732
U001,28.61348785221628,77.20359662866232,2025-02-01 23:45:41,23,1,5,2,1,1.0718088123435345,0.4563888888888889,2.3484550970400027
U001,28.612131748230865,77.20949073967306,2025-02-02 00:00:29,0,2,6,2,1,0.5947876783170591,0.24666666666666667,2.411301398582672
U001,28.61521154347089,77.21088547891681,2025-02-02 00:01:14,0,2,6,2,1,0.36852839010189825,0.0125,29.482271208151857
U001,28.6140228126903,77.20812456458509,2025-02-02 00:16:18,0,2,6,2,1,0.3001726648208496,0.2511111111111111,1.1953778687555956
U001,28.6146238523606,77.20546807730764,2025-02-02 00:47:08,0,2,6,2,1,0.26778418553427397,0.5138888888888888,0.5210935502288575
U001,28.612961812539783,77.21137791671755,2025-02-02 00:59:17,0,2,6,2,1,0.6057655698665436,0.2025,2.991434912921203
U001,28.61514949971463,77.21288843327703,2025-02-02 01:05:36,1,2,6,2,1,0.2844576564494852,0.10527777777777778,2.7019724623170096
U001,28.616765804321098,77.20648626648547,2025-02-02 01:33:07,1,2,6,2,1,0.6502613386944459,0.45861111111111114,1.4178926827983072
U001,28.614975146319203,77.2077923768674,2025-02-02 01:35:40,1,2,6,2,1,0.23643183499880766,0.0425,5.563101999971944
U001,28.60916582083233,77.20799459750376,2025-02-02 01:44:20,1,2,6,2,1,0.6462690657580729,0.14444444444444443,4.474170455248197
U001,28.615123892214104,77.2119566291805,2025-02-02 01:55:26,1,2,6,2,1,0.7671358048999763,0.185,4.146680026486359
U001,28.615524684313364,77.20852473298153,2025-02-02 02:03:26,2,2,6,2,1,0.3379491232580318,0.13333333333333333,2.5346184244352385
U001,28.613807659159843,77.20692368829818,2025-02-02 02:26:49,2,2,6,2,1,0.2467321978882284,0.38972222222222225,0.6330975854580343
U001,28.6144778164397,77.20911914257604,2025-02-02 02:34:28,2,2,6,2,1,0.22689330517632667,0.1275,1.7795553347162876
U001,28.62047312357542,77.2098049164756,2025-02-02 03:12:18,3,2,6,2,1,0.6700000347652599,0.6305555555555555,1.0625551212136282
U001,28.61351345332213,77.21013758630637,2025-02-02 03:32:13,3,2,6,2,1,0.7745610024012657,0.33194444444444443,2.3334055302464907
U001,28.612595187799123,77.20878544531921,2025-02-02 03:47:17,3,2,6,2,1,0.16687400798371108,0.2511111111111111,0.6645425096696459
U001,28.6132587090228,77.21282231514255,2025-02-02 03:54:48,3,2,6,2,1,0.4009074911023825,0.12527777777777777,3.200148487735204
U001,28.617650427926936,77.20830307918084,2025-02-02 03:58:13,3,2,6,2,1,0.658083267585555,0.05694444444444444,11.556584211258528
U001,28.610825608751405,77.20840665460885,2025-02-02 04:07:04,4,2,6,2,1,0.758952613693748,0.1475,5.145441448771173
U001,28.61500621785732,77.20907370862794,2025-02-02 04:19:40,4,2,6,2,1,0.4694007693078017,0.21,2.2352417586085798
U001,28.615341472556167,77.2086104324955,2025-02-02 04:44:12,4,2,6,2,1,0.05860640568037218,0.4088888888888889,0.14333088345743197
U001,28.612587658004948,77.21132985048911,2025-02-02 04:51:04,4,2,6,2,1,0.40525365826771464,0.11444444444444445,3.5410513829217782
U001,28.61371474649589,77.20718836560013,2025-02-02 05:11:09,5,2,6,2,1,0.42325161017141205,0.3347222222222222,1.2644861382714385
U001,28.614169106355043,77.20743232417556,2025-02-02 05:48:24,5,2,6,2,1,0.05585358852273498,0.6208333333333333,0.08996551171447245
U001,28.61316896521057,77.21101882533175,2025-02-02 05:50:54,5,2,6,2,1,0.36733377414932183,0.041666666666666664,8.816010579583725
U001,28.61400896214346,77.20945825394263,2025-02-02 06:29:34,6,2,6,2,1,0.17868973810066696,0.6444444444444445,0.2772771798113797
U001,28.613470798052703,77.20768769706228,2025-02-02 06:38:22,6,2,6,2,1,0.18289849363021113,0.14666666666666667,1.2470351838423486
U001,28.6183839619337,77.20935742155278,2025-02-02 06:49:26,6,2,6,2,1,0.5701129202079837,0.18444444444444444,3.090973663778225
U001,28.61527632361024,77.20833001712745,2025-02-02 06:49:35,6,2,6,2,1,0.3598120396854532,0.0025,143.9248158741813
U001,28.61204462493277,77.20794761404531,2025-02-02 06:50:13,6,2,6,2,1,0.361282064645163,0.010555555555555556,34.226721913752286
U001,28.60990170549636,77.20499078010985,2025-02-02 07:21:48,7,2,6,2,1,0.37428567323547857,0.5263888888888889,0.7110440230330991
U001,28.614996117233822,77.20910417032603,2025-02-02 07:22:07,7,2,6,2,1,0.6943477751497545,0.005277777777777778,131.5606310810061
U001,28.613850019725103,77.20897556340711,2025-02-02 07:28:17,7,2,6,2,1,0.1280570580901703,0.10277777777777777,1.245960565201657
U001,28.60958906796539,77.21438372164226,2025-02-02 07:41:38,7,2,6,2,1,0.7093570219190111,0.2225,3.188121446827016
U001,28.62249506890279,77.19408309126548,2025-02-02 08:02:36,8,2,6,2,1,2.446664514924185,0.34944444444444445,7.001583667509591
U001,28.623970713319675,77.19737719574546,2025-02-02 08:04:32,8,2,6,2,1,0.3609720390375535,0.03222222222222222,11.202580521855108
U001,28.625154430848504,77.19449675588413,2025-02-02 08:17:49,8,2,6,2,1,0.3104295115244799,0.22138888888888889,1.4021910181783284
U001,28.62587317591665,77.19474072326277,2025-02-02 08:29:14,8,2,6,2,1,0.08339274693525318,0.19027777777777777,0.4382684510465861
U001,28.624000353758845,77.19071123382285,2025-02-02 08:52:42,8,2,6,2,1,0.4450258463716694,0.39111111111111113,1.1378501753821093
U001,28.62544207684125,77.19196122037592,2025-02-02 09:03:43,9,2,6,2,1,0.201457229806034,0.1836111111111111,1.0971952001538916
U001,28.62385422508576,77.19572934642754,2025-02-02 09:21:08,9,2,6,2,1,0.40797054317049836,0.2902777777777778,1.4054487611615254
U001,28.629930662831217,77.19860482185825,2025-02-02 09:33:01,9,2,6,2,1,0.7316383754476534,0.19805555555555557,3.6941068045042806
U001,28.625294669600795,77.19411848965149,2025-02-02 09:57:55,9,2,6,2,1,0.6763667944579462,0.415,1.6297995047179428
U001,28.627118072921714,77.19517742680357,2025-02-02 10:03:28,10,2,6,2,1,0.2275767659726292,0.0925,2.460289361866262
U001,28.62094201913284,77.19142806096542,2025-02-02 10:45:50,10,2,6,2,1,0.77816711425532,0.7061111111111111,1.1020462672380613
U001,28.62538453030624,77.19368841848865,2025-02-02 10:54:29,10,2,6,2,1,0.5410136458757672,0.14416666666666667,3.7526958095428937
U001,28.62388094040861,77.19500506973483,2025-02-02 10:55:25,10,2,6,2,1,0.2108745417996417,0.015555555555555555,13.556220544262683
U001,28.599761338866287,77.20606612204307,2025-02-02 11:03:39,11,2,6,2,1,2.891165490292588,0.13722222222222222,21.069222196464203
U001,28.60344815162496,77.20326430621083,2025-02-02 11:10:29,11,2,6,2,1,0.4928299241432346,0.11388888888888889,4.327287138818646
U001,28.59728886620209,77.20212704357006,2025-02-02 11:10:44,11,2,6,2,1,0.6938223651336103,0.004166666666666667,166.51736763206648
U001,28.60016401137172,77.20582812741264,2025-02-02 12:07:55,12,2,6,2,1,0.4824615997396927,0.9530555555555555,0.5062261029037872
U001,28.598812569491937,77.20399916343435,2025-02-02 12:27:31,12,2,6,2,1,0.23337723684193606,0.32666666666666666,0.7144201127814369
U001,28.59755368376154,77.20390225906674,2025-02-02 12:39:07,12,2,6,2,1,0.14030104215563044,0.19333333333333333,0.7256950456325713
U001,28.5986733592068,77.20456945654875,2025-02-02 12:59:03,12,2,6,2,1,0.14051242452548146,0.3322222222222222,0.42294709723389073
U001,28.599748446731866,77.2067894119855,2025-02-02 12:59:11,12,2,6,2,1,0.24751289046228422,0.0022222222222222222,111.3808007080279
U001,28.59826012142073,77.20486629118678,2025-02-02 13:06:07,13,2,6,2,1,0.2502772323781478,0.11555555555555555,2.1658606648108947
U001,28.59544758839424,77.20432935487904,2025-02-02 13:07:29,13,2,6,2,1,0.3171023734714946,0.02277777777777778,13.921567615821715
U001,28.60025275647869,77.20266900479979,2025-02-02 13:11:26,13,2,6,2,1,0.5583578684418917,0.06583333333333333,8.481385343421142
U001,28.59863839036508,77.20446345414933,2025-02-02 13:17:50,13,2,6,2,1,0.25082755298137505,0.10666666666666667,2.351508309200391
U001,28.5949701500548,77.20677034192448,2025-02-02 13:39:10,13,2,6,2,1,0.4659387838668797,0.35555555555555557,1.310452829625599
U001,28.600395146995485,77.20686764201443,2025-02-02 14:10:43,14,2,6,2,1,0.6033069273572622,0.5258333333333334,1.1473348856239534
U001,28.599265677587905,77.20758989525761,2025-02-02 14:17:53,14,2,6,2,1,0.144031483808146,0.11944444444444445,1.2058449807193619
U001,28.59907327863852,77.20492809823641,2025-02-02 14:23:48,14,2,6,2,1,0.2607451315381403,0.09861111111111111,2.6441759817952253
U001,28.60050655319136,77.20655711219173,2025-02-02 14:28:52,14,2,6,2,1,0.22514952456013512,0.08444444444444445,2.6662443697910736
U001,28.59641426107129,77.20238951371655,2025-02-02 14:44:10,14,2,6,2,1,0.6104198125788359,0.255,2.3938031865836704
U001,28.638141751938623,77.2233447717283,2025-02-02 15:07:57,15,2,6,2,1,5.070746856159725,0.3963888888888889,12.792353666555718
U001,28.643785263841863,77.22811601132447,2025-02-02 15:09:02,15,2,6,2,1,0.7814070523337333,0.018055555555555554,43.277929052329846
U001,28.64006851215301,77.22561205636283,2025-02-02 15:11:44,15,2,6,2,1,0.4801185055725875,0.045,10.669300123835278
U001,28.64042188348852,77.22434727254591,2025-02-02 15:57:40,15,2,6,2,1,0.12953349045854518,0.7655555555555555,0.1692019468979545
U001,28.641032035208653,77.22487262447186,2025-02-02 15:59:03,15,2,6,2,1,0.08503844189193045,0.023055555555555555,3.6884143471198754
U001,28.63980071702594,77.22584870720662,2025-02-02 16:08:00,16,2,6,2,1,0.16679242392621535,0.14916666666666667,1.118161501181332
U001,28.638934394216616,77.2271151644179,2025-02-02 16:14:57,16,2,6,2,1,0.15670091737781494,0.11583333333333333,1.3528136752041577
U001,28.63967386493876,77.22427063516407,2025-02-02 16:28:49,16,2,6,2,1,0.2895212922852841,0.2311111111111111,1.252736360849787
U001,28.64277355384012,77.22523877473942,2025-02-02 17:23:03,17,2,6,2,1,0.35738439117648707,0.9038888888888889,0.3953853129180558
U001,28.639165722687267,77.22384026336701,2025-02-02 17:25:55,17,2,6,2,1,0.42375235834096253,0.04777777777777778,8.869235407136424
U001,28.63893780044929,77.22362831906939,2025-02-02 17:43:10,17,2,6,2,1,0.03271283366144451,0.2875,0.1137837692571983
U001,28.64141720557172,77.22381678311845,2025-02-02 17:49:21,17,2,6,2,1,0.27631007522242335,0.10305555555555555,2.6811759320774233
U001,28.64182173057408,77.225944955486,2025-02-02 18:19:44,18,2,6,2,1,0.21250053622009843,0.5063888888888889,0.41963901831725414
U001,28.639405210407443,77.22680046735246,2025-02-02 18:23:38,18,2,6,2,1,0.2813763830121013,0.065,4.3288674309554045
U001,28.638786842481096,77.22403267626305,2025-02-02 18:45:26,18,2,6,2,1,0.2787255619334425,0.36333333333333334,0.7671345741287409
U001,28.63863604184399,77.2187122041725,2025-02-02 18:59:37,18,2,6,2,1,0.519502302793309,0.2363888888888889,2.197659565283093
U001,28.614892934463043,77.2104683494391,2025-02-02 19:06:04,19,2,6,2,1,2.760001835883376,0.1075,25.67443568263606
U001,28.613199684398666,77.20877246527695,2025-02-02 19:09:03,19,2,6,2,1,0.25070688941362135,0.04972222222222222,5.042149731223669
U001,28.612213483833976,77.20617419723018,2025-02-02 19:14:22,19,2,6,2,1,0.2763225590405098,0.08861111111111111,3.1183737070402358
U001,28.61481969352385,77.20813050980296,2025-02-02 20:04:00,20,2,6,2,1,0.34705913994648846,0.8272222222222222,0.4195476507076422
U001,28.60831530291795,77.21115007080162,2025-02-02 20:33:00,20,2,6,2,1,0.7810128029274351,0.48333333333333334,1.6158885577809003
U001,28.614854617198663,77.20757798099353,2025-02-02 20:40:52,20,2,6,2,1,0.8064233436096084,0.13111111111111112,6.150686519056335
U001,28.61464922229072,77.20522251626743,2025-02-02 21:11:08,21,2,6,2,1,0.23105678923622242,0.5044444444444445,0.45804209319955985
U001,28.61360253086445,77.2103966488926,2025-02-02 21:20:39,21,2,6,2,1,0.5183049369137213,0.15861111111111112,3.2677719315050724
U001,28.615229766260025,77.20984974603985,2025-02-02 21:25:38,21,2,6,2,1,0.18865150269679049,0.08305555555555555,2.2713893301285815
U001,28.613614314763893,77.20574716969062,2025-02-02 21:53:35,21,2,6,2,1,0.438909765340932,0.4658333333333333,0.9422034318588881
U001,28.609592306073665,77.21232417289029,2025-02-02 22:01:00,22,2,6,2,1,0.7824363030542084,0.12361111111111112,6.329821777517191
U001,28.61397150113624,77.20730928570532,2025-02-02 22:16:11,22,2,6,2,1,0.6904773739350699,0.25305555555555553,2.7285604238927026
U001,28.611495198202725,77.2061307456081,2025-02-02 22:39:38,22,2,6,2,1,0.29841908758346675,0.3908333333333333,0.7635456398724096
U001,28.61438592370193,77.20816575427018,2025-02-02 22:52:58,22,2,6,2,1,0.37786344754301293,0.2222222222222222,1.7003855139435582
U001,28.61280601944137,77.20973643278788,2025-02-02 23:13:48,23,2,6,2,1,0.2331735684713063,0.3472222222222222,0.6715398771973622
U001,28.61690361716744,77.21063177587375,2025-02-02 23:30:52,23,2,6,2,1,0.4639384858888418,0.28444444444444444,1.6310337394529595
U001,28.61418642322406,77.21100797035487,2025-02-02 23:56:44,23,2,6,2,1,0.304361531285663,0.4311111111111111,0.7059932426729296
U001,28.61359379352848,77.20869994040848,2025-02-02 23:57:00,23,2,6,2,1,0.2347363038649993,0.0044444444444444444,52.815668369624845
U001,28.6140054820851,77.2070614251036,2025-02-03 00:01:07,0,3,0,2,0,0.16636488527227872,0.06861111111111111,2.4247513642923213
U001,28.610648963094903,77.2101604909695,2025-02-03 00:19:51,0,3,0,2,0,0.4804332052760974,0.31222222222222223,1.5387540382508458
U001,28.615623808721864,77.20683955939116,2025-02-03 00:19:56,0,3,0,2,0,0.6411657455383969,0.001388888888888889,461.63933678764573
U001,28.613683437823287,77.20668304041006,2025-02-03 00:30:17,0,3,0,2,0,0.21629967100522968,0.1725,1.253911136262201
U001,28.612574128870893,77.20991816361266,2025-02-03 00:35:47,0,3,0,2,0,0.33903196999716934,0.09166666666666666,3.698530581787302
U001,28.61333321928928,77.20711083489265,2025-02-03 01:12:02,1,3,0,2,0,0.286742684907592,0.6041666666666666,0.4746085819160144
U001,28.610133972316465,77.2072139811364,2025-02-03 01:17:46,1,3,0,2,0,0.3558824955220963,0.09555555555555556,3.724351697324263
U001,28.61484835983539,77.21035786156824,2025-02-03 01:50:03,1,3,0,2,0,0.6074413860744037,0.5380555555555555,1.1289566287392119
U001,28.613433226291374,77.20807027211252,2025-02-03 02:10:30,2,3,0,2,0,0.2731742124366587,0.3408333333333333,0.8014891318434973
U001,28.614858802368484,77.20694031278882,2025-02-03 02:12:35,2,3,0,2,0,0.19311568607400917,0.034722222222222224,5.561731758931463
U001,28.61439002016438,77.20851306512127,2025-02-03 02:22:00,2,3,0,2,0,0.1621301368282029,0.15694444444444444,1.0330415797903194
U001,28.612853915174178,77.21099316064198,2025-02-03 02:43:20,2,3,0,2,0,0.2962842070919871,0.35555555555555557,0.8332993324462137
U001,28.616964938456,77.20711130732249,2025-02-03 02:53:43,2,3,0,2,0,0.593754366414367,0.17305555555555555,3.4310043645131962
U001,28.615665359924066,77.2080932670232,2025-02-03 03:10:15,3,3,0,2,0,0.17340582768851756,0.27555555555555555,0.6292953424180073
U001,28.61632109932127,77.20788326214497,2025-02-03 03:19:38,3,3,0,2,0,0.07574162661200995,0.15638888888888888,0.4843159072881631
U001,28.6154565930118,77.20852908654433,2025-02-03 03:41:02,3,3,0,2,0,0.11495580866301226,0.3566666666666667,0.3223060055972306
U001,28.61332348680314,77.2134675209758,2025-02-03 03:49:12,3,3,0,2,0,0.5372531794098756,0.1361111111111111,3.9471662160725556
U001,28.61308236580073,77.21290802143352,2025-02-03 03:58:29,3,3,0,2,0,0.06084167981912583,0.15472222222222223,0.3932316828525188
U001,28.610605918635045,77.20543648911313,2025-02-03 04:06:28,4,3,0,2,0,0.779595322284805,0.13305555555555557,5.859171524478701
U001,28.611774800176484,77.2097881775426,2025-02-03 04:23:07,4,3,0,2,0,0.44423712084448636,0.2775,1.6008544895296803
U001,28.6153489807021,77.20950455224735,2025-02-03 04:40:19,4,3,0,2,0,0.3983939104649367,0.2866666666666667,1.3897461992962907
U001,28.6143520319174,77.2086490283658,2025-02-03 04:46:48,4,3,0,2,0,0.13879121551456636,0.10805555555555556,1.2844431255846758
U001,28.61040420016786,77.21032098345854,2025-02-03 05:09:31,5,3,0,2,0,0.4683371310776563,0.3786111111111111,1.2369872867788427
U001,28.614894889915053,77.21195593992145,2025-02-03 05:16:31,5,3,0,2,0,0.5242266507380474,0.11666666666666667,4.493371292040407
U001,28.612805353229355,77.2062766342758,2025-02-03 05:18:13,5,3,0,2,0,0.6011022504655423,0.028333333333333332,21.21537354584267
U001,28.61435670898424,77.20342822592973,2025-02-03 05:55:17,5,3,0,2,0,0.32721095846625753,0.6177777777777778,0.5296580262943018
U001,28.60910201656156,77.2070462466379,2025-02-03 06:10:53,6,3,0,2,0,0.6827411669822113,0.26,2.6259275653161973
U001,28.61459531061834,77.20446152422012,2025-02-03 06:20:39,6,3,0,2,0,0.6608855522041438,0.16277777777777777,4.060047760981089
U001,28.609652643365163,77.21052361743503,2025-02-03 06:28:12,6,3,0,2,0,0.8076114376072718,0.12583333333333332,6.418104139925339
U001,28.61410242165321,77.20920008375286,2025-02-03 07:08:45,7,3,0,2,0,0.5113825370436443,0.6758333333333333,0.7566695985849239
U001,28.613853655813703,77.20914154863608,2025-02-03 07:12:17,7,3,0,2,0,0.028245473354405273,0.058888888888888886,0.47964011356537256
U001,28.6140598436586,77.21103833293851,2025-02-03 07:24:03,7,3,0,2,0,0.18656733894765604,0.19611111111111112,0.9513348728209089
U001,28.62355046518568,77.2127823318096,2025-02-03 08:12:57,8,3,0,2,0,1.0689507565824887,0.815,1.311596020346612
U001,28.622416718391268,77.2143987517152,2025-02-03 08:32:18,8,3,0,2,0,0.2019527153539116,0.3225,0.6262099700896484
U001,28.620692552227656,77.21634138820106,2025-02-03 08:35:16,8,3,0,2,0,0.26964787309474436,0.049444444444444444,5.453552489556627
U001,28.63058957317256,77.22049053795023,2025-02-03 09:03:26,9,3,0,2,0,1.1726460129217564,0.46944444444444444,2.4979441695374693
U001,28.63007981398399,77.21800077540549,2025-02-03 09:23:20,9,3,0,2,0,0.249521906228071,0.33166666666666667,0.7523273554615206
U001,28.63010615574564,77.22021793683213,2025-02-03 09:31:08,9,3,0,2,0,0.21641318732169984,0.13,1.6647168255515372
U001,28.63152869558904,77.21862859169404,2025-02-03 09:42:03,9,3,0,2,0,0.22154507120545244,0.18194444444444444,1.2176522997551584
U001,28.62972321241603,77.21807625972478,2025-02-03 09:51:23,9,3,0,2,0,0.2078719874776424,0.15555555555555556,1.3363199194991298
U001,28.629044555268656,77.21663845538043,2025-02-03 10:24:30,10,3,0,2,0,0.15933330389045533,0.5519444444444445,0.28867634323383956
U001,28.630835286811948,77.21655444893483,2025-02-03 10:31:01,10,3,0,2,0,0.1992889918241275,0.10861111111111112,1.8348858582272607
U001,28.628187055917028,77.21794949856614,2025-02-03 10:59:57,10,3,0,2,0,0.3244242683015543,0.4822222222222222,0.6727692199801817
U001,28.63134487182401,77.21721251055995,2025-02-03 11:10:39,11,3,0,2,0,0.35842481070388116,0.17833333333333334,2.0098587516105484
U001,28.63249617355284,77.21768397882721,2025-02-03 11:17:48,11,3,0,2,0,0.13603729222746355,0.11916666666666667,1.141571683027666
U001,28.62853174758859,77.21516405217889,2025-02-03 11:19:30,11,3,0,2,0,0.5047903891605362,0.028333333333333332,17.81613138213657
U001,28.63319666100301,77.21768077734575,2025-02-03 11:37:18,11,3,0,2,0,0.5739324311909391,0.2966666666666667,1.9346037006436148
U001,28.627119862095764,77.21577429166116,2025-02-03 12:06:02,12,3,0,2,0,0.7008605745554766,0.47888888888888886,1.4635139607886982
U001,28.63019919299848,77.21930873539844,2025-02-03 12:24:01,12,3,0,2,0,0.48604725305001784,0.2997222222222222,1.6216590463207268
U001,28.628174678909485,77.21652786142975,2025-02-03 12:32:35,12,3,0,2,0,0.3526222401188491,0.14277777777777778,2.4697277518051686
U001,28.631535728141003,77.21797326701707,2025-02-03 12:44:05,12,3,0,2,0,0.39947004342695996,0.19166666666666668,2.084191530923269
U001,28.63245020703335,77.21690413870259,2025-02-03 13:06:33,13,3,0,2,0,0.14569711539740005,0.37444444444444447,0.38910208859839773
U001,28.62825820395382,77.21737204429846,2025-02-03 13:08:58,13,3,0,2,0,0.46836115847893284,0.04027777777777778,11.628277038097641
U001,28.62642088932024,77.22158894569068,2025-02-03 13:13:15,13,3,0,2,0,0.45949366634394395,0.07138888888888889,6.436487155012444
U001,28.632521238963665,77.21667503595485,2025-02-03 13:29:09,13,3,0,2,0,0.8307478404052056,0.265,3.1348975109630395
U001,28.632486990875737,77.21912884266575,2025-02-03 13:55:09,13,3,0,2,0,0.23951454919943846,0.43333333333333335,0.5527258827679349
U001,28.62876995385345,77.21679756009678,2025-02-03 14:07:15,14,3,0,2,0,0.4718049299904089,0.20166666666666666,2.3395285784648374
U001,28.63169836511308,77.21866631989434,2025-02-03 14:08:03,14,3,0,2,0,0.373225375841183,0.013333333333333334,27.99190318808872
U001,28.632618282887904,77.21935297365926,2025-02-03 14:22:06,14,3,0,2,0,0.12228807371514103,0.23416666666666666,0.5222266493173282
U001,28.63299685658915,77.21821494981451,2025-02-03 14:42:29,14,3,0,2,0,0.11877712227428641,0.3397222222222222,0.3496301228024784
U001,28.627317780646614,77.22089806791047,2025-02-03 14:55:50,14,3,0,2,0,0.6836290015177675,0.2225,3.0724898944618766
U001,28.628067773807487,77.21486127527557,2025-02-03 15:13:37,15,3,0,2,0,0.5950727351403963,0.29638888888888887,2.0077430613921523
U001,28.629451007406026,77.21671982628482,2025-02-03 15:28:16,15,3,0,2,0,0.2378264454590394,0.24416666666666667,0.9740332237230281
U001,28.628744883166853,77.22012232380936,2025-02-03 15:52:48,15,3,0,2,0,0.34124050090596725,0.4088888888888889,0.8345555728678546
U001,28.629081974602183,77.21049645530027,2025-02-03 16:38:58,16,3,0,2,0,0.9402358492919315,0.7694444444444445,1.2219671687548568
U001,28.630033285022414,77.22125339600629,2025-02-03 16:39:31,16,3,0,2,0,1.055190607121824,0.009166666666666667,115.11170259510807
U001,28.630949340906163,77.2164441536927,2025-02-03 16:47:54,16,3,0,2,0,0.4803022100571202,0.13972222222222222,3.437550608758713
U001,28.630199167478565,77.21925465668355,2025-02-03 17:06:11,17,3,0,2,0,0.2867047773219721,0.3047222222222222,0.9408725600356422
U001,28.63102017873804,77.21909078963051,2025-02-03 17:55:23,17,3,0,2,0,0.09268260337416388,0.82,0.11302756509044376
U001,28.62970145864444,77.21586098641102,2025-02-03 17:58:36,17,3,0,2,0,0.3476622544286159,0.05361111111111111,6.484891792450867
U001,28.63037183596684,77.22050067999734,2025-02-03 18:36:17,18,3,0,2,0,0.4589253913553589,0.6280555555555556,0.7307082746038444
U001,28.62965741087379,77.21532624966251,2025-02-03 18:41:23,18,3,0,2,0,0.5112309269880335,0.085,6.014481493976865
U001,28.637669588956506,77.21588304445837,2025-02-03 18:59:36,18,3,0,2,0,0.8925692673375797,0.3036111111111111,2.9398438814412504
U001,28.622584571876963,77.21310142831686,2025-02-03 19:10:15,19,3,0,2,0,1.699205168755147,0.1775,9.57298686622618
U001,28.61973682358676,77.21389480532011,2025-02-03 19:17:36,19,3,0,2,0,0.3259867877313779,0.1225,2.6611166345418606
U001,28.623376107424463,77.21454388039695,2025-02-03 19:31:26,19,3,0,2,0,0.40959920552857254,0.23055555555555557,1.7765748673528448
U001,28.61932698391654,77.21316550859322,2025-02-03 19:51:05,19,3,0,2,0,0.4699134756372149,0.3275,1.4348503072892058
U001,28.609369832987724,77.21062537703102,2025-02-03 20:24:54,20,3,0,2,0,1.134609262922994,0.5636111111111111,2.013106627167461
U001,28.61218863910124,77.20911826730988,2025-02-03 20:37:32,20,3,0,2,0,0.3462469866543373,0.21055555555555555,1.644444791498172
U001,28.61667466089123,77.20931643722936,2025-02-03 20:44:02,20,3,0,2,0,0.49919780125036745,0.10833333333333334,4.607979703849545
U001,28.608141342143185,77.21155381741687,2025-02-03 21:32:51,21,3,0,2,0,0.9736727925303944,0.8136111111111111,1.1967299600919836
U001,28.613903477919973,77.212216418318,2025-02-03 21:45:34,21,3,0,2,0,0.6439767893311786,0.21194444444444444,3.0384225971064787
U001,28.61627413937069,77.2115863344575,2025-02-03 21:46:19,21,3,0,2,0,0.27068557330543835,0.0125,21.654845864435067
U001,28.611379794918044,77.20988076631414,2025-02-03 21:57:35,21,3,0,2,0,0.5691225665912473,0.18777777777777777,3.030830236284749
U001,28.613497192265285,77.20971146934139,2025-02-03 21:58:54,21,3,0,2,0,0.23602311988240432,0.021944444444444444,10.755483944008299
U001,28.61417786722717,77.20929942069851,2025-02-03 22:03:20,22,3,0,2,0,0.08571121688407587,0.07388888888888889,1.1600014315138087
U001,28.611044473256936,77.20709271672209,2025-02-03 22:33:51,22,3,0,2,0,0.40962864011027145,0.5086111111111111,0.805386730965034
U001,28.614175503599544,77.20863438717923,2025-02-03 22:59:48,22,3,0,2,0,0.3792877863274588,0.4325,0.8769659799478816
U001,28.612192055836225,77.21581735093034,2025-02-03 23:05:03,23,3,0,2,0,0.735033600753477,0.0875,8.400384008611166
U001,28.61569595168213,77.2062088855459,2025-02-03 23:07:19,23,3,0,2,0,1.0156282950694493,0.03777777777777778,26.884278398897187
U001,28.61274015635317,77.21103130671273,2025-02-03 23:34:40,23,3,0,2,0,0.574121939550729,0.4558333333333333,1.2594996845719832
U001,28.61443272880261,77.20799418217466,2025-02-03 23:36:30,23,3,0,2,0,0.35116156436071716,0.030555555555555555,11.492560288168926
U001,28.615307456059377,77.20917646636687,2025-02-03 23:43:19,23,3,0,2,0,0.1509279957745436,0.11361111111111111,1.3284615764996504
U001,28.6134172251394,77.20905302019142,2025-02-04 00:11:38,0,4,1,2,0,0.21052922619673703,0.47194444444444444,0.44608900194717677
U001,28.610035382200465,77.20475480740112,2025-02-04 00:11:40,0,4,1,2,0,0.5634295303090701,0.0005555555555555556,1014.1731545563262
U001,28.614220885012063,77.20633117882522,2025-02-04 00:13:36,0,4,1,2,0,0.49018581881739737,0.03222222222222222,15.212663342608884
U001,28.61211107697151,77.20867146952601,2025-02-04 00:44:11,0,4,1,2,0,0.32745290699635565,0.5097222222222222,0.6424144224451664
U001,28.610164132762485,77.2074738960839,2025-02-04 01:25:05,1,4,1,2,0,0.2460375288915106,0.6816666666666666,0.36093525020759504
U001,28.613582302338767,77.20738212777793,2025-02-04 01:27:46,1,4,1,2,0,0.38018866585113864,0.04472222222222222,8.501113025242852
U001,28.613894149529564,77.20626427988071,2025-02-04 01:38:53,1,4,1,2,0,0.1144953417653302,0.1852777777777778,0.6179658626014823
U001,28.61380129982074,77.21055888539782,2025-02-04 01:40:18,1,4,1,2,0,0.419342392077046,0.02361111111111111,17.760383664439594
U001,28.61171709087008,77.20914437644844,2025-02-04 01:48:01,1,4,1,2,0,0.2697687160479294,0.12861111111111112,2.0975537316901636
U001,28.61441880628988,77.20940648335534,2025-02-04 02:03:24,2,4,1,2,0,0.3015046024957762,0.2563888888888889,1.1759659468957686
U001,28.612327634483165,77.21142781350073,2025-02-04 02:09:51,2,4,1,2,0,0.3049607711659266,0.1075,2.8368443829388523
U001,28.617264338000066,77.20993081159129,2025-02-04 02:24:18,2,4,1,2,0,0.5680531939316696,0.24083333333333334,2.3586983831072788
U001,28.61838830205249,77.21066086350004,2025-02-04 02:31:30,2,4,1,2,0,0.1438676019581591,0.12,1.1988966829846592
U001,28.6150841534462,77.21099843449248,2025-02-04 02:41:26,2,4,1,2,0,0.3688792112621503,0.16555555555555557,2.2281294639995655
U001,28.61393771366195,77.2134094767071,2025-02-04 03:20:18,3,4,1,2,0,0.2676579308913278,0.6477777777777778,0.41319406141028303
U001,28.61551277731876,77.20936343043725,2025-02-04 03:22:51,3,4,1,2,0,0.4320398447050077,0.0425,10.16564340482371
U001,28.61357925724874,77.20522719488129,2025-02-04 03:36:14,3,4,1,2,0,0.45742845378263963,0.22305555555555556,2.0507377753642624
U001,28.615504086134298,77.20925356504931,2025-02-04 04:13:23,4,4,1,2,0,0.44752786781187315,0.6191666666666666,0.7227906344202527
U001,28.6154516599387,77.20772641389377,2025-02-04 04:14:08,4,4,1,2,0,0.14918354855264984,0.0125,11.934683884211987
U001,28.616434656892505,77.21268771781251,2025-02-04 04:15:49,4,4,1,2,0,0.49646687213062834,0.028055555555555556,17.695848907626356
U001,28.61065645710752,77.20928295529542,2025-02-04 04:40:15,4,4,1,2,0,0.7233770023544674,0.4072222222222222,1.7763691735853226
U001,28.615778636829507,77.20774696327405,2025-02-04 05:02:45,5,4,1,2,0,0.5889650214161897,0.375,1.5705733904431725
U001,28.61275156887304,77.2081775024711,2025-02-04 05:23:42,5,4,1,2,0,0.33920814229221025,0.3491666666666667,0.9714791664693372
U001,28.61430298526756,77.2076709208005,2025-02-04 05:46:23,5,4,1,2,0,0.17945711693969468,0.37805555555555553,0.47468451211087503
U001,28.6146254113542,77.20894779260101,2025-02-04 06:21:39,6,4,1,2,0,0.1296942044920999,0.5877777777777777,0.2206517656765405
U001,28.612687676744848,77.21064673960372,2025-02-04 06:22:56,6,4,1,2,0,0.2718993689724287,0.021388888888888888,12.712178289620045
U001,28.613353358672207,77.20571809386959,2025-02-04 06:29:49,6,4,1,2,0,0.4867713549670009,0.11472222222222223,4.24304328784795
U001,28.614268830055167,77.20868871617041,2025-02-04 07:18:07,7,4,1,2,0,0.3073242763629207,0.805,0.3817692874073549
U001,28.61349090742212,77.20743128426497,2025-02-04 07:20:57,7,4,1,2,0,0.15016116361947007,0.04722222222222222,3.1798834648828955
U001,28.61513012680253,77.20811211707245,2025-02-04 07:54:40,7,4,1,2,0,0.19401075271229515,0.5619444444444445,0.34524899148011
U001,28.62588040707457,77.21295692285382,2025-02-04 08:00:36,8,4,1,2,0,1.2855165639160098,0.09888888888888889,12.999605702521448
U001,28.61905177852916,77.21398215043729,2025-02-04 08:07:29,8,4,1,2,0,0.7658744571090281,0.11472222222222223,6.675903258093223
U001,28.6209926504245,77.2120771678676,2025-02-04 08:21:43,8,4,1,2,0,0.2848699250148012,0.23722222222222222,1.200856826760286
U001,28.62967375131789,77.21393536806046,2025-02-04 09:12:20,9,4,1,2,0,0.9821849653674781,0.8436111111111111,1.1642627182492333
U001,28.6302538893727,77.2221821240848,2025-02-04 09:16:08,9,4,1,2,0,0.8074593937622366,0.06333333333333334,12.749358848877419
U001,28.628742470635565,77.21912530361234,2025-02-04 09:27:10,9,4,1,2,0,0.3424247535011316,0.18388888888888888,1.8621285688883291
U001,28.63135156702892,77.2167833763644,2025-02-04 09:52:35,9,4,1,2,0,0.3693414407227035,0.4236111111111111,0.8718879912142509
U001,28.63232771379972,77.21592942505049,2025-02-04 09:54:06,9,4,1,2,0,0.1368490151214819,0.025277777777777777,5.413807191619064
U001,28.631350615988968,77.21662209014616,2025-02-04 10:27:52,10,4,1,2,0,0.12796309693795155,0.5627777777777778,0.22737766484532357
U001,28.62964124687212,77.22126413678782,2025-02-04 10:35:10,10,4,1,2,0,0.49131454371205946,0.12166666666666667,4.038201729140215
U001,28.62605462480014,77.21944243103374,2025-02-04 10:41:07,10,4,1,2,0,0.4366531075493279,0.09916666666666667,4.403224613942802
U001,28.629739765464866,77.2161029808839,2025-02-04 11:11:00,11,4,1,2,0,0.5235876763715193,0.49805555555555553,1.05126360007667
U001,28.630193683060828,77.21736980660548,2025-02-04 11:34:53,11,4,1,2,0,0.13354684832710043,0.39805555555555555,0.33549801394107576
U001,28.62954917452867,77.21775789764149,2025-02-04 11:41:49,11,4,1,2,0,0.08106004481788419,0.11555555555555555,0.701481157077844
U001,28.63015763057008,77.21645743146316,2025-02-04 12:04:40,12,4,1,2,0,0.14383121730025125,0.38083333333333336,0.3776749688409223
U001,28.62946100223864,77.21421559708435,2025-02-04 12:28:20,12,4,1,2,0,0.23210905366192167,0.39444444444444443,0.5884454881569845
U001,28.63046102445562,77.21791783271348,2025-02-04 12:37:28,12,4,1,2,0,0.37805894082402847,0.15222222222222223,2.4835988813257344
U001,28.628071573169617,77.21589771876603,2025-02-04 13:24:22,13,4,1,2,0,0.33085812077910753,0.7816666666666666,0.42327264918435936
U001,28.629101811263705,77.22020240056405,2025-02-04 13:40:55,13,4,1,2,0,0.4354777673208165,0.2758333333333333,1.5787713618881565
U001,28.631575740168447,77.22032803936563,2025-02-04 13:56:52,13,4,1,2,0,0.27536150555577954,0.2658333333333333,1.0358426541283243
U001,28.629658736558014,77.21801728717507,2025-02-04 14:26:25,14,4,1,2,0,0.3103222596060595,0.4925,0.6300959585909838
U001,28.630498333121395,77.21780104798825,2025-02-04 14:32:19,14,4,1,2,0,0.09571464054639331,0.09833333333333333,0.9733692258955252
U001,28.632144160386108,77.21947953488021,2025-02-04 14:33:44,14,4,1,2,0,0.24561732794174562,0.02361111111111111,10.402616242238638
U001,28.63154646772276,77.21973258823601,2025-02-04 14:35:50,14,4,1,2,0,0.07090095856014564,0.035,2.025741673147018
U001,28.63252330275732,77.22056039118286,2025-02-04 14:57:23,14,4,1,2,0,0.135371237477779,0.3591666666666667,0.3769036774323313
U001,28.632785626120214,77.21994545676027,2025-02-04 15:01:10,15,4,1,2,0,0.06672867170325086,0.06305555555555556,1.0582520622541987
U001,28.633672650879987,77.21604773645547,2025-02-04 15:12:41,15,4,1,2,0,0.39298231459249555,0.19194444444444445,2.047375300337169
U001,28.62442128114898,77.2137838019666,2025-02-04 15:41:53,15,4,1,2,0,1.0521683968787507,0.4866666666666667,2.1619898566001727
U001,28.63145272302896,77.2160060588888,2025-02-04 15:53:30,15,4,1,2,0,0.8113874524803916,0.19361111111111112,4.190810371491262
U001,28.6297936998772,77.2172490542209,2025-02-04 16:06:17,16,4,1,2,0,0.22079017265260922,0.21305555555555555,1.0363032875481006
U001,28.630037646669283,77.21766879707172,2025-02-04 16:21:37,16,4,1,2,0,0.04913317338649576,0.25555555555555554,0.19226024368628777
U001,28.63530812608383,77.21939083658025,2025-02-04 16:22:28,16,4,1,2,0,0.6096731490013693,0.014166666666666666,43.035751694214305
U001,28.62932353266223,77.21663510854158,2025-02-04 16:29:41,16,4,1,2,0,0.7177514206947285,0.12027777777777778,5.9674483013880435
U001,28.63346645440016,77.21773660556076,2025-02-04 16:56:09,16,4,1,2,0,0.47304934908919977,0.4411111111111111,1.0724040659452891
U001,28.6295390507477,77.21920454239354,2025-02-04 17:15:56,17,4,1,2,0,0.4596073767730784,0.32972222222222225,1.3939229624120322
U001,28.62852453384087,77.21432707988424,2025-02-04 17:35:15,17,4,1,2,0,0.4892254666900172,0.3219444444444444,1.5195959275962572
U001,28.62629953085786,77.21863892755121,2025-02-04 17:49:09,17,4,1,2,0,0.48818121301522116,0.23166666666666666,2.107257034598077
U001,28.63056653274212,77.21951475576584,2025-02-04 17:50:01,17,4,1,2,0,0.4821077598029808,0.014444444444444444,33.37669106328329
U001,28.628436199558063,77.21768185954663,2025-02-04 17:58:48,17,4,1,2,0,0.29684163971213007,0.1463888888888889,2.027760726686277
U001,28.634288719187765,77.21640166134966,2025-02-04 18:13:02,18,4,1,2,0,0.6626563690230198,0.23722222222222222,2.793399213680177
U001,28.631654937214385,77.215418298513,2025-02-04 18:16:34,18,4,1,2,0,0.3081876744482325,0.058888888888888886,5.23337560383791
U001,28.626690051586383,77.2208350149415,2025-02-04 18:36:16,18,4,1,2,0,0.7643793300672087,0.3283333333333333,2.3280588733011434
U001,28.630033535648387,77.22035634147615,2025-02-04 18:55:56,18,4,1,2,0,0.3747023992730925,0.3277777777777778,1.1431598621890957
U001,28.62590335020632,77.20986666458734,2025-02-04 19:14:58,19,4,1,2,0,1.122093489048084,0.31722222222222224,3.537247426071018
U001,28.622012938480427,77.21230115236546,2025-02-04 19:17:04,19,4,1,2,0,0.49355850003392004,0.035,14.101671429540572
U001,28.621706920779875,77.21344180722406,2025-02-04 19:47:43,19,4,1,2,0,0.1164196937966926,0.5108333333333334,0.22790152129858257
U001,28.623897610966253,77.21200998357081,2025-02-04 19:57:36,19,4,1,2,0,0.2808366533371794,0.16472222222222221,1.704910543025035
U001,28.610525307737795,77.22824238955877,2025-02-04 20:00:44,20,4,1,2,0,2.172900996214588,0.052222222222222225,41.608742480704876
U001,28.606861422104373,77.2283186001972,2025-02-04 20:30:48,20,4,1,2,0,0.4074734159179502,0.5011111111111111,0.8131398543817189
U001,28.608125843668795,77.23087396040927,2025-02-04 20:47:17,20,4,1,2,0,0.2863483717286506,0.2747222222222222,1.0423196544217816
U001,28.61283884319846,77.22790395924886,2025-02-04 20:53:28,20,4,1,2,0,0.5989128469061944,0.10305555555555555,5.811553231434771
U001,28.6086676410715,77.23113251422576,2025-02-04 21:16:00,21,4,1,2,0,0.560761341974946,0.37555555555555553,1.493151502300152
U001,28.609692246213083,77.22997122032572,2025-02-04 21:18:07,21,4,1,2,0,0.16072227993633198,0.035277777777777776,4.555907147801537
U001,28.610211242335257,77.23147584005548,2025-02-04 21:23:14,21,4,1,2,0,0.15780859892699914,0.08527777777777777,1.8505242870918468
U001,28.60785208080513,77.22864974480193,2025-02-04 21:59:46,21,4,1,2,0,0.3806904659309946,0.6088888888888889,0.6252215681348451
U001,28.614397564124964,77.20598934269104,2025-02-04 22:21:56,22,4,1,2,0,2.3286998805389585,0.36944444444444446,6.303247796947557
U001,28.61118335235424,77.20510556052456,2025-02-04 22:23:44,22,4,1,2,0,0.36766871856276373,0.03,12.255623952092124
U001,28.61790998524797,77.20756833689727,2025-02-04 22:27:42,22,4,1,2,0,0.7856512287218924,0.0661111111111111,11.88380009831434
U001,28.613856432606138,77.20976202036155,2025-02-04 23:05:58,23,4,1,2,0,0.49901265195385697,0.6377777777777778,0.7824240187429813
U001,28.6162981541759,77.2012430626186,2025-02-04 23:22:03,23,4,1,2,0,0.8747646794041526,0.26805555555555555,3.263370824720155
U001,28.612059095249645,77.20976277040874,2025-02-04 23:23:22,23,4,1,2,0,0.9559355428165184,0.021944444444444444,43.561619672651474
U001,28.6169246730208,77.20825981796747,2025-02-04 23:27:05,23,4,1,2,0,0.5605660704325026,0.06194444444444445,9.049497101152507
U001,28.614576327174603,77.20877521956467,2025-02-04 23:34:36,23,4,1,2,0,0.2659264642612122,0.12527777777777777,2.1226946149453747
U001,28.613706812146543,77.21069648357651,2025-02-05 00:05:29,0,5,2,2,0,0.21099833826567915,0.5147222222222222,0.4099266150871263
U001,28.61488934641788,77.20791923640417,2025-02-05 00:23:29,0,5,2,2,0,0.3013043031313637,0.3,1.0043476771045456
U001,28.614760812219327,77.20978334869729,2025-02-05 00:31:57,0,5,2,2,0,0.18252291939337717,0.1411111111111111,1.2934695075121216
U001,28.616441754723244,77.20755142101316,2025-02-05 00:51:10,0,5,2,2,0,0.2870560719383874,0.3202777777777778,0.8962722107356415
U001,28.611205531380072,77.20451528206127,2025-02-05 01:19:37,1,5,2,2,0,0.6533305771861333,0.4741666666666667,1.3778500749092442
U001,28.615115351523983,77.20991735859754,2025-02-05 01:20:53,1,5,2,2,0,0.6834324147485563,0.021111111111111112,32.37311438282635
U001,28.61291780881614,77.20867025667393,2025-02-05 01:31:50,1,5,2,2,0,0.27300007911822644,0.1825,1.4958908444834325
U001,28.61335756924482,77.2077602221181,2025-02-05 01:53:28,1,5,2,2,0,0.10140235726196073,0.3605555555555556,0.28123920350004517
U001,28.61470767592101,77.20887844793214,2025-02-05 02:34:27,2,5,2,2,0,0.18561324096617723,0.6830555555555555,0.2717395963717926
U001,28.62120321747599,77.20485899177572,2025-02-05 02:50:32,2,5,2,2,0,0.8219534976784442,0.26805555555555555,3.0663550172460092
U001,28.612352728093946,77.2077895398063,2025-02-05 02:58:01,2,5,2,2,0,1.024860355918708,0.12472222222222222,8.217143165495209
U001,28.61572780525133,77.20749497408353,2025-02-05 03:03:47,3,5,2,2,0,0.37639136363006565,0.0961111111111111,3.9162107198503944
U001,28.613030978133427,77.20848407823034,2025-02-05 03:51:49,3,5,2,2,0,0.31503344805305883,0.8005555555555556,0.3935185333070825
U001,28.61464646638793,77.20740296409737,2025-02-05 03:55:03,3,5,2,2,0,0.20833980791318582,0.05388888888888889,3.8660995282859223
U001,28.612786119321623,77.21219490515873,2025-02-05 04:15:17,4,5,2,2,0,0.5114623440956094,0.3372222222222222,1.51669228891614
U001,28.61345732938521,77.21278740860356,2025-02-05 04:42:35,4,5,2,2,0,0.09442221525692532,0.455,0.20752135221302268
U001,28.615230670858853,77.20768950133996,2025-02-05 04:44:31,4,5,2,2,0,0.535270874460462,0.03222222222222222,16.611854724635027
U001,28.61305670746417,77.21226063525866,2025-02-05 04:45:09,4,5,2,2,0,0.5074800681596904,0.010555555555555556,48.077059088812774
U001,28.617938538072234,77.20253168350818,2025-02-05 04:51:24,4,5,2,2,0,1.0938665812191033,0.10416666666666667,10.501119179703391
U001,28.61325393312138,77.20993567479636,2025-02-05 05:09:46,5,5,2,2,0,0.8908823200818646,0.3061111111111111,2.910323368688487
U001,28.61200270401286,77.2063108713833,2025-02-05 05:12:25,5,5,2,2,0,0.3802077280252354,0.04416666666666667,8.608476860948725
U001,28.61130637099752,77.20699525934687,2025-02-05 05:27:04,5,5,2,2,0,0.10226654445368712,0.24416666666666667,0.41883908991271174
U001,28.61309686603957,77.2075335297123,2025-02-05 05:48:18,5,5,2,2,0,0.2059107888132507,0.35388888888888886,0.5818515225492171
U001,28.61360705016856,77.21137552171176,2025-02-05 06:11:33,6,5,2,2,0,0.3793018242688994,0.3875,0.9788434174681275
U001,28.61615151329569,77.20451422880241,2025-02-05 06:32:48,6,5,2,2,0,0.7270632759209974,0.3541666666666667,2.052884543776934
U001,28.61494600183659,77.21074747504505,2025-02-05 06:46:30,6,5,2,2,0,0.6230356477300626,0.22833333333333333,2.728623274730201
U001,28.612989374659648,77.20934949411865,2025-02-05 07:14:46,7,5,2,2,0,0.25682197579691635,0.4711111111111111,0.5451409863613791
U001,28.613074895801265,77.20510235376372,2025-02-05 07:15:50,7,5,2,2,0,0.41469426104250595,0.017777777777777778,23.32655218364096
U001,28.61399733240949,77.20794214313636,2025-02-05 07:37:19,7,5,2,2,0,0.29557289577772833,0.35805555555555557,0.8254945110937331
U001,28.61450982932228,77.20307135055718,2025-02-05 07:45:00,7,5,2,2,0,0.47886056411895406,0.12805555555555556,3.739475121102461
U001,28.61467065715969,77.21073066365136,2025-02-05 07:51:43,7,5,2,2,0,0.7478676971790736,0.11194444444444444,6.680703994651775
U001,28.619222598466223,77.21104395783192,2025-02-05 08:00:55,8,5,2,2,0,0.5070757744629983,0.15333333333333332,3.307015920410859
U001,28.61871272306921,77.21319475789373,2025-02-05 08:13:27,8,5,2,2,0,0.21745960943792914,0.2088888888888889,1.0410300451815755
U001,28.621548877253595,77.21564949708863,2025-02-05 08:14:05,8,5,2,2,0,0.3960625376353595,0.010555555555555556,37.521714091770896
U001,28.62254207160436,77.21504114156491,2025-02-05 08:26:56,8,5,2,2,0,0.12538950786111128,0.21416666666666667,0.5854763012970177
U001,28.62459428440961,77.2149030003951,2025-02-05 08:55:35,8,5,2,2,0,0.22859364730322207,0.4775,0.47873015142036035
U001,28.62957070725848,77.21638344410708,2025-02-05 09:16:36,9,5,2,2,0,0.571907459006727,0.3502777777777778,1.6327254975608383
U001,28.63302069722312,77.21784579446154,2025-02-05 09:33:00,9,5,2,2,0,0.4093105616673951,0.2733333333333333,1.4974776646368115
U001,28.62927142493812,77.21594434998919,2025-02-05 09:48:27,9,5,2,2,0,0.4563384271798849,0.2575,1.7721880667179994
U001,28.633970791805872,77.21754771832627,2025-02-05 09:55:36,9,5,2,2,0,0.5454738497769569,0.11916666666666667,4.577402935191246
U001,28.632081950496275,77.22031733041126,2025-02-05 10:24:58,10,5,2,2,0,0.34231125585564437,0.48944444444444446,0.6993873558912144
U001,28.63004223093768,77.21476053231362,2025-02-05 10:32:40,10,5,2,2,0,0.5878502214621664,0.12833333333333333,4.58065107632857
U001,28.632724002857103,77.21926444449242,2025-02-05 10:54:12,10,5,2,2,0,0.5311755771621004,0.35888888888888887,1.4800557877581746
U001,28.62886707590448,77.21593265879032,2025-02-05 11:24:32,11,5,2,2,0,0.5382105845445909,0.5055555555555555,1.0645923650332567
U001,28.627722618820528,77.21797853805737,2025-02-05 11:25:52,11,5,2,2,0,0.23678379048275336,0.022222222222222223,10.6552705717239
U001,28.633990649523003,77.21851419286175,2025-02-05 11:28:08,11,5,2,2,0,0.6989311626911983,0.03777777777777778,18.501119012414073
U001,28.63121847471422,77.21859860250349,2025-02-05 11:41:43,11,5,2,2,0,0.308361838046539,0.2263888888888889,1.3620891005736693
U001,28.62849098040149,77.21071435950095,2025-02-05 12:22:12,12,5,2,2,0,0.8271084511264408,0.6747222222222222,1.2258503186723702
U001,28.63093288813071,77.21731539363877,2025-02-05 12:28:55,12,5,2,2,0,0.6991397420353048,0.11194444444444444,6.245417050439448
U001,28.63170842829069,77.21853154250309,2025-02-05 12:39:31,12,5,2,2,0,0.1467136826384226,0.17666666666666667,0.8304548073872977
U001,28.62987131118906,77.21580299472842,2025-02-05 12:57:44,12,5,2,2,0,0.33562863980920415,0.3036111111111111,1.105455721238001
U001,28.63120866942788,77.21687394694854,2025-02-05 13:20:42,13,5,2,2,0,0.18176664919388505,0.3827777777777778,0.47486207336573744
U001,28.629695164607323,77.21987825763561,2025-02-05 13:44:37,13,5,2,2,0,0.3380819872146973,0.39861111111111114,0.8481499330821674
U001,28.63112815673874,77.22099749071266,2025-02-05 13:55:40,13,5,2,2,0,0.19318955958744793,0.18416666666666667,1.048993083732749
U001,28.63412279608324,77.21572854540126,2025-02-05 13:57:11,13,5,2,2,0,0.612631148194705,0.025277777777777777,24.23595751099932
U001,28.629768244589165,77.21858884289256,2025-02-05 14:02:49,14,5,2,2,0,0.5589121275771403,0.09388888888888888,5.952910234549424
U001,28.62849683877063,77.21860178053063,2025-02-05 14:03:58,14,5,2,2,0,0.14137951574419447,0.019166666666666665,7.376322560566669
U001,28.630901322195104,77.21749534309035,2025-02-05 14:20:34,14,5,2,2,0,0.2883507536775428,0.27666666666666667,1.0422316397983475
U001,28.63320191634537,77.2235341450104,2025-02-05 14:25:36,14,5,2,2,0,0.6424951741423608,0.08388888888888889,7.658882870571189
U001,28.62937323386585,77.21990279972948,2025-02-05 15:04:55,15,5,2,2,0,0.5539444230781313,0.6552777777777777,0.845358170021735
U001,28.63107771328096,77.21815680016032,2025-02-05 15:07:07,15,5,2,2,0,0.2548731738053898,0.03666666666666667,6.9510865583288135
U001,28.631014429801155,77.21612005548486,2025-02-05 15:16:00,15,5,2,2,0,0.19890752420334062,0.14805555555555555,1.3434654542814752
U001,28.631211635546176,77.21745559842111,2025-02-05 16:34:10,16,5,2,2,0,0.1321783971531174,1.3027777777777778,0.10145889760154002
U001,28.63704705325402,77.21974572170335,2025-02-05 16:55:52,16,5,2,2,0,0.6862839179605554,0.3616666666666667,1.8975592201674343
U001,28.629637730727683,77.2177028155981,2025-02-05 16:58:22,16,5,2,2,0,0.8476609658149142,0.041666666666666664,20.343863179557943
U001,28.631530910478453,77.2140395314859,2025-02-05 17:04:28,17,5,2,2,0,0.4149031076448204,0.10166666666666667,4.0810141735556105
U001,28.63124023032632,77.21630114035361,2025-02-05 17:24:24,17,5,2,2,0,0.223082661861194,0.3322222222222222,0.6714862731607847
U001,28.63011563911409,77.21681097090885,2025-02-05 17:30:05,17,5,2,2,0,0.134585109868817,0.09472222222222222,1.4208398695828188
U001,28.631677913382426,77.21712219104596,2025-02-05 17:31:25,17,5,2,2,0,0.17635250127888014,0.022222222222222223,7.935862557549606
U001,28.63232759662377,77.2178270539654,2025-02-05 18:07:13,18,5,2,2,0,0.09975615039773056,0.5966666666666667,0.16718907887887802
U001,28.628547105834,77.2124687482619,2025-02-05 18:25:40,18,5,2,2,0,0.6709728619450518,0.3075,2.1820255673009816
U001,28.62966965146197,77.21623559859486,2025-02-05 18:26:34,18,5,2,2,0,0.388256966005917,0.015,25.883797733727803
U001,28.63056113697317,77.22040004030585,2025-02-05 18:39:15,18,5,2,2,0,0.41836012957965896,0.21138888888888888,1.9791017956462185
U001,28.628320666487188,77.21775397038826,2025-02-05 18:55:39,18,5,2,2,0,0.35883347536170457,0.2733333333333333,1.3128053976647729
U001,28.62125186537636,77.20919785594617,2025-02-05 19:00:05,19,5,2,2,0,1.1468359812080153,0.07388888888888889,15.521088467476899
U001,28.621452410790127,77.21136815418573,2025-02-05 19:11:54,19,5,2,2,0,0.21300767185173314,0.19694444444444445,1.0815622266096463
U001,28.6228860357732,77.21195654051184,2025-02-05 19:47:50,19,5,2,2,0,0.16944138462259833,0.5988888888888889,0.2829262451954332
U001,28.619102227284568,77.21529826061999,2025-02-05 19:59:12,19,5,2,2,0,0.5323667290024192,0.18944444444444444,2.8101469566110104
U001,28.61147793400816,77.20985694126897,2025-02-05 20:10:35,20,5,2,2,0,1.0004245299491856,0.1897222222222222,5.273101475574038
U001,28.61394125530947,77.20825707378715,2025-02-05 20:20:42,20,5,2,2,0,0.3153025063610059,0.1686111111111111,1.869998390279442
U001,28.615628124336524,77.21169362813164,2025-02-05 20:41:58,20,5,2,2,0,0.3843337983592768,0.35444444444444445,1.0843273307941979
U001,28.61009382001081,77.2118529037721,2025-02-05 20:42:48,20,5,2,2,0,0.6155829389938489,0.013888888888888888,44.32197160755712
U001,28.6132260528229,77.20900641388607,2025-02-05 20:46:54,20,5,2,2,0,0.4455483054837581,0.06833333333333333,6.520219104640363
U001,28.612599442291987,77.20668226269508,2025-02-05 21:01:53,21,5,2,2,0,0.2373308100769247,0.24972222222222223,0.9503792172157162
U001,28.616498393443205,77.2076774973913,2025-02-05 21:19:21,21,5,2,2,0,0.44429482050086544,0.2911111111111111,1.526203581873202
U001,28.612564545406084,77.20876806769972,2025-02-05 21:24:14,21,5,2,2,0,0.4501914045172941,0.08138888888888889,5.531361966765389
U001,28.6133587249129,77.20815445877723,2025-02-05 21:32:12,21,5,2,2,0,0.10670590517222281,0.13277777777777777,0.8036428004602555
U001,28.61167801726282,77.20996179288794,2025-02-05 21:38:11,21,5,2,2,0,0.25700560385751187,0.09972222222222223,2.5772149690446873
U001,28.61344328616313,77.20816134818556,2025-02-05 22:01:30,22,5,2,2,0,0.26347281571899483,0.38861111111111113,0.6779858017072061
U001,28.612610320905244,77.20749222941761,2025-02-05 22:08:34,22,5,2,2,0,0.11333552301595384,0.11777777777777777,0.9622827425882874
U001,28.617376593728668,77.20972142397018,2025-02-05 22:27:46,22,5,2,2,0,0.5729169563557484,0.32,1.7903654886117135
U001,28.61442261132734,77.205622118954,2025-02-05 22:30:49,22,5,2,2,0,0.5176927753230668,0.050833333333333335,10.184120170289837
U001,28.61558711713856,77.20760370251178,2025-02-05 22:47:13,22,5,2,2,0,0.23276956344499847,0.2733333333333333,0.8515959638231652
U001,28.608737002560662,77.2083485056117,2025-02-05 23:14:06,23,5,2,2,0,0.7651599786922936,0.44805555555555554,1.7077346083646974
U001,28.61234891724303,77.20944879846064,2025-02-05 23:14:58,23,5,2,2,0,0.4157407238799109,0.014444444444444444,28.782050114763063
U001,28.61300777236632,77.20942132660083,2025-02-05 23:29:52,23,5,2,2,0,0.07331041112537452,0.24833333333333332,0.2952097092296961
U001,28.61359005776009,77.20822712241086,2025-02-06 00:00:57,0,6,3,2,0,0.13334637581932854,0.5180555555555556,0.25739782999977623
U001,28.61291855322312,77.2116833785981,2025-02-06 00:07:35,0,6,3,2,0,0.3455460361998577,0.11055555555555556,3.125542035978612
U001,28.614703764499296,77.20735083075492,2025-02-06 00:19:36,0,6,3,2,0,0.4671888323680985,0.20027777777777778,2.3327042947644308
U001,28.61342606583341,77.21104272546526,2025-02-06 00:27:03,0,6,3,2,0,0.3873752473613164,0.12416666666666666,3.1198006498897968
U001,28.61278565498103,77.21162923520268,2025-02-06 01:13:42,1,6,3,2,0,0.09137143922322206,0.7775,0.11751953597842067
U001,28.61189543453205,77.2083677215088,2025-02-06 01:34:19,1,6,3,2,0,0.33340876683855997,0.3436111111111111,0.9703084564420501
U001,28.612827272907563,77.20870700672343,2025-02-06 01:48:04,1,6,3,2,0,0.10878014636466947,0.22916666666666666,0.4746770023185577
U001,28.6122731251524,77.20745591552001,2025-02-06 01:57:16,1,6,3,2,0,0.13679031835800742,0.15333333333333332,0.8921107719000485
U001,28.610216667786435,77.21069014640197,2025-02-06 02:01:24,2,6,3,2,0,0.3898269137399903,0.06888888888888889,5.658777780096633
U001,28.61402156101134,77.20984006388704,2025-02-06 02:09:03,2,6,3,2,0,0.43114582373775995,0.1275,3.381535872453019
U001,28.61293822222561,77.20816306756815,2025-02-06 02:17:05,2,6,3,2,0,0.20324511884623728,0.1338888888888889,1.5180133357810253
U001,28.616620859400086,77.20909691923713,2025-02-06 02:47:46,2,6,3,2,0,0.41951405635817607,0.5113888888888889,0.820342532802517
U001,28.613635751717634,77.20926089095427,2025-02-06 03:01:25,3,6,3,2,0,0.3323145103241647,0.2275,1.4607231223040207
U001,28.616325837879213,77.20204789431207,2025-02-06 03:31:56,3,6,3,2,0,0.7649903930503468,0.5086111111111111,1.504077233741807
U001,28.61535368951284,77.2047094489343,2025-02-06 03:50:41,3,6,3,2,0,0.2813925668009872,0.3125,0.900456213763159
U001,28.613620760558035,77.20957240635734,2025-02-06 03:55:05,3,6,3,2,0,0.5123112086488844,0.07333333333333333,6.986061936121151
U001,28.61871378714028,77.20822990334327,2025-02-06 03:59:10,3,6,3,2,0,0.5812827246293474,0.06805555555555555,8.541297178227145
U001,28.613072836850574,77.20740027386327,2025-02-06 04:19:19,4,6,3,2,0,0.6324511626347724,0.3358333333333333,1.883229268391382
U001,28.61312045966256,77.20925379281542,2025-02-06 04:27:18,4,6,3,2,0,0.18100888187578337,0.13305555555555557,1.3604007823649689
U001,28.61330380672787,77.20850862445864,2025-02-06 04:51:04,4,6,3,2,0,0.07554262788690382,0.39611111111111114,0.1907107015377656
U001,28.61818321042832,77.21248722437618,2025-02-06 05:08:35,5,6,3,2,0,0.6672341585684041,0.29194444444444445,2.2854833214521926
U001,28.613333992896564,77.20800334803432,2025-02-06 05:27:39,5,6,3,2,0,0.6944868453287587,0.31777777777777777,2.185448114670919
U001,28.611576761153067,77.20996001381128,2025-02-06 05:55:15,5,6,3,2,0,0.273241260426096,0.46,0.5940027400567304
U001,28.614511667922613,77.20517562328433,2025-02-06 06:21:32,6,6,3,2,0,0.5697527545712744,0.43805555555555553,1.3006404035869294
U001,28.61229492366177,77.20714435339288,2025-02-06 06:26:48,6,6,3,2,0,0.3125535889767598,0.08777777777777777,3.5607370896086556
U001,28.61334293449366,77.20946891835383,2025-02-06 06:47:00,6,6,3,2,0,0.2550875436475399,0.33666666666666667,0.7576857732105144
U001,28.61722521797379,77.20730971192872,2025-02-06 06:47:13,6,6,3,2,0,0.48039469626347675,0.003611111111111111,133.03237742680895
U001,28.615363729747564,77.2093799912996,2025-02-06 07:08:19,7,6,3,2,0,0.2892786404472276,0.3516666666666667,0.8225932903712634
U001,28.61330330490644,77.2058847642642,2025-02-06 07:24:29,7,6,3,2,0,0.4109702920160534,0.26944444444444443,1.5252505683070023
U001,28.610782341792795,77.20768948656382,2025-02-06 07:33:47,7,6,3,2,0,0.3310803262079977,0.155,2.1360021045677273
U001,28.612039987460108,77.21307941899589,2025-02-06 07:44:49,7,6,3,2,0,0.5444144670687621,0.18388888888888888,2.9605620565672863
U001,28.629258517072333,77.21694260071584,2025-02-06 08:25:42,8,6,3,2,0,1.9513920782488847,0.6813888888888889,2.863844876353846
U001,28.627547063851367,77.2185959866131,2025-02-06 08:25:51,8,6,3,2,0,0.2495132123469414,0.0025,99.80528493877657
U001,28.629951853248105,77.21486842195554,2025-02-06 08:32:38,8,6,3,2,0,0.4515111826649314,0.11305555555555556,3.9937107066185575
U001,28.63321157886299,77.21771767814171,2025-02-06 09:26:51,9,6,3,2,0,0.45684802040961375,0.9036111111111111,0.5055803484397816
U001,28.62838978760894,77.22204872582633,2025-02-06 09:50:21,9,6,3,2,0,0.6827481967155385,0.39166666666666666,1.7431868852311623
U001,28.62653889382253,77.2155561752235,2025-02-06 09:53:49,9,6,3,2,0,0.6662682325118966,0.057777777777777775,11.531565562705904
U001,28.63108430396252,77.21731611431245,2025-02-06 09:59:32,9,6,3,2,0,0.5338176026675482,0.09527777777777778,5.602750348697299
U001,28.630150808589644,77.22032509446854,2025-02-06 10:09:00,10,6,3,2,0,0.31147738996404206,0.15777777777777777,1.9741524716030836
U001,28.63198655750337,77.21938723547771,2025-02-06 10:23:31,10,6,3,2,0,0.22370917289963946,0.24194444444444443,0.924630335750519
U001,28.630506590616907,77.21742828439105,2025-02-06 10:52:34,10,6,3,2,0,0.2522602587172757,0.4841666666666667,0.5210194672301736
U001,28.629822503405343,77.218794103089,2025-02-06 10:56:06,10,6,3,2,0,0.15347911330387332,0.058888888888888886,2.606249093839358
U001,28.62943976364429,77.21814916506932,2025-02-06 11:47:22,11,6,3,2,0,0.07598298459107988,0.8544444444444445,0.08892677000256423
U001,28.632294585328587,77.21751011882371,2025-02-06 11:51:17,11,6,3,2,0,0.32351080570710805,0.06527777777777778,4.955910215087612
U001,28.631399240865207,77.21660237224637,2025-02-06 11:52:17,11,6,3,2,0,0.133269025360614,0.016666666666666666,7.99614152163684
U001,28.63428834676907,77.22001433334503,2025-02-06 11:55:09,11,6,3,2,0,0.46269921951607207,0.04777777777777778,9.684402268941042
U001,28.63023705660888,77.21943905805284,2025-02-06 12:06:38,12,6,3,2,0,0.45396822390750197,0.1913888888888889,2.3719674979201844
U001,28.63239430845721,77.21839210052907,2025-02-06 12:36:01,12,6,3,2,0,0.26073207820663824,0.4897222222222222,0.5324081007055573
U001,28.631012886812005,77.21912592994347,2025-02-06 12:39:49,12,6,3,2,0,0.1694832643868868,0.06333333333333334,2.676051542950844
U001,28.63110871427676,77.21590387429889,2025-02-06 13:02:14,13,6,3,2,0,0.3146478954592358,0.3736111111111111,0.8421802406343858
U001,28.629821923448468,77.2159019680308,2025-02-06 13:10:10,13,6,3,2,0,0.143084732716665,0.1322222222222222,1.0821534407142732
U001,28.63028552730093,77.21579384401485,2025-02-06 13:39:53,13,6,3,2,0,0.052619441212276595,0.49527777777777776,0.10624228175221298
U001,28.632811291009613,77.21613407145468,2025-02-06 13:41:58,13,6,3,2,0,0.28280826131186054,0.034722222222222224,8.144877925781584
U001,28.62700647824516,77.21755212608339,2025-02-06 14:09:39,14,6,3,2,0,0.6601370642643658,0.4613888888888889,1.4307606450040438
U001,28.63008102749721,77.21594512697266,2025-02-06 14:21:43,14,6,3,2,0,0.37613581191471085,0.2011111111111111,1.8702885675317116
U001,28.626981251627857,77.21735744500538,2025-02-06 14:46:20,14,6,3,2,0,0.37122045179891766,0.4102777777777778,0.9048027261178765
U001,28.627938073279008,77.2187756078715,2025-02-06 14:51:45,14,6,3,2,0,0.1745805722302937,0.09027777777777778,1.9338155693201764
U001,28.63125576729984,77.21385596094163,2025-02-06 14:53:31,14,6,3,2,0,0.605512336450663,0.029444444444444443,20.56456991719233
U001,28.63015357225346,77.2184800682965,2025-02-06 15:16:30,15,6,3,2,0,0.4676521466105545,0.38305555555555554,1.2208467931820133
U001,28.630772859671968,77.21506395516447,2025-02-06 15:21:22,15,6,3,2,0,0.3404460215724176,0.0811111111111111,4.197279718016108
U001,28.630726139478664,77.21520001745407,2025-02-06 15:25:39,15,6,3,2,0,0.01425950968244957,0.07138888888888889,0.19974410450123908
U001,28.630293331802427,77.21553603362798,2025-02-06 15:27:08,15,6,3,2,0,0.058237556390320216,0.024722222222222222,2.3556764382601436
U001,28.630290520219937,77.22142305354986,2025-02-06 15:48:03,15,6,3,2,0,0.5745679165309212,0.3486111111111111,1.648162947817782
U001,28.632128195289745,77.21815955976949,2025-02-06 16:00:17,16,6,3,2,0,0.37842346607865385,0.2038888888888889,1.8560278990233703
U001,28.63028581254519,77.2158834099656,2025-02-06 16:21:14,16,6,3,2,0,0.30219023213599766,0.3491666666666667,0.8654612853536926
U001,28.62945132398909,77.21730035707031,2025-02-06 16:46:18,16,6,3,2,0,0.16653885839517735,0.4177777777777778,0.39863024615866915
U001,28.63330465358114,77.2187806851732,2025-02-06 17:24:09,17,6,3,2,0,0.45217341898652647,0.6308333333333334,0.7167874541398042
U001,28.634094147040305,77.21564726060735,2025-02-06 17:34:27,17,6,3,2,0,0.31816051443320736,0.17166666666666666,1.8533622199992663
U001,28.62816399033077,77.21842456608397,2025-02-06 17:37:40,17,6,3,2,0,0.7129421268732042,0.05361111111111111,13.298402366546815
U001,28.62669380455197,77.21568456414442,2025-02-06 17:45:26,17,6,3,2,0,0.3134375070109951,0.12944444444444445,2.4214056335613354
U001,28.62996576785315,77.22037299129775,2025-02-06 17:51:02,17,6,3,2,0,0.5846042823993296,0.09333333333333334,6.263617311421388
U001,28.63064435252698,77.21623736678794,2025-02-06 18:11:05,18,6,3,2,0,0.4106253992902328,0.33416666666666667,1.2288041874021929
U001,28.63162087105021,77.21582484701474,2025-02-06 18:15:30,18,6,3,2,0,0.11580773547751491,0.07361111111111111,1.5732371612039762
U001,28.63288526434312,77.2195501050762,2025-02-06 18:38:16,18,6,3,2,0,0.38981214650593815,0.3794444444444444,1.0273233729292661
U001,28.633346651864347,77.21754437013966,2025-02-06 18:48:54,18,6,3,2,0,0.2023640192818708,0.17722222222222223,1.141865939521528
U001,28.629618742672346,77.21786295884823,2025-02-06 18:50:30,18,6,3,2,0,0.41568912430074106,0.02666666666666667,15.588342161277788
U001,28.61137897165729,77.22914836428552,2025-02-06 19:05:45,19,6,3,2,0,2.308003864345183,0.25416666666666665,9.080670941685966
U001,28.61033750694303,77.2338288731401,2025-02-06 19:22:22,19,6,3,2,0,0.47134564344900154,0.27694444444444444,1.701950166917157
U001,28.612892165863144,77.22872602495242,2025-02-06 19:33:34,19,6,3,2,0,0.5734269716010973,0.18666666666666668,3.0719302050058785
U001,28.609602165482904,77.23065830564929,2025-02-06 19:54:05,19,6,3,2,0,0.4115959631646468,0.34194444444444444,1.2036924999128582
U001,28.609016642311943,77.22778458780692,2025-02-06 20:04:43,20,6,3,2,0,0.2879845254367971,0.17722222222222223,1.6249910526214255
U001,28.611082274725497,77.22878757794645,2025-02-06 20:08:02,20,6,3,2,0,0.24968547446033107,0.05527777777777778,4.516923156066291
U001,28.609312826550163,77.23197148904514,2025-02-06 20:16:36,20,6,3,2,0,0.3678485753096845,0.14277777777777778,2.576371344581448
U001,28.610508602423536,77.2266929546513,2025-02-06 20:59:25,20,6,3,2,0,0.5321589691083634,0.7136111111111111,0.7457268543363598
U001,28.61287571891752,77.2077825247158,2025-02-06 21:09:30,21,6,3,2,0,1.8646387306564398,0.16805555555555557,11.095370959277988
U001,28.61327896409544,77.20891298207904,2025-02-06 21:14:34,21,6,3,2,0,0.11911162011345403,0.08444444444444445,1.4105323434487975
U001,28.616189348874578,77.21006811347432,2025-02-06 21:36:36,21,6,3,2,0,0.3427009549085514,0.3672222222222222,0.9332249906738163
U001,28.61195336913516,77.20941274482252,2025-02-06 21:36:45,21,6,3,2,0,0.4753439889091696,0.0025,190.13759556366784
U001,28.61278956430841,77.21179924571673,2025-02-06 22:15:00,22,6,3,2,0,0.2508302366131836,0.6375,0.39345919468734686
U001,28.611861777644883,77.20868024764874,2025-02-06 22:16:54,22,6,3,2,0,0.32146705800953146,0.03166666666666667,10.15159130556415
U001,28.61192125686263,77.2064651526927,2025-02-06 22:24:51,22,6,3,2,0,0.21633028333384352,0.1325,1.6326813836516492
U001,28.61525748036796,77.21105897281967,2025-02-06 22:45:46,22,6,3,2,0,0.5819825497900024,0.3486111111111111,1.6694320153338715
U001,28.615325864360194,77.20937040230706,2025-02-06 23:02:13,23,6,3,2,0,0.1650018097196585,0.27416666666666667,0.6018303090078729
U001,28.617481181871245,77.20719633404374,2025-02-06 23:27:22,23,6,3,2,0,0.3201130635304385,0.4191666666666667,0.7636892171700321
U001,28.61500874655743,77.20853545624924,2025-02-06 23:50:51,23,6,3,2,0,0.3044151102390048,0.3913888888888889,0.7777816869130002
U001,28.617301346370272,77.20712951355696,2025-02-06 23:51:33,23,6,3,2,0,0.28951864838730984,0.011666666666666667,24.8158841474837
U001,28.61039537270088,77.20829319072054,2025-02-07 00:01:24,0,7,4,2,0,0.7762651946836843,0.16416666666666666,4.728518952387925
U001,28.6134211791762,77.20650204489363,2025-02-07 00:15:35,0,7,4,2,0,0.3791730858994396,0.2363888888888889,1.6040224550387574
U001,28.61737119689238,77.20998447450113,2025-02-07 00:22:24,0,7,4,2,0,0.5553993639195947,0.11361111111111111,4.888600758216481
U001,28.61801328879775,77.20911812788604,2025-02-07 00:38:39,0,7,4,2,0,0.11067424325844288,0.2708333333333333,0.4086433597234814
U001,28.61489544204511,77.2099233742122,2025-02-07 00:49:10,0,7,4,2,0,0.3554874206792223,0.17527777777777778,2.0281374238434235
U001,28.613156316156733,77.20816400543204,2025-02-07 01:05:38,1,7,4,2,0,0.25863297067957075,0.27444444444444444,0.9423873425571404
U001,28.615501777193547,77.21170523225597,2025-02-07 01:26:17,1,7,4,2,0,0.4330222685593698,0.3441666666666667,1.2581760829812199
U001,28.613698631542288,77.20847739407863,2025-02-07 01:36:53,1,7,4,2,0,0.373465742520963,0.17666666666666667,2.113957033137526
U001,28.61432992603516,77.21054445049123,2025-02-07 01:45:45,1,7,4,2,0,0.21363608953853333,0.14777777777777779,1.4456577487569924
U001,28.615991482490685,77.20929690658043,2025-02-07 02:00:26,2,7,4,2,0,0.22127942962374264,0.24472222222222223,0.9042065228665987
U001,28.61237444874103,77.21214863513705,2025-02-07 02:29:32,2,7,4,2,0,0.48913257412292893,0.485,1.0085207713874824
U001,28.612612997792688,77.20898599232083,2025-02-07 02:42:04,2,7,4,2,0,0.30986084829972055,0.2088888888888889,1.4833764014348323
U001,28.61641704908476,77.20629413667179,2025-02-07 03:08:20,3,7,4,2,0,0.4979613579081146,0.43777777777777777,1.1374751830388405
U001,28.6130693273686,77.20625143281025,2025-02-07 03:29:41,3,7,4,2,0,0.3722730093517345,0.35583333333333333,1.046200494665296
U001,28.61596338764321,77.20968374066051,2025-02-07 03:32:57,3,7,4,2,0,0.4645540551548153,0.05444444444444444,8.532625502843548
U001,28.61380435607557,77.21019962921665,2025-02-07 03:40:16,3,7,4,2,0,0.24529800098300314,0.12194444444444444,2.0115553611362444
U001,28.619276224224407,77.20419938376445,2025-02-07 04:01:47,4,7,4,2,0,0.8445371533574978,0.3586111111111111,2.355022271175052
U001,28.615582961706377,77.20926111881423,2025-02-07 04:21:17,4,7,4,2,0,0.6424701315561242,0.325,1.9768311740188436
U001,28.613480088487112,77.20769556318818,2025-02-07 04:44:51,4,7,4,2,0,0.27933814768531523,0.3927777777777778,0.711186231730647
U001,28.615112055147776,77.2098728742382,2025-02-07 04:51:52,4,7,4,2,0,0.2794666321221135,0.11694444444444445,2.3897384219468134
U001,28.61831487633056,77.20646406324575,2025-02-07 05:06:17,5,7,4,2,0,0.4873907489309657,0.24027777777777778,2.028447047573961
U001,28.61442607057426,77.20730490778041,2025-02-07 05:30:10,5,7,4,2,0,0.4401360011939661,0.39805555555555555,1.1057150064886798
U001,28.6127262315438,77.21108327580656,2025-02-07 05:54:18,5,7,4,2,0,0.4144360695299677,0.4022222222222222,1.0303659187209142
U001,28.61757283474557,77.21353628159929,2025-02-07 05:55:17,5,7,4,2,0,0.5897173131582409,0.01638888888888889,35.98275131135029
U001,28.61346420370494,77.20707347086118,2025-02-07 06:09:10,6,7,4,2,0,0.7789068715264303,0.2313888888888889,3.3662241746640444
U001,28.617235265980067,77.20853091810966,2025-02-07 06:18:56,6,7,4,2,0,0.4427994188197177,0.16277777777777777,2.7202694671518493
U001,28.618754438097223,77.20912986148437,2025-02-07 06:20:16,6,7,4,2,0,0.1787549710439174,0.022222222222222223,8.043973696976282
U001,28.6166224839174,77.20935309306958,2025-02-07 06:40:39,6,7,4,2,0,0.23806179795014806,0.3397222222222222,0.700754270335677
U001,28.615053747295526,77.20866355084993,2025-02-07 06:53:42,6,7,4,2,0,0.18697091857432008,0.2175,0.8596364072382532
U001,28.61442181560711,77.20969861869646,2025-02-07 07:03:30,7,7,4,2,0,0.12306884644618983,0.16333333333333333,0.7534827333440194
U001,28.614895140643853,77.2093653711067,2025-02-07 07:10:00,7,7,4,2,0,0.06187266838326767,0.10833333333333334,0.5711323235378555
U001,28.61253798338153,77.21125932706389,2025-02-07 07:51:27,7,7,4,2,0,0.3207462985037321,0.6908333333333333,0.46428897250238665
U001,28.61192947024752,77.21101264642202,2025-02-07 07:54:47,7,7,4,2,0,0.07182063147079185,0.05555555555555555,1.2927713664742533
U001,28.626890074212884,77.2192266920185,2025-02-07 08:17:38,8,7,4,2,0,1.8466742439639507,0.38083333333333336,4.849035213909717
U001,28.634315427335704,77.2143173860921,2025-02-07 08:20:15,8,7,4,2,0,0.9546174721805228,0.043611111111111114,21.88931783343874
U001,28.63054716035067,77.2203211871025,2025-02-07 08:31:06,8,7,4,2,0,0.7203560502662688,0.18083333333333335,3.9835357618411176
U001,28.6343577851836,77.22144724466133,2025-02-07 08:39:55,8,7,4,2,0,0.4377424539086641,0.14694444444444443,2.9789656598699263
U001,28.63191890798377,77.2204775143953,2025-02-07 08:48:19,8,7,4,2,0,0.2872308940793777,0.14,2.051649243424126
U001,28.63043730634866,77.21512207991753,2025-02-07 09:05:33,9,7,4,2,0,0.5480301367902936,0.2872222222222222,1.908035292500055
U001,28.62977254947521,77.21799751763342,2025-02-07 09:28:02,9,7,4,2,0,0.2902119421777924,0.37472222222222223,0.7744721955819515
U001,28.63155778855026,77.218137077941,2025-02-07 09:47:21,9,7,4,2,0,0.19897628486270502,0.3219444444444444,0.618045405958359
U001,28.63227447207979,77.21770588914379,2025-02-07 09:55:10,9,7,4,2,0,0.09012061059819235,0.13027777777777777,0.6917573521396427
U001,28.630035260062453,77.21710149609935,2025-02-07 10:19:20,10,7,4,2,0,0.25588099277607806,0.4027777777777778,0.6352907406854352
U001,28.635493382540474,77.22119993315725,2025-02-07 10:31:39,10,7,4,2,0,0.726871327439388,0.20527777777777778,3.5409158034936357
U001,28.63593888647892,77.21749226661609,2025-02-07 10:47:53,10,7,4,2,0,0.36522139541754084,0.27055555555555555,1.3498942746438882
U001,28.630223743435284,77.22022896807866,2025-02-07 10:49:09,10,7,4,2,0,0.6893418475456091,0.021111111111111112,32.65303488373938
U001,28.633882185822003,77.21876841141825,2025-02-07 11:06:38,11,7,4,2,0,0.4310521642533327,0.29138888888888886,1.479301993624402
U001,28.63117985646448,77.21511071300826,2025-02-07 11:14:23,11,7,4,2,0,0.46661168473970965,0.12916666666666668,3.6124775592751712
U001,28.629838106012347,77.21705213305525,2025-02-07 11:36:53,11,7,4,2,0,0.24116849200164905,0.375,0.6431159786710642
U001,28.6327717042338,77.21494015107585,2025-02-07 11:55:50,11,7,4,2,0,0.38586913446543303,0.31583333333333335,1.2217492384129804
U001,28.629111477035885,77.21909758940677,2025-02-07 12:08:29,12,7,4,2,0,0.5747076524377642,0.21083333333333334,2.7258860985190396
U001,28.62673659286801,77.2166269597983,2025-02-07 12:26:12,12,7,4,2,0,0.35760667196581575,0.29527777777777775,1.2110856247196018
U001,28.62815019860723,77.21686773451245,2025-02-07 12:47:36,12,7,4,2,0,0.15893276251489527,0.3566666666666667,0.4456058762099867
U001,28.63102995111448,77.21770798114065,2025-02-07 12:50:23,12,7,4,2,0,0.33054834901163527,0.04638888888888889,7.125593152346628
U001,28.63061691499664,77.21987552567606,2025-02-07 12:55:41,12,7,4,2,0,0.21647736976388773,0.08833333333333333,2.4506872048742006
U001,28.632855211289293,77.21734163366227,2025-02-07 13:09:49,13,7,4,2,0,0.3508606533936753,0.23555555555555555,1.4895027738410744
U001,28.63303490171816,77.2237046926824,2025-02-07 13:20:18,13,7,4,2,0,0.6213344672928564,0.17472222222222222,3.556127316779464
U001,28.62912991377789,77.21678019275959,2025-02-07 13:28:21,13,7,4,2,0,0.8032901141113747,0.13416666666666666,5.987255508904657
U001,28.63299950564604,77.21909946939411,2025-02-07 13:37:33,13,7,4,2,0,0.486186985684238,0.15333333333333332,3.1707846892450307
U001,28.63009907112385,77.21631587004026,2025-02-07 14:19:55,14,7,4,2,0,0.4216889038661328,0.7061111111111111,0.5971990770724146
U001,28.63150707044753,77.21836417549446,2025-02-07 14:21:03,14,7,4,2,0,0.2539222384126397,0.01888888888888889,13.442942033610338
U001,28.628971903943725,77.21553664250712,2025-02-07 14:21:10,14,7,4,2,0,0.3944906348143622,0.0019444444444444444,202.88089790452912
U001,28.61523248073077,77.2079642279409,2025-02-07 15:12:13,15,7,4,2,0,1.6971531746771205,0.8508333333333333,1.9946952101983786
U001,28.61174478672573,77.21035868850427,2025-02-07 15:44:39,15,7,4,2,0,0.45280400337951715,0.5405555555555556,0.8376641378038344
U001,28.614718009992004,77.20795295417314,2025-02-07 15:50:52,15,7,4,2,0,0.40552311929988405,0.10361111111111111,3.9138960575860122
U001,28.617048046608023,77.2074392234332,2025-02-07 15:55:35,15,7,4,2,0,0.26389656480387175,0.07861111111111112,3.356988103512149
U001,28.628056858819072,77.21769843944554,2025-02-07 16:05:17,16,7,4,2,0,1.581521319726816,0.16166666666666665,9.782606101402987
U001,28.629504334328,77.21768108911704,2025-02-07 16:13:46,16,7,4,2,0,0.16096084105764116,0.1413888888888889,1.1384263807613126
U001,28.63020442201234,77.22104802197256,2025-02-07 16:19:51,16,7,4,2,0,0.33770579733814615,0.10138888888888889,3.3307969052529485
U001,28.63256712780786,77.21662045694245,2025-02-07 16:49:41,16,7,4,2,0,0.5057188557575981,0.49722222222222223,1.017088201523661
U001,28.63289499236741,77.21696175882613,2025-02-07 16:56:16,16,7,4,2,0,0.04938277696913132,0.10972222222222222,0.450070878706007
U001,28.62988657269945,77.2170118433401,2025-02-07 17:18:16,17,7,4,2,0,0.33455671618769794,0.36666666666666664,0.9124274077846308
U001,28.63402995671658,77.21728925974614,2025-02-07 17:22:44,17,7,4,2,0,0.4615181543299158,0.07444444444444444,6.1994975954764815
U001,28.632011054753107,77.21815481310074,2025-02-07 17:32:00,17,7,4,2,0,0.2398594050338416,0.15444444444444444,1.5530465074133628
U001,28.63086292192304,77.21721695370191,2025-02-07 17:40:40,17,7,4,2,0,0.15708939981200898,0.14444444444444443,1.0875419986985237
U001,28.62876731029756,77.21570779100847,2025-02-07 18:17:20,18,7,4,2,0,0.27567075375548344,0.6111111111111112,0.4510975970544274
U001,28.630176992707803,77.21743490198416,2025-02-07 18:18:44,18,7,4,2,0,0.23018436331135197,0.023333333333333334,9.865044141915083
U001,28.630308907412413,77.21679678250912,2025-02-07 18:44:43,18,7,4,2,0,0.06398394422536048,0.4330555555555556,0.1477499674222564
U001,28.63446831088611,77.21632334618405,2025-02-07 18:53:14,18,7,4,2,0,0.46480691638442173,0.14194444444444446,3.274569273941131
U001,28.63219585354691,77.21454478615411,2025-02-07 18:54:05,18,7,4,2,0,0.30656219543113084,0.014166666666666666,21.639684383373943
U001,28.612443658335327,77.22857194018648,2025-02-07 19:11:04,19,7,4,2,0,2.588141236995441,0.28305555555555556,9.143580425106562
U001,28.60965811351175,77.22783666944261,2025-02-07 19:33:15,19,7,4,2,0,0.3179458239120061,0.36972222222222223,0.8599586522037731
U001,28.61546408091607,77.23212099043698,2025-02-07 19:48:09,19,7,4,2,0,0.7692183001126746,0.24833333333333332,3.0975233561584212
U001,28.61062694736531,77.23430992284952,2025-02-07 19:49:10,19,7,4,2,0,0.5787525937756933,0.016944444444444446,34.15589078020485
U001,28.608012487507114,77.22988462367111,2025-02-07 19:52:17,19,7,4,2,0,0.520703043493977,0.051944444444444446,10.024229714322551
U001,28.612545118229107,77.22979053685405,2025-02-07 20:01:02,20,7,4,2,0,0.504089219036313,0.14583333333333334,3.4566117876775744
U001,28.614320376454547,77.22656996316125,2025-02-07 20:04:16,20,7,4,2,0,0.37121239098053954,0.05388888888888889,6.888477358401765
U001,28.608612961798,77.23002085689484,2025-02-07 20:06:58,20,7,4,2,0,0.7184984216440643,0.045,15.966631592090318
U001,28.610302613250266,77.22889382229411,2025-02-07 20:11:52,20,7,4,2,0,0.21772324528256135,0.08166666666666667,2.6659989218272817
U001,28.61438526060543,77.2081032579759,2025-02-07 21:21:12,21,7,4,2,0,2.079641021977166,1.1555555555555554,1.7996893459417784
U001,28.61314811682546,77.21171223271247,2025-02-07 21:23:07,21,7,4,2,0,0.3781941371877461,0.03194444444444444,11.839120816312052
U001,28.611272478681727,77.20852226671175,2025-02-07 21:31:06,21,7,4,2,0,0.3747832649307867,0.13305555555555557,2.816742700941194
U001,28.614618995696823,77.21139420334259,2025-02-07 21:31:42,21,7,4,2,0,0.46590049951675494,0.01,46.590049951675496
U001,28.61147501089776,77.21145429723457,2025-02-07 21:56:45,21,7,4,2,0,0.34964437087034117,0.4175,0.8374715469948292
U001,28.612522301232023,77.20864134916471,2025-02-07 22:13:37,22,7,4,2,0,0.29826250738187693,0.2811111111111111,1.0610128721094436
U001,28.612676916992942,77.20934914254292,2025-02-07 22:17:24,22,7,4,2,0,0.0711985665105713,0.06305555555555556,1.1291402618416593
U001,28.6119838684803,77.20335651568162,2025-02-07 22:40:06,22,7,4,2,0,0.5900292987916609,0.37833333333333335,1.5595488073788393
U001,28.61602212148406,77.20795553863337,2025-02-07 23:01:13,23,7,4,2,0,0.6349559994708035,0.35194444444444445,1.8041370150709493
U001,28.613786830661144,77.2076798119677,2025-02-07 23:25:49,23,7,4,2,0,0.25000597997075913,0.41,0.6097706828555101
U001,28.61481096785527,77.20769179225945,2025-02-07 23:27:19,23,7,4,2,0,0.11388486463747688,0.025,4.555394585499075
U001,28.61264306956832,77.20749125465449,2025-02-07 23:47:26,23,7,4,2,0,0.24185280063825193,0.3352777777777778,0.7213505238589121
U001,28.61500138421681,77.20878993211072,2025-02-07 23:59:16,23,7,4,2,0,0.29126704050544616,0.19722222222222222,1.4768469659431074
U001,28.61265507524352,77.20787791237576,2025-02-08 00:03:12,0,8,5,2,1,0.2756687528523747,0.06555555555555556,4.205116568934529
U001,28.614382655035275,77.20771069450508,2025-02-08 00:16:27,0,8,5,2,1,0.19279035484591112,0.22083333333333333,0.8730129276041259
U001,28.616011993527497,77.20986956964603,2025-02-08 00:58:52,0,8,5,2,1,0.27790850418670177,0.7069444444444445,0.39311222596154277
U001,28.61334250932669,77.20795415210554,2025-02-08 00:59:00,0,8,5,2,1,0.35081046155083623,0.0022222222222222222,157.8647076978763
U001,28.61218806309258,77.21037228859835,2025-02-08 00:59:30,0,8,5,2,1,0.2686946869139003,0.008333333333333333,32.24336242966804
U001,28.616190141353574,77.21078643782636,2025-02-08 01:17:39,1,8,5,2,1,0.44684330176930687,0.3025,1.4771679397332458
U001,28.617170055456903,77.20972876649193,2025-02-08 01:19:39,1,8,5,2,1,0.15010442701393953,0.03333333333333333,4.503132810418186
U001,28.61584547169421,77.20759822835416,2025-02-08 01:28:14,1,8,5,2,1,0.25483970525268573,0.14305555555555555,1.7814037648731431
U001,28.613641726750654,77.21137294576994,2025-02-08 01:50:46,1,8,5,2,1,0.44250715837376864,0.37555555555555553,1.178273498628378
U001,28.610735497028617,77.20642637885696,2025-02-08 01:53:31,1,8,5,2,1,0.5810236316282751,0.04583333333333333,12.676879235526004
U001,28.61515400787697,77.20529513024597,2025-02-08 02:06:16,2,8,5,2,1,0.5035727784622247,0.2125,2.3697542515869396
U001,28.614069249456595,77.2109764709909,2025-02-08 02:10:07,2,8,5,2,1,0.5675422848374565,0.06416666666666666,8.844814828635686
U001,28.6156243033972,77.21157614893099,2025-02-08 02:41:34,2,8,5,2,1,0.18255362734706035,0.5241666666666667,0.34827401083699905
U001,28.610960131694995,77.20809143785604,2025-02-08 03:09:33,3,8,5,2,1,0.6202322392836821,0.4663888888888889,1.3298606679102176
U001,28.61497103867308,77.20889301953733,2025-02-08 03:12:47,3,8,5,2,1,0.45280441765401824,0.05388888888888889,8.402556203888999
U001,28.61555095911429,77.21568879843686,2025-02-08 03:14:03,3,8,5,2,1,0.6664837028700846,0.021111111111111112,31.570280662267166
U001,28.6102427446892,77.20871654349921,2025-02-08 03:33:20,3,8,5,2,1,0.9008914023373219,0.3213888888888889,2.803119315829178
U001,28.61299912795505,77.20947035641943,2025-02-08 03:57:03,3,8,5,2,1,0.315205301546827,0.3952777777777778,0.7974273264712419
U001,28.61455868355755,77.2094593236039,2025-02-08 04:05:51,4,8,5,2,1,0.17341801493090186,0.14666666666666667,1.182395556347058
U001,28.614384431699825,77.21033003030101,2025-02-08 04:10:19,4,8,5,2,1,0.08717359348005846,0.07444444444444444,1.1709885691351136
U001,28.61622439516987,77.21053185619928,2025-02-08 04:14:46,4,8,5,2,1,0.205540931728217,0.07416666666666667,2.771338405324274
U001,28.61512331255418,77.20704813267204,2025-02-08 04:29:14,4,8,5,2,1,0.3614251002307594,0.2411111111111111,1.498998111556145
U001,28.61409472200853,77.20883919883192,2025-02-08 04:35:32,4,8,5,2,1,0.20892066795617822,0.105,1.9897206472016975
U001,28.61406992449231,77.20740284689877,2025-02-08 05:13:06,5,8,5,2,1,0.14023540822343902,0.6261111111111111,0.22397846921223627
U001,28.614285003835576,77.21303263132697,2025-02-08 05:15:43,5,8,5,2,1,0.5500663685572255,0.043611111111111114,12.61298679494275
U001,28.615860891788387,77.21078866638292,2025-02-08 05:22:56,5,8,5,2,1,0.2805078315869188,0.12027777777777778,2.332166729129117
U001,28.618516300419152,77.20856236350578,2025-02-08 05:36:27,5,8,5,2,1,0.36661668937491054,0.22527777777777777,1.627398374537211
U001,28.61198138163952,77.20922534155248,2025-02-08 06:13:03,6,8,5,2,1,0.729525891741443,0.61,1.1959440848220377
U001,28.61152463881377,77.2129962772483,2025-02-08 06:33:38,6,8,5,2,1,0.37159197201782174,0.34305555555555556,1.0831830763272536
U001,28.61173157296405,77.2036359376164,2025-02-08 06:45:55,6,8,5,2,1,0.9140127878907031,0.20472222222222222,4.46464862470357
U001,28.615962500103663,77.20988636984254,2025-02-08 06:52:27,6,8,5,2,1,0.7704489380639509,0.10888888888888888,7.075551472015876
U001,28.61211550737577,77.20930385479386,2025-02-08 07:02:08,7,8,5,2,1,0.43152876176429,0.1613888888888889,2.6738443069732254
U001,28.6132724498636,77.20783196188474,2025-02-08 07:07:38,7,8,5,2,1,0.19285649237437494,0.09166666666666666,2.103889007720454
U001,28.618776031340435,77.21088058511587,2025-02-08 07:39:08,7,8,5,2,1,0.6804877107187147,0.525,1.296167068035647
U001,28.62805444690657,77.1886042091921,2025-02-08 08:03:05,8,8,5,2,1,2.406656796701664,0.39916666666666667,6.02920283098538
U001,28.622530239616104,77.19497773859875,2025-02-08 08:19:05,8,8,5,2,1,0.8742448191524299,0.26666666666666666,3.278418071821612
U001,28.6209327795088,77.19690591056785,2025-02-08 08:21:20,8,8,5,2,1,0.2587907763980799,0.0375,6.901087370615464
U001,28.623352970184254,77.19415274080987,2025-02-08 09:18:18,9,8,5,2,1,0.3803108815755318,0.9494444444444444,0.40056149024924353
U001,28.62614406923116,77.1974641329084,2025-02-08 09:24:08,9,8,5,2,1,0.44808812223328937,0.09722222222222222,4.608906400113834
U001,28.625721642322898,77.19252983088677,2025-02-08 09:53:52,9,8,5,2,1,0.48388862509737846,0.4955555555555556,0.9764568667884318
U001,28.625018327206394,77.19632918865956,2025-02-08 10:07:33,10,8,5,2,1,0.3789879550482083,0.22805555555555557,1.6618229454001825
U001,28.626853077501423,77.19696023438098,2025-02-08 10:31:19,10,8,5,2,1,0.2131095256151797,0.39611111111111114,0.5380044124927398
U001,28.62492722279209,77.19480401088475,2025-02-08 10:33:36,10,8,5,2,1,0.30024857582060677,0.03805555555555556,7.889743598205725
U001,28.624769477988323,77.19390177462596,2025-02-08 10:52:22,10,8,5,2,1,0.0897918940882881,0.31277777777777777,0.2870788798559833
U001,28.62675202602966,77.19786051613663,2025-02-08 10:56:46,10,8,5,2,1,0.4448508094082366,0.07333333333333333,6.066147401021409
U001,28.59772729774259,77.20742947205417,2025-02-08 11:26:09,11,8,5,2,1,3.3598565961287457,0.4897222222222222,6.860739504290121
U001,28.597931660892133,77.20140411596284,2025-02-08 11:35:36,11,8,5,2,1,0.5886898633618881,0.1575,3.7377134181707183
U001,28.60035126601075,77.20588744679527,2025-02-08 11:40:18,11,8,5,2,1,0.5137771957055736,0.07833333333333334,6.55885781751796
U001,28.603568315663583,77.20506238931944,2025-02-08 11:46:04,11,8,5,2,1,0.36667569578062675,0.0961111111111111,3.815122846272417
U001,28.6003210423966,77.2054721513913,2025-02-08 11:57:52,11,8,5,2,1,0.36328948324793087,0.19666666666666666,1.8472346605826995
U001,28.597140979327914,77.20332018590766,2025-02-08 12:24:32,12,8,5,2,1,0.4113111961920292,0.4444444444444444,0.9254501914320657
U001,28.601505697018045,77.20481644684037,2025-02-08 12:47:41,12,8,5,2,1,0.5068411667384639,0.3858333333333333,1.3136272140089778
U001,28.594948993371634,77.2025753441683,2025-02-08 12:59:40,12,8,5,2,1,0.7611951812836938,0.19972222222222222,3.8112693360518746
U001,28.600571884237123,77.20207348619844,2025-02-08 13:03:39,13,8,5,2,1,0.6271537623015763,0.06638888888888889,9.446667549312446
U001,28.599927622227845,77.20502637600431,2025-02-08 13:55:47,13,8,5,2,1,0.2970496830784669,0.8688888888888889,0.34187303679107445
U001,28.60341478648108,77.20786691040902,2025-02-08 13:57:25,13,8,5,2,1,0.47671195625113433,0.02722222222222222,17.511867780653915
U001,28.600000848445674,77.20173297827185,2025-02-08 14:10:06,14,8,5,2,1,0.7090149082523008,0.21138888888888888,3.354078409603526
U001,28.60216582644393,77.20247323775402,2025-02-08 14:16:27,14,8,5,2,1,0.2513481766583729,0.10583333333333333,2.3749434014964366
U001,28.597981620192165,77.20205373449508,2025-02-08 14:26:18,14,8,5,2,1,0.4670615658118306,0.16416666666666666,2.845045070935009
U001,28.60002736946004,77.20512058635268,2025-02-08 14:48:56,14,8,5,2,1,0.3760223385684916,0.37722222222222224,0.9968191596808319
U001,28.63873394710901,77.22548991834661,2025-02-08 15:02:22,15,8,5,2,1,4.741020955317043,0.2238888888888889,21.175775979083568
U001,28.639526569553528,77.2242627696805,2025-02-08 15:08:42,15,8,5,2,1,0.14869426685600146,0.10555555555555556,1.4086825281094875
U001,28.638455067287133,77.22491430993647,2025-02-08 15:17:30,15,8,5,2,1,0.13505059272771885,0.14666666666666667,0.9207994958708103
U001,28.63711689944372,77.22563223766491,2025-02-08 15:32:46,15,8,5,2,1,0.16446782661031126,0.2544444444444444,0.6463801045820093
U001,28.64216440877052,77.22499534773436,2025-02-08 16:09:30,16,8,5,2,1,0.564688466819888,0.6122222222222222,0.9223586572375667
U001,28.6432483143323,77.22532048323752,2025-02-08 16:35:32,16,8,5,2,1,0.12463132825311997,0.4338888888888889,0.28724249789451467
U001,28.63939981611395,77.22425927963658,2025-02-08 16:56:12,16,8,5,2,1,0.4402863511298384,0.34444444444444444,1.278250696828563
U001,28.636540508907565,77.22594825402345,2025-02-08 17:12:12,17,8,5,2,1,0.3581273038033011,0.26666666666666666,1.342977389262379
U001,28.6385967216494,77.22543430615748,2025-02-08 17:24:37,17,8,5,2,1,0.2340773497910207,0.20694444444444443,1.131112025835805
U001,28.64287090620649,77.2232206165375,2025-02-08 17:31:43,17,8,5,2,1,0.5220626560420795,0.11833333333333333,4.411797093313347
U001,28.64016244646508,77.22505252326751,2025-02-08 17:32:33,17,8,5,2,1,0.3502305679258557,0.013888888888888888,25.216600890661613
U001,28.6403565473878,77.22462205253566,2025-02-08 17:57:46,17,8,5,2,1,0.04722955660577747,0.42027777777777775,0.11237700183793714
U001,28.639288771608047,77.22296813931204,2025-02-08 18:08:22,18,8,5,2,1,0.2003719907357934,0.17666666666666667,1.1341810796365663
U001,28.6370192447633,77.22666930351191,2025-02-08 18:12:44,18,8,5,2,1,0.4406282705925114,0.07277777777777777,6.054434252416188
U001,28.639090298824563,77.22246091715091,2025-02-08 18:15:46,18,8,5,2,1,0.47086288184811903,0.050555555555555555,9.313771289303453
U001,28.640640451553104,77.22594206255734,2025-02-08 18:20:35,18,8,5,2,1,0.3809522720934881,0.08027777777777778,4.7454262267700935
U001,28.63960365852602,77.22497710901649,2025-02-08 18:24:00,18,8,5,2,1,0.148858444836717,0.05694444444444444,2.614099519083811
U001,28.613567233064447,77.20832719311643,2025-02-08 19:10:17,19,8,5,2,1,3.3200265906046096,0.7713888888888889,4.303959570103203
U001,28.612822151515417,77.21004057975829,2025-02-08 19:14:50,19,8,5,2,1,0.1866475576376367,0.07583333333333334,2.461286474342462
U001,28.613198415631523,77.20835494164453,2025-02-08 19:46:14,19,8,5,2,1,0.169779706647657,0.5233333333333333,0.32441982161972677
U001,28.616851845620445,77.20598956089503,2025-02-08 19:58:09,19,8,5,2,1,0.4672736558077474,0.1986111111111111,2.3527065187522944
U001,28.61231459209402,77.20706842208403,2025-02-08 20:13:07,20,8,5,2,1,0.5153935776038288,0.24944444444444444,2.066165789948534
U001,28.61478415463717,77.2100200300636,2025-02-08 20:22:38,20,8,5,2,1,0.3980200635821284,0.15861111111111112,2.509408456910091
U001,28.611187634369003,77.21043565317746,2025-02-08 20:34:47,20,8,5,2,1,0.4019674981471345,0.2025,1.9850246822080715
U001,28.61783056477428,77.21003442058158,2025-02-08 20:52:15,20,8,5,2,1,0.7396977711413594,0.2911111111111111,2.5409465420886392
U001,28.615983419047065,77.20892100317216,2025-02-08 21:01:18,21,8,5,2,1,0.23237521871320282,0.15083333333333335,1.5406091848389136
U001,28.614652452166467,77.2105316225122,2025-02-08 21:06:14,21,8,5,2,1,0.21591747988034987,0.08222222222222222,2.6260234039502013
U001,28.61372217401719,77.20971060889288,2025-02-08 21:26:01,21,8,5,2,1,0.13085529451335165,0.32972222222222225,0.39686525715928045
U001,28.60918691535303,77.20818134394243,2025-02-08 21:47:33,21,8,5,2,1,0.5259289295115441,0.35888888888888887,1.465436645697801
U001,28.616175435836045,77.20639508445099,2025-02-08 21:56:57,21,8,5,2,1,0.7964103787032099,0.15666666666666668,5.083470502360914
U001,28.611758610260697,77.21404897616058,2025-02-08 22:06:48,22,8,5,2,1,0.894096843301405,0.16416666666666666,5.446275187622772
U001,28.613965142473884,77.20668814059385,2025-02-08 22:26:01,22,8,5,2,1,0.7592659547819209,0.3202777777777778,2.3706482543060843
U001,28.61218507851745,77.20467804757162,2025-02-08 22:39:42,22,8,5,2,1,0.27870844700976616,0.22805555555555557,1.2221076848174885
U001,28.61130952088469,77.21486955676453,2025-02-08 23:14:45,23,8,5,2,1,0.9996101905544231,0.5841666666666666,1.7111729367550754
U001,28.613295695247263,77.20785805195699,2025-02-08 23:19:16,23,8,5,2,1,0.7191838827740192,0.07527777777777778,9.553734236112433
U001,28.61805862851252,77.20763071163893,2025-02-08 23:25:56,23,8,5,2,1,0.530078728748756,0.1111111111111111,4.770708558738804
U001,28.612347861248622,77.21045066262695,2025-02-09 00:04:16,0,9,6,2,1,0.6921025908997104,0.6388888888888888,1.083291011843025
U001,28.61362400346152,77.2114079720031,2025-02-09 00:29:37,0,9,6,2,1,0.16990667830949957,0.4225,0.40214598416449604
U001,28.612906348398187,77.20985676774858,2025-02-09 00:33:32,0,9,6,2,1,0.1711613322195735,0.06527777777777778,2.6220459403849556
U001,28.61544247398644,77.20865887713684,2025-02-09 01:07:29,1,9,6,2,1,0.3052855734190001,0.5658333333333333,0.5395326776182623
U001,28.6142219201024,77.20854375253313,2025-02-09 01:15:17,1,9,6,2,1,0.13618385220212276,0.13,1.0475680938624827
U001,28.61466707372657,77.20849088932917,2025-02-09 01:33:16,1,9,6,2,1,0.04976706834002873,0.2997222222222222,0.1660439722188169
U001,28.613805651924203,77.21100330301124,2025-02-09 01:33:22,1,9,6,2,1,0.26328863296755295,0.0016666666666666668,157.97317978053175
U001,28.61356948258344,77.20854323483547,2025-02-09 02:07:13,2,9,6,2,1,0.24157004475498406,0.5641666666666667,0.4281891487532952
U001,28.61392322889558,77.21088726190582,2025-02-09 02:28:08,2,9,6,2,1,0.2321673783375282,0.3486111111111111,0.6659781370638259
U001,28.616887375755685,77.21073748524091,2025-02-09 02:35:42,2,9,6,2,1,0.32992218960476655,0.12611111111111112,2.616123089377003
U001,28.615670391941336,77.21021992718599,2025-02-09 02:43:47,2,9,6,2,1,0.1444452265934147,0.13472222222222222,1.0721707540954493
U001,28.616638489737483,77.20695630722696,2025-02-09 02:59:14,2,9,6,2,1,0.3362653271376307,0.2575,1.3058847655830317
U001,28.614551316548503,77.21076673547378,2025-02-09 03:04:42,3,9,6,2,1,0.438413836851069,0.09111111111111111,4.811859184950757
U001,28.615359692559853,77.20750671393517,2025-02-09 03:07:11,3,9,6,2,1,0.3306731644864236,0.04138888888888889,7.989418739269294
U001,28.6143548502577,77.2073599690097,2025-02-09 03:23:46,3,9,6,2,1,0.11264781415658298,0.2763888888888889,0.4075699808680389
U001,28.61318648728106,77.20806234886422,2025-02-09 04:25:39,4,9,6,2,1,0.1468978651778056,1.031388888888889,0.14242723259900353
U001,28.61938685947919,77.20623837319326,2025-02-09 04:33:15,4,9,6,2,1,0.7120675585466175,0.12666666666666668,5.621585988525927
U001,28.617786054093173,77.20979468491966,2025-02-09 04:39:57,4,9,6,2,1,0.3901087062075681,0.11166666666666666,3.493510801858819
U001,28.61102134056513,77.21229381590884,2025-02-09 04:49:56,4,9,6,2,1,0.7907712126500126,0.1663888888888889,4.752548189549325
U001,28.610874088644284,77.20680034652203,2025-02-09 05:27:30,5,9,6,2,1,0.5365063546962263,0.6261111111111111,0.856886813179421
U001,28.609915687893004,77.2071978397881,2025-02-09 05:30:25,5,9,6,2,1,0.11341356738090116,0.04861111111111111,2.3330791004071094
U001,28.61349055207721,77.2102327238308,2025-02-09 05:41:01,5,9,6,2,1,0.4957603126076435,0.17666666666666667,2.8061904487225107
U001,28.613845437721668,77.21081890313276,2025-02-09 06:20:47,6,9,6,2,1,0.06950751554238603,0.6627777777777778,0.10487303267082553
U001,28.61774512282461,77.2124973471269,2025-02-09 06:41:15,6,9,6,2,1,0.46354444707199,0.3411111111111111,1.358925089136127
U001,28.61270468949242,77.20993589757649,2025-02-09 06:44:06,6,9,6,2,1,0.6137123371780235,0.0475,12.920259730063654
U001,28.61043030270344,77.20966974654479,2025-02-09 06:47:03,6,9,6,2,1,0.25423128478566653,0.049166666666666664,5.170805792250845
U001,28.61053165574916,77.20710573061685,2025-02-09 07:06:11,7,9,6,2,1,0.25054645840078826,0.3188888888888889,0.7856857580512524
U001,28.611442479371103,77.205041651542,2025-02-09 07:16:53,7,9,6,2,1,0.2255113430090524,0.17833333333333334,1.264549586966649
U001,28.61328702582336,77.21339807546141,2025-02-09 07:56:15,7,9,6,2,1,0.841109227551817,0.6561111111111111,1.2819615661247001
U001,28.616551506793115,77.21004344437432,2025-02-09 08:22:54,8,9,6,2,1,0.48886856094752873,0.44416666666666665,1.1006421634841173
U001,28.612689005174555,77.20819655008961,2025-02-09 08:23:48,8,9,6,2,1,0.4657937376237507,0.015,31.05291584158338
U001,28.61750204632305,77.20365151994693,2025-02-09 08:39:39,8,9,6,2,1,0.6951644405500937,0.26416666666666666,2.6315373143852128
U001,28.61490213788669,77.20648010053445,2025-02-09 08:59:00,8,9,6,2,1,0.3997627542702743,0.3225,1.2395744318458117
U001,28.61328974123616,77.21030673908275,2025-02-09 09:14:01,9,9,6,2,1,0.4143340860373215,0.25027777777777777,1.655496903145791
U001,28.6131066081376,77.21046323779865,2025-02-09 09:21:53,9,9,6,2,1,0.025456749609268057,0.13111111111111112,0.194161649562214
U001,28.61483349997332,77.21104966148582,2025-02-09 09:31:39,9,9,6,2,1,0.20037239550860697,0.16277777777777777,1.2309566959573126
U001,28.626248213611337,77.1932909057366,2025-02-09 10:06:35,10,9,6,2,1,2.1484157952292002,0.5822222222222222,3.6900271292104585
U001,28.62337885132764,77.19306225088604,2025-02-09 10:10:36,10,9,6,2,1,0.31983812027488395,0.06694444444444445,4.777664867176689
U001,28.62386305255438,77.19498973898469,2025-02-09 10:19:28,10,9,6,2,1,0.1956856391025088,0.14777777777777779,1.3241885352801346
U001,28.6229043234915,77.1948265512503,2025-02-09 10:40:29,10,9,6,2,1,0.10778914696368516,0.3502777777777778,0.30772476532059206
U001,28.624844233799884,77.19339979491943,2025-02-09 10:57:52,10,9,6,2,1,0.2567547288122203,0.2897222222222222,0.8862099939827354
U001,28.62549012010891,77.19496202039828,2025-02-09 11:22:12,11,9,6,2,1,0.16854651600452247,0.40555555555555556,0.4155941490522472
U001,28.62540025876674,77.19561092982146,2025-02-09 11:26:25,11,9,6,2,1,0.06411925301841077,0.07027777777777777,0.9123688176532759
U001,28.626062561373523,77.19861026304054,2025-02-09 11:33:37,11,9,6,2,1,0.30186609087186445,0.12,2.515550757265537
U001,28.624733922603266,77.19289994906265,2025-02-09 12:05:04,12,9,6,2,1,0.5765957783892196,0.5241666666666667,1.10002374255495
U001,28.624402749811622,77.19577358168095,2025-02-09 12:38:14,12,9,6,2,1,0.2828863146900245,0.5527777777777778,0.5117541371276825
U001,28.62334324639674,77.19115888701496,2025-02-09 12:44:44,12,9,6,2,1,0.46557010293047274,0.10833333333333334,4.297570180896671
U001,28.621778430010124,77.1918796274337,2025-02-09 12:49:13,12,9,6,2,1,0.1876827879131692,0.07472222222222222,2.511739912592599
U001,28.59761259379321,77.20186262920903,2025-02-09 13:00:14,13,9,6,2,1,2.858373745346758,0.1836111111111111,15.567542334717592
U001,28.59760719419097,77.20511985811005,2025-02-09 13:41:00,13,9,6,2,1,0.31800210746851315,0.6794444444444444,0.4680325375660864
U001,28.600809413370687,77.20539298412737,2025-02-09 13:52:43,13,9,6,2,1,0.3570675406634818,0.19527777777777777,1.8285108767973464
U001,28.598957424362137,77.20404630916865,2025-02-09 14:10:07,14,9,6,2,1,0.24432124407367942,0.29,0.8424870485299291
U001,28.597636910635167,77.2062794464782,2025-02-09 14:34:03,14,9,6,2,1,0.26285443824880894,0.3988888888888889,0.6589665582839221
U001,28.604504957659547,77.20109699666021,2025-02-09 14:53:24,14,9,6,2,1,0.9160807551240535,0.3225,2.840560481004817
U001,28.602576509623496,77.20320469994664,2025-02-09 15:12:41,15,9,6,2,1,0.29718669009134646,0.3213888888888889,0.9246949734907928
U001,28.60134578140348,77.20441925979199,2025-02-09 15:37:57,15,9,6,2,1,0.18107298393566715,0.4211111111111111,0.42998861620606976
U001,28.59909333278136,77.20450122220282,2025-02-09 15:48:13,15,9,6,2,1,0.25058864702959166,0.1711111111111111,1.464479106017094
U001,28.60114427629928,77.20418544156654,2025-02-09 16:02:40,16,9,6,2,1,0.23012882017984473,0.24083333333333334,0.9555521945183864
U001,28.60067513399889,77.20578045821867,2025-02-09 16:28:30,16,9,6,2,1,0.16422152836869322,0.4305555555555556,0.3814177433079326
U001,28.59699020789277,77.20192625931365,2025-02-09 16:37:21,16,9,6,2,1,0.5563065208370138,0.1475,3.771569632793314
U001,28.638987550749267,77.22780708168597,2025-02-09 17:20:06,17,9,6,2,1,5.309404765832757,0.7125,7.451796162572291
U001,28.6392431838688,77.22869121404771,2025-02-09 17:38:56,17,9,6,2,1,0.09084485962475883,0.3138888888888889,0.28941725190188655
U001,28.63837089447793,77.22365540436978,2025-02-09 17:56:03,17,9,6,2,1,0.5009306917288291,0.2852777777777778,1.755940107325983
U001,28.64210561507111,77.22230746812932,2025-02-09 18:05:28,18,9,6,2,1,0.4356181623062238,0.15694444444444444,2.7756201492077976
U001,28.6422374405156,77.2278039377089,2025-02-09 18:12:21,18,9,6,2,1,0.5365899919814013,0.11472222222222223,4.677297750927469
U001,28.638759600696467,77.2240628000089,2025-02-09 18:13:55,18,9,6,2,1,0.5318327941949922,0.026111111111111113,20.368064458531613
U001,28.63685808907961,77.22556095981007,2025-02-09 18:14:25,18,9,6,2,1,0.2570664547950633,0.008333333333333333,30.847974575407594
U001,28.64086460346876,77.22605258116289,2025-02-09 18:26:39,18,9,6,2,1,0.44808007853055787,0.2038888888888889,2.1976679600953792
U001,28.64180777119796,77.22423567374237,2025-02-09 19:04:56,19,9,6,2,1,0.20600400579629244,0.6380555555555556,0.32286217712958326
U001,28.63620779503465,77.22373405386625,2025-02-09 19:14:38,19,9,6,2,1,0.6246102524469436,0.16166666666666665,3.8635685718367645
U001,28.63864138079404,77.22349121089357,2025-02-09 19:14:58,19,9,6,2,1,0.2716382274323679,0.005555555555555556,48.894880937826215
U001,28.639591697070024,77.2231600082807,2025-02-09 19:41:13,19,9,6,2,1,0.11050320081528774,0.4375,0.25257874472065767
U001,28.639844923435795,77.22853686092694,2025-02-09 19:54:06,19,9,6,2,1,0.5254837638096956,0.21472222222222223,2.4472723799675347
U001,28.63831951516016,77.22644722438172,2025-02-09 20:38:35,20,9,6,2,1,0.265249722862505,0.7413888888888889,0.35777407355002544
U001,28.64147461994441,77.22607389525263,2025-02-09 20:46:32,20,9,6,2,1,0.35271833655536083,0.1325,2.6620251815498928
U001,28.637726991933828,77.22558619354754,2025-02-09 20:47:48,20,9,6,2,1,0.4194264288106127,0.021111111111111112,19.867567680502706
U001,28.61524331972597,77.20824663995022,2025-02-09 21:01:55,21,9,6,2,1,3.0190267064128107,0.23527777777777778,12.831754596323634
U001,28.611644406676504,77.20845034033653,2025-02-09 21:10:18,21,9,6,2,1,0.40067456961640835,0.13972222222222222,2.867650995266541
U001,28.615598935781403,77.20891195104869,2025-02-09 21:27:43,21,9,6,2,1,0.44202626589398747,0.2902777777777778,1.5227699112137365
U001,28.61353026352101,77.20744306807951,2025-02-09 21:29:01,21,9,6,2,1,0.27105464041070954,0.021666666666666667,12.510214172801978
U001,28.616627223810056,77.20682937134023,2025-02-09 21:47:11,21,9,6,2,1,0.349537880293379,0.30277777777777776,1.1544370358313436
U001,28.614221298324217,77.20717438235967,2025-02-09 22:06:20,22,9,6,2,1,0.269638119841194,0.31916666666666665,0.8448191744371615
U001,28.613953591298586,77.20863210388927,2025-02-09 22:15:28,22,9,6,2,1,0.14537459161467736,0.15222222222222223,0.955015565351895
U001,28.61296095620885,77.21067420777513,2025-02-09 22:18:38,22,9,6,2,1,0.22785758064543193,0.05277777777777778,4.31730152801871
U001,28.612714478217764,77.20934405875059,2025-02-09 22:20:17,22,9,6,2,1,0.13270393786287274,0.0275,4.825597740468099
U001,28.61411486403611,77.20953059476591,2025-02-09 22:41:19,22,9,6,2,1,0.15677680199958366,0.35055555555555556,0.4472238408862925
U001,28.614009672584647,77.20999728448469,2025-02-09 23:00:21,23,9,6,2,1,0.047033190764814645,0.31722222222222224,0.1482657502218325
U001,28.614711268681067,77.21139979230502,2025-02-09 23:07:41,23,9,6,2,1,0.15757205300589644,0.12222222222222222,1.2892258882300618
U001,28.611638855963644,77.20818943317313,2025-02-09 23:10:31,23,9,6,2,1,0.4635970094237264,0.04722222222222222,9.817348434855383
U001,28.61233971729126,77.21184744217217,2025-02-09 23:19:57,23,9,6,2,1,0.36548597607721034,0.15722222222222224,2.3246457842366732
U001,28.611378658197424,77.2083532899356,2025-02-09 23:47:24,23,9,6,2,1,0.3574349609724837,0.4575,0.7812786032185435
U001,28.612579077532143,77.21123854394327,2025-02-10 00:16:10,0,10,0,2,0,0.3116765312596741,0.47944444444444445,0.6500785124767247
U001,28.61252652028692,77.21031636102211,2025-02-10 00:27:01,0,10,0,2,0,0.09020892984826005,0.18083333333333335,0.49885122496733664
U001,28.61315799398736,77.21069338934055,2025-02-10 00:27:01,0,10,0,2,0,0.0792773376250051,0.0,0.0
U001,28.616731691411584,77.21357196478056,2025-02-10 00:38:24,0,10,0,2,0,0.48668515244659594,0.1897222222222222,2.5652511695574605
U001,28.61358660507332,77.20776839320587,2025-02-10 00:52:52,0,10,0,2,0,0.6657554671274275,0.2411111111111111,2.761197789929423
U001,28.61365502187084,77.20859772064112,2025-02-10 01:07:04,1,10,0,2,0,0.08131113449166835,0.23666666666666666,0.34356817390845784
U001,28.617931279380617,77.21034635870066,2025-02-10 01:11:30,1,10,0,2,0,0.5052061350030856,0.07388888888888889,6.837376263199655
U001,28.610963555247107,77.21003160664583,2025-02-10 01:11:44,1,10,0,2,0,0.7753845262102791,0.0038888888888888888,199.38459245407176
U001,28.61183581953648,77.20523822106097,2025-02-10 01:49:45,1,10,0,2,0,0.47786097275909734,0.6336111111111111,0.7541865418381194
U001,28.615916158411853,77.20984477318962,2025-02-10 01:59:00,1,10,0,2,0,0.6387915549869556,0.15416666666666667,4.143512789104577
U001,28.60993450529141,77.20608801812706,2025-02-10 02:07:55,2,10,0,2,0,0.7595250207990857,0.1486111111111111,5.110822569863006
U001,28.61287633789107,77.2096252567704,2025-02-10 02:44:47,2,10,0,2,0,0.4756395430928377,0.6144444444444445,0.7740969055760468
U001,28.615800558924263,77.21105375326059,2025-02-10 02:46:04,2,10,0,2,0,0.35379643010438555,0.021388888888888888,16.541131797088156
U001,28.61274813007259,77.20485117893408,2025-02-10 02:53:08,2,10,0,2,0,0.6941049526192078,0.11777777777777777,5.893343937332896
U001,28.616187341519865,77.20799795695717,2025-02-10 02:54:43,2,10,0,2,0,0.4905099741286593,0.02638888888888889,18.587746388033406
U001,28.612717510292747,77.20810646457906,2025-02-10 03:01:44,3,10,0,2,0,0.3859729864588204,0.11694444444444445,3.300481594422217
U001,28.615367014435908,77.20769000888676,2025-02-10 03:02:55,3,10,0,2,0,0.29740287908157353,0.01972222222222222,15.079582601319222
U001,28.61477764274599,77.2128680296731,2025-02-10 03:33:27,3,10,0,2,0,0.5096743146667263,0.5088888888888888,1.001543413100554
U001,28.6176753357196,77.20647879372348,2025-02-10 03:56:56,3,10,0,2,0,0.7019823891525659,0.3913888888888889,1.7935674953507716
U001,28.611063018918653,77.20756219433828,2025-02-10 03:59:19,3,10,0,2,0,0.7428227359623414,0.03972222222222222,18.700432513737265
U001,28.61542646402559,77.20955680073776,2025-02-10 04:30:12,4,10,0,2,0,0.5228017014498629,0.5147222222222222,1.0156967756176507
U001,28.61206178594849,77.20639858540999,2025-02-10 04:43:33,4,10,0,2,0,0.4847868719168406,0.2225,2.1788174018734408
U001,28.61172329025963,77.20902178210379,2025-02-10 04:44:37,4,10,0,2,0,0.25881797932825157,0.017777777777777778,14.558511337214151
U001,28.61123613665393,77.20751418080927,2025-02-10 05:26:18,5,10,0,2,0,0.15681956337386785,0.6947222222222222,0.22572987930664704
U001,28.612167040362102,77.21104407544544,2025-02-10 05:26:22,5,10,0,2,0,0.35978741742828774,0.0011111111111111111,323.808675685459
U001,28.614159740503133,77.21310419965208,2025-02-10 05:31:51,5,10,0,2,0,0.29922852453400234,0.0913888888888889,3.2742330952048886
U001,28.61515204413552,77.21003178409404,2025-02-10 05:39:46,5,10,0,2,0,0.31956301451605795,0.13194444444444445,2.421951267911176
U001,28.61991142987961,77.20542967418227,2025-02-10 05:54:34,5,10,0,2,0,0.6941676152836148,0.24666666666666667,2.8141930349335733
U001,28.61214677429604,77.21105202544034,2025-02-10 06:02:48,6,10,0,2,0,1.0230524398122927,0.13722222222222222,7.455442881223186
U001,28.61516512299302,77.20990436148114,2025-02-10 06:26:29,6,10,0,2,0,0.35382851137119226,0.3947222222222222,0.8963987620945054
U001,28.61366935189739,77.2094784927187,2025-02-10 06:40:51,6,10,0,2,0,0.17143856749075476,0.23944444444444443,0.7159847366203215
U001,28.61526463106771,77.2087448139333,2025-02-10 06:45:19,6,10,0,2,0,0.19129859065760615,0.07444444444444444,2.5696825610723217
U001,28.61626459820781,77.20667146886659,2025-02-10 07:04:02,7,10,0,2,0,0.23091779796735834,0.31194444444444447,0.7402529587555565
U001,28.61662770875512,77.20929981465862,2025-02-10 07:10:30,7,10,0,2,0,0.25971568725973393,0.10777777777777778,2.409733180760418
U001,28.615197135079267,77.2087331308035,2025-02-10 07:49:52,7,10,0,2,0,0.1684157528239015,0.6561111111111111,0.2566878535842699
U001,28.630669696186988,77.21623029576658,2025-02-10 08:10:16,8,10,0,2,0,1.8696262177384841,0.34,5.498900640407306
U001,28.634251945472208,77.21583548738238,2025-02-10 08:22:18,8,10,0,2,0,0.4001873051554724,0.20055555555555554,1.995393765318145
U001,28.631350336846506,77.22029042374686,2025-02-10 08:22:39,8,10,0,2,0,0.5414234136972635,0.005833333333333334,92.81544234810232
U001,28.62841185114869,77.21826485532807,2025-02-10 08:37:40,8,10,0,2,0,0.3818968252008667,0.25027777777777777,1.5258918653974698
U001,28.63096805539485,77.2193176959541,2025-02-10 08:38:57,8,10,0,2,0,0.3022409922516375,0.021388888888888888,14.130747689686947
U001,28.633393876123225,77.21930696164596,2025-02-10 09:09:41,9,10,0,2,0,0.2697409924027996,0.5122222222222222,0.5266093127169623
U001,28.62981040896036,77.21246658343921,2025-02-10 09:11:37,9,10,0,2,0,0.7774775675475665,0.03222222222222222,24.128614165269305
U001,28.634453675671544,77.21736772875937,2025-02-10 09:16:47,9,10,0,2,0,0.7038336562167952,0.08611111111111111,8.17355213671117
U001,28.630408097897817,77.21789722226501,2025-02-10 09:27:17,9,10,0,2,0,0.45280623951840854,0.175,2.5874642258194775
U001,28.628828340902427,77.21914013870449,2025-02-10 09:30:38,9,10,0,2,0,0.21347711352831758,0.05583333333333333,3.8234706900594193
U001,28.62906367844138,77.21735457982489,2025-02-10 10:11:08,10,10,0,2,0,0.17622492081235566,0.675,0.26107395675904543
U001,28.62719282836497,77.21090801403713,2025-02-10 10:35:53,10,10,0,2,0,0.6626904399587492,0.4125,1.606522278687877
U001,28.62874031238765,77.21575918181719,2025-02-10 10:39:41,10,10,0,2,0,0.5037780205434477,0.06333333333333334,7.954389798054436
U001,28.62717970680132,77.22341833546622,2025-02-10 10:43:47,10,10,0,2,0,0.767420242851044,0.06833333333333333,11.230540139283573
U001,28.63265396148212,77.21738054604671,2025-02-10 10:55:56,10,10,0,2,0,0.8472212036560901,0.2025,4.183808413116494
U001,28.63326016301015,77.22083948973325,2025-02-10 11:05:44,11,10,0,2,0,0.3442451362881786,0.16333333333333333,2.107623283397012
U001,28.63339418181208,77.21700209831235,2025-02-10 11:08:05,11,10,0,2,0,0.3748114752887884,0.03916666666666667,9.569654688224384
U001,28.62543776894752,77.2173077122499,2025-02-10 11:46:17,11,10,0,2,0,0.8852154224178342,0.6366666666666667,1.3903907158395301
U001,28.63127976772556,77.21793113135672,2025-02-10 12:03:52,12,10,0,2,0,0.6524440515898932,0.29305555555555557,2.2263493703541375
U001,28.631151618554025,77.21718941058933,2025-02-10 12:10:21,12,10,0,2,0,0.07377976780277624,0.10805555555555556,0.6827947662981864
U001,28.62987532263549,77.22129006027475,2025-02-10 12:13:20,12,10,0,2,0,0.4246360240358814,0.04972222222222222,8.540165846531693
U001,28.629514018304853,77.21557576943901,2025-02-10 12:22:02,12,10,0,2,0,0.5591579536343282,0.145,3.8562617492022637
U001,28.63025194788268,77.22060865494446,2025-02-10 12:37:39,12,10,0,2,0,0.49801322986835694,0.2602777777777778,1.9133912780427802
U001,28.629318280392543,77.21823675343951,2025-02-10 13:18:21,13,10,0,2,0,0.2537105876031413,0.6783333333333333,0.37402052226507315
U001,28.63119462968453,77.21887585976494,2025-02-10 13:22:24,13,10,0,2,0,0.21776514964562452,0.0675,3.226150365120363
U001,28.630182655047985,77.21850496960792,2025-02-10 13:25:22,13,10,0,2,0,0.11820543835820414,0.049444444444444444,2.3906717870198593
U001,28.627888182883595,77.21476051835845,2025-02-10 13:38:20,13,10,0,2,0,0.4457059424265424,0.21611111111111111,2.0623925356498103
U001,28.631065764221333,77.21671214603774,2025-02-10 13:53:58,13,10,0,2,0,0.4014035759666219,0.26055555555555554,1.5405680953942846
U001,28.629977768998625,77.22031144238449,2025-02-10 14:00:11,14,10,0,2,0,0.3715357621437581,0.10361111111111111,3.5858679456234026
U001,28.631996299995265,77.21660229755888,2025-02-10 14:54:50,14,10,0,2,0,0.42594236792322615,0.9108333333333334,0.4676402941517579
U001,28.625255162092245,77.21419816337226,2025-02-10 14:56:49,14,10,0,2,0,0.7854482658277179,0.03305555555555555,23.761460142687266
U001,28.626913587097505,77.21822928576353,2025-02-10 15:04:14,15,10,0,2,0,0.43452171965761366,0.12361111111111112,3.5152318893649643
U001,28.62929473233877,77.21847361347677,2025-02-10 15:16:19,15,10,0,2,0,0.26584297791087685,0.2013888888888889,1.3200478903160782
U001,28.6295517575066,77.2189718056571,2025-02-10 15:34:07,15,10,0,2,0,0.056400851665973625,0.2966666666666667,0.19011523033474254
U001,28.632574931166765,77.21720697332272,2025-02-10 16:00:22,16,10,0,2,0,0.3777206198314755,0.4375,0.8633614167576582
U001,28.63256330352708,77.2183592649844,2025-02-10 16:07:44,16,10,0,2,0,0.1124676181945612,0.12277777777777778,0.9160258495484623
U001,28.63257337975274,77.21623647729227,2025-02-10 16:38:38,16,10,0,2,0,0.207180698839316,0.515,0.40229261910546793
U001,28.632627149095786,77.22217689037133,2025-02-10 16:42:08,16,10,0,2,0,0.5797970316044925,0.058333333333333334,9.939377684648441
U001,28.62797511311162,77.2185063364989,2025-02-10 17:01:41,17,10,0,2,0,0.6292212148011164,0.3258333333333333,1.9311137027144238
U001,28.63091346313153,77.22053491733695,2025-02-10 17:28:48,17,10,0,2,0,0.3820366311489407,0.4519444444444444,0.845317684164835
U001,28.628223768006137,77.21984070231663,2025-02-10 17:42:05,17,10,0,2,0,0.3066592368913389,0.22138888888888889,1.3851609194589962
U001,28.63037321971824,77.21664266950235,2025-02-10 17:54:20,17,10,0,2,0,0.39312697263813945,0.20416666666666666,1.925519865982724
U001,28.63350066053504,77.21768213083195,2025-02-10 18:22:37,18,10,0,2,0,0.3622510219536651,0.4713888888888889,0.7684759452169677
U001,28.62536844320577,77.21479131516541,2025-02-10 18:24:16,18,10,0,2,0,0.9472556993325144,0.0275,34.445661793909615
U001,28.628583690838063,77.21790778675472,2025-02-10 18:44:52,18,10,0,2,0,0.46940608843230536,0.3433333333333333,1.3672021993173942
U001,28.63170852970783,77.21606214707633,2025-02-10 18:44:53,18,10,0,2,0,0.3913830401412512,0.0002777777777777778,1408.9789445085044
U001,28.628230584119347,77.21886244373503,2025-02-10 18:56:28,18,10,0,2,0,0.47355768475541676,0.19305555555555556,2.452960669236691
U001,28.617589752227225,77.20979367699769,2025-02-10 19:08:11,19,10,0,2,0,1.4776657174518828,0.19527777777777777,7.56699371668105
U001,28.617364228271253,77.21222524432905,2025-02-10 19:22:47,19,10,0,2,0,0.23866883990858298,0.24333333333333335,0.9808308489393821
U001,28.60946875226302,77.20570283043071,2025-02-10 19:41:47,19,10,0,2,0,1.0844997547021007,0.31666666666666665,3.424736067480318
U001,28.61286914106932,77.20912623865624,2025-02-10 19:53:49,19,10,0,2,0,0.504620668701453,0.20055555555555554,2.5161141375695717
U001,28.61304914247125,77.21021745370076,2025-02-10 20:01:43,20,10,0,2,0,0.10838333398024809,0.13166666666666665,0.8231645618753021
U001,28.6131368774593,77.21057119343901,2025-02-10 20:17:33,20,10,0,2,0,0.03588199334666384,0.2638888888888889,0.1359738695241998
U001,28.613830598367365,77.2089896577522,2025-02-10 20:21:36,20,10,0,2,0,0.17257999341265481,0.0675,2.5567406431504414
U001,28.61562613690745,77.20845661595156,2025-02-10 20:26:27,20,10,0,2,0,0.20632346033881357,0.08083333333333333,2.5524551794492405
U001,28.61435077308325,77.20680661389132,2025-02-10 21:06:21,21,10,0,2,0,0.21459784478622607,0.665,0.3227035259943249
U001,28.61546273523879,77.20960720173835,2025-02-10 21:15:16,21,10,0,2,0,0.3000363526673038,0.1486111111111111,2.0189362048641
U001,28.615167155232108,77.20870349240039,2025-02-10 21:15:27,21,10,0,2,0,0.09413773858015997,0.0030555555555555557,30.80871444441599
U001,28.60936393947392,77.20982070825139,2025-02-10 21:43:50,21,10,0,2,0,0.6544390272957662,0.47305555555555556,1.38342953509381
U001,28.61318235198799,77.21219081952175,2025-02-10 22:05:39,22,10,0,2,0,0.48353254132275514,0.3636111111111111,1.3298068363345443
U001,28.61488699612313,77.2038467092559,2025-02-10 22:16:36,22,10,0,2,0,0.8362683226406785,0.1825,4.5822921788530335
U001,28.61356539658782,77.20633626931703,2025-02-10 22:35:09,22,10,0,2,0,0.2839940064368104,0.30916666666666665,0.9185789965611119
U001,28.61299560102453,77.2061960380662,2025-02-10 23:03:39,23,10,0,2,0,0.06482023787921622,0.475,0.13646365869308677
U001,28.61587972535584,77.2082965757085,2025-02-10 23:04:54,23,10,0,2,0,0.3806448716566404,0.020833333333333332,18.27095383951874
U001,28.61142664857505,77.20976520079293,2025-02-10 23:24:48,23,10,0,2,0,0.515494748956418,0.33166666666666667,1.5542555244917127
U001,28.61309270677721,77.20935674896995,2025-02-10 23:28:42,23,10,0,2,0,0.1894992455355816,0.065,2.9153730082397167
U001,28.612747530903672,77.21395240540328,2025-02-10 23:48:49,23,10,0,2,0,0.450245078555795,0.3352777777777778,1.3429016427513354
U001,28.6112006649496,77.2102355484317,2025-02-11 00:05:36,0,11,1,2,0,0.4015312759244173,0.2797222222222222,1.4354643429274105
U001,28.615780268077188,77.21154271744368,2025-02-11 00:18:56,0,11,1,2,0,0.5249717033208463,0.2222222222222222,2.3623726649438086
U001,28.610061230635186,77.20569727195053,2025-02-11 00:28:18,0,11,1,2,0,0.8543968451217224,0.15611111111111112,5.473004701847332
U001,28.614541873374392,77.20912338141055,2025-02-11 00:37:28,0,11,1,2,0,0.6000663898725199,0.1527777777777778,3.9277072791655847
U001,28.61625569653424,77.20958183700523,2025-02-11 01:02:30,1,11,1,2,0,0.1957523957330157,0.4172222222222222,0.46918017619098307
U001,28.614725154488,77.2101895746024,2025-02-11 01:35:42,1,11,1,2,0,0.18023137330346894,0.5533333333333333,0.32571934934361857
U001,28.61548705732009,77.20782332141549,2025-02-11 01:58:30,1,11,1,2,0,0.24602454363440918,0.38,0.6474330095642347
U001,28.613495823262472,77.21057184409462,2025-02-11 02:03:19,2,11,1,2,0,0.3478594122014051,0.08027777777777778,4.333196830190513
U001,28.61160055387084,77.20884004182413,2025-02-11 02:19:17,2,11,1,2,0,0.27016918005508145,0.26611111111111113,1.0152495283907026
U001,28.612843244330588,77.21209089610093,2025-02-11 02:46:23,2,11,1,2,0,0.3461148511126689,0.45166666666666666,0.7663059434228832
U001,28.614154236511684,77.20580741967409,2025-02-11 02:58:09,2,11,1,2,0,0.6304448442261223,0.19611111111111112,3.214732916733768
U001,28.61806666411801,77.2076615372745,2025-02-11 03:16:01,3,11,1,2,0,0.4711868768335596,0.29777777777777775,1.5823439893664315
U001,28.61403363345365,77.20541386253291,2025-02-11 03:23:17,3,11,1,2,0,0.4992458249709986,0.12111111111111111,4.1222132337054935
U001,28.614773322643234,77.21080838939962,2025-02-11 03:35:19,3,11,1,2,0,0.5329654560550406,0.20055555555555554,2.6574454872550506
U001,28.61382982657261,77.21151613720119,2025-02-11 03:38:19,3,11,1,2,0,0.12561611187319435,0.05,2.512322237463887
U001,28.615066967063026,77.20839056453543,2025-02-11 03:52:36,3,11,1,2,0,0.33467783082230523,0.23805555555555555,1.4058812029875132
U001,28.616240936322853,77.20886989906624,2025-02-11 04:07:35,4,11,1,2,0,0.13867142951552303,0.24972222222222223,0.5553027210855205
U001,28.61278176510964,77.21344762420917,2025-02-11 04:27:34,4,11,1,2,0,0.5895962352560373,0.33305555555555555,1.7702639257062005
U001,28.61289501433337,77.20994145797778,2025-02-11 04:39:43,4,11,1,2,0,0.34248713609552733,0.2025,1.691294499237172
U001,28.612932183432783,77.2091529386524,2025-02-11 04:52:12,4,11,1,2,0,0.07708239571173467,0.20805555555555555,0.37048948539685556
U001,28.61346192750435,77.20866118160954,2025-02-11 05:19:01,5,11,1,2,0,0.07598721059634729,0.4469444444444444,0.170014890085053
U001,28.61616762241398,77.21428517566774,2025-02-11 05:22:21,5,11,1,2,0,0.626013534605213,0.05555555555555555,11.268243622893834
U001,28.614439947921404,77.21059086107103,2025-02-11 05:35:47,5,11,1,2,0,0.40859227063884745,0.2238888888888889,1.8249778837467132
U001,28.61474622410272,77.21125616813121,2025-02-11 05:37:07,5,11,1,2,0,0.07333102313845549,0.022222222222222223,3.299896041230497
U001,28.612878446719503,77.2083005466885,2025-02-11 05:55:21,5,11,1,2,0,0.35548951375143745,0.3038888888888889,1.1698009593283134
U001,28.612383043309244,77.21118045781205,2025-02-11 06:05:51,6,11,1,2,0,0.2864702688323497,0.175,1.6369729647562843
U001,28.618414507220447,77.20966962981801,2025-02-11 06:14:27,6,11,1,2,0,0.6866914126677568,0.14333333333333334,4.790870320937838
U001,28.61519965322568,77.21054369773434,2025-02-11 06:17:50,6,11,1,2,0,0.3675160756143152,0.05638888888888889,6.51752646409623
U001,28.61442669076713,77.21141553254542,2025-02-11 06:37:16,6,11,1,2,0,0.12095375159394843,0.3238888888888889,0.373442114698297
U001,28.61635610220786,77.2144480571049,2025-02-11 06:57:46,6,11,1,2,0,0.3655842332317896,0.3416666666666667,1.0700026338491404
U001,28.613271371306176,77.20715643212607,2025-02-11 07:02:52,7,11,1,2,0,0.7900993902162321,0.085,9.295286943720377
U001,28.61661440026577,77.20223275032298,2025-02-11 07:14:56,7,11,1,2,0,0.6075972811129694,0.2011111111111111,3.021201950285483
U001,28.614835467019205,77.20748334704705,2025-02-11 07:31:20,7,11,1,2,0,0.5493720226829887,0.2733333333333333,2.009897643962154
U001,28.61378707490725,77.20730258402178,2025-02-11 07:51:56,7,11,1,2,0,0.11790370023222337,0.3433333333333333,0.34340883562783503
U001,28.60951264446373,77.20921890645951,2025-02-11 07:57:30,7,11,1,2,0,0.5107822077687013,0.09277777777777778,5.50543696996205
U001,28.621132251658345,77.20778051864241,2025-02-11 08:09:39,8,11,1,2,0,1.29964786341225,0.2025,6.418014140307407
U001,28.623936599182567,77.21062708689861,2025-02-11 08:25:03,8,11,1,2,0,0.4176532139199715,0.25666666666666665,1.627220313973915
U001,28.624412744141363,77.21239269211678,2025-02-11 08:39:56,8,11,1,2,0,0.18028121118335752,0.24805555555555556,0.7267775590818444
U001,28.62080513294292,77.2127374293217,2025-02-11 08:47:48,8,11,1,2,0,0.4025568156700733,0.13111111111111112,3.070348594093779
U001,28.62138506000598,77.21147492418925,2025-02-11 08:56:54,8,11,1,2,0,0.13908263749375874,0.15166666666666667,0.9170283790797279
U001,28.63080376198128,77.21787043301453,2025-02-11 09:08:21,9,11,1,2,0,1.2192267359650815,0.19083333333333333,6.388961061825754
U001,28.6293694453131,77.21559478745218,2025-02-11 09:16:09,9,11,1,2,0,0.2734331427202194,0.13,2.1033318670786105
U001,28.630013323538765,77.217635884692,2025-02-11 09:31:09,9,11,1,2,0,0.211685533121291,0.25,0.846742132485164
U001,28.630914150815524,77.22120624823033,2025-02-11 09:59:28,9,11,1,2,0,0.36257475781124365,0.47194444444444444,0.7682572855329471
U001,28.6345243782369,77.21900437728482,2025-02-11 10:11:28,10,11,1,2,0,0.45533876214202174,0.2,2.2766938107101087
U001,28.626847003563405,77.21563420356983,2025-02-11 10:39:55,10,11,1,2,0,0.9148604906975584,0.4741666666666667,1.929407010258471
U001,28.63015374103243,77.22009762162122,2025-02-11 10:42:44,10,11,1,2,0,0.5700647701071928,0.04694444444444444,12.143391552579256
U001,28.6274387539571,77.21894041503191,2025-02-11 10:43:43,10,11,1,2,0,0.3223283834493161,0.01638888888888889,19.6674945833481
U001,28.63081254381396,77.21552678938929,2025-02-11 10:52:16,10,11,1,2,0,0.501735817107011,0.1425,3.5209531025053407
U001,28.634500710208663,77.21812221628936,2025-02-11 11:10:31,11,11,1,2,0,0.48202714366121874,0.30416666666666664,1.5847467736807193
U001,28.62888867097816,77.21498487524029,2025-02-11 11:18:20,11,11,1,2,0,0.6951048486799866,0.13027777777777777,5.335559606072392
U001,28.62797924484327,77.21713476352761,2025-02-11 11:41:38,11,11,1,2,0,0.23292696558157086,0.3883333333333333,0.599811928536234
U001,28.632509778568547,77.21814321016929,2025-02-11 12:07:40,12,11,1,2,0,0.513296976964774,0.4338888888888889,1.1830147996627316
U001,28.63166643978656,77.218494463861,2025-02-11 12:19:05,12,11,1,2,0,0.09984471827109771,0.19027777777777777,0.52473136609628
U001,28.62967160251459,77.22060276703395,2025-02-11 12:45:08,12,11,1,2,0,0.3025600900144492,0.43416666666666665,0.696875447250171
U001,28.62947727273666,77.21962772421001,2025-02-11 12:59:21,12,11,1,2,0,0.09758639280555134,0.23694444444444446,0.4118534749120572
U001,28.631616727923333,77.21938083623766,2025-02-11 13:24:38,13,11,1,2,0,0.23911376152157848,0.42138888888888887,0.5674420181131724
U001,28.631212231684945,77.21477191859466,2025-02-11 13:29:20,13,11,1,2,0,0.4520644846130729,0.07833333333333334,5.771035973783909
U001,28.6320978432134,77.21862425290986,2025-02-11 13:36:30,13,11,1,2,0,0.38866179028461184,0.11944444444444445,3.253912662847913
U001,28.630930154006712,77.21866162915835,2025-02-11 13:37:00,13,11,1,2,0,0.12989234811664607,0.008333333333333333,15.587081773997529
U001,28.63133692930265,77.22007198109792,2025-02-11 14:29:49,14,11,1,2,0,0.14488905873912777,0.8802777777777778,0.1645947022596592
U001,28.6319460384138,77.21480985666982,2025-02-11 14:34:08,14,11,1,2,0,0.5180188431933236,0.07194444444444445,7.2002619131118335
U001,28.63274583820386,77.21719608497015,2025-02-11 14:39:48,14,11,1,2,0,0.24929212798428527,0.09444444444444444,2.639563708068903
U001,28.632684975463324,77.2191708416217,2025-02-11 14:41:53,14,11,1,2,0,0.19284880103470953,0.034722222222222224,5.554045469799634
U001,28.62876892150779,77.21647671907581,2025-02-11 14:43:30,14,11,1,2,0,0.5086762959934833,0.026944444444444444,18.878707892541648
U001,28.629663513958583,77.2172758309214,2025-02-11 15:01:51,15,11,1,2,0,0.12640440842614564,0.30583333333333335,0.41331141719720643
U001,28.63063536044049,77.21656784386003,2025-02-11 15:09:44,15,11,1,2,0,0.1282676298852034,0.1313888888888889,0.9762441175195186
U001,28.62724452103656,77.22317383735245,2025-02-11 15:30:07,15,11,1,2,0,0.7469011806483461,0.3397222222222222,2.198564391115328
U001,28.628102140396745,77.21644858592967,2025-02-11 15:36:17,15,11,1,2,0,0.6632859711353861,0.10277777777777777,6.453593232668622
U001,28.63099590625416,77.21829299478061,2025-02-11 15:55:00,15,11,1,2,0,0.36870351496416315,0.31194444444444447,1.181952496768466
U001,28.632016842627305,77.21964590534702,2025-02-11 16:09:22,16,11,1,2,0,0.17413319584387785,0.23944444444444443,0.7272384049164272
U001,28.62998350787759,77.21339219144187,2025-02-11 16:24:03,16,11,1,2,0,0.6508840658193273,0.24472222222222223,2.6596851724739823
U001,28.62994896935465,77.2184027674751,2025-02-11 16:24:06,16,11,1,2,0,0.489044296576524,0.0008333333333333334,586.8531558918287
U001,28.629256327447468,77.21646348593383,2025-02-11 16:24:16,16,11,1,2,0,0.2043433932933154,0.002777777777777778,73.56362158559355
U001,28.63240176500561,77.2174798352937,2025-02-11 16:30:07,16,11,1,2,0,0.36355089313501776,0.0975,3.7287271090771053
U001,28.6319565761879,77.22136450024566,2025-02-11 17:36:37,17,11,1,2,0,0.3823510617923821,1.1083333333333334,0.34497840161718685
U001,28.629445295767457,77.21977909230736,2025-02-11 17:38:52,17,11,1,2,0,0.31924667214727404,0.0375,8.513244590593974
U001,28.62911340229397,77.2169974241719,2025-02-11 17:47:45,17,11,1,2,0,0.2739877524101924,0.14805555555555555,1.8505739374797237
U001,28.62826828783989,77.2163262021476,2025-02-11 17:58:28,17,11,1,2,0,0.11455390624428659,0.1786111111111111,0.6413593506678564
U001,28.62992092273851,77.21799394796189,2025-02-11 18:18:44,18,11,1,2,0,0.24548782031664426,0.3377777777777778,0.7267731522532231
U001,28.6258529871078,77.21630571165579,2025-02-11 18:37:34,18,11,1,2,0,0.4814108217993543,0.3138888888888889,1.5336981933430756
U001,28.632735951536297,77.21965891152594,2025-02-11 18:41:55,18,11,1,2,0,0.8323874997431211,0.0725,11.481206893008567
U001,28.63008616208372,77.21830350449306,2025-02-11 18:57:27,18,11,1,2,0,0.32297666775298134,0.2588888888888889,1.2475493604192411
U001,28.62190104881423,77.21697913530495,2025-02-11 19:05:31,19,11,1,2,0,0.9192764594525059,0.13444444444444445,6.8375935000599615
U001,28.62247180283121,77.21355435503773,2025-02-11 19:08:55,19,11,1,2,0,0.34025250917412553,0.056666666666666664,6.004456044249275
U001,28.626261905209816,77.21003900848719,2025-02-11 19:13:25,19,11,1,2,0,0.5434510411597241,0.075,7.246013882129655
U001,28.62273320805692,77.20941968690212,2025-02-11 19:32:04,19,11,1,2,0,0.3970022336971792,0.31083333333333335,1.2772189824037936
U001,28.624068915212884,77.21168577969473,2025-02-11 19:48:09,19,11,1,2,0,0.2664231860305215,0.26805555555555555,0.9939103313055725
U001,28.61422138547607,77.20903237604361,2025-02-11 20:22:55,20,11,1,2,0,1.125208607646571,0.5794444444444444,1.9418748741743317
U001,28.61312508732857,77.20755707313174,2025-02-11 20:25:19,20,11,1,2,0,0.18867820825811685,0.04,4.716955206452921
U001,28.61334953693104,77.20889459272459,2025-02-11 20:27:32,20,11,1,2,0,0.13292590926533038,0.036944444444444446,3.597994536505183
U001,28.614579090604806,77.23153245145325,2025-02-11 21:23:43,21,11,1,2,0,2.2140036360143,0.9363888888888889,2.364406137541228
U001,28.61058088782407,77.22939813747485,2025-02-11 21:42:15,21,11,1,2,0,0.4909763274242975,0.3088888888888889,1.589491707488733
U001,28.60948418641877,77.2313972534655,2025-02-11 21:49:06,21,11,1,2,0,0.230118617844821,0.11416666666666667,2.0156375285677752
U001,28.613210697681627,77.22726369678244,2025-02-11 22:35:53,22,11,1,2,0,0.5783748162591307,0.7797222222222222,0.7417703379169471
U001,28.606703515360817,77.22685607717577,2025-02-11 22:47:25,22,11,1,2,0,0.7246589474284035,0.1922222222222222,3.769902038644874
U001,28.60920321754089,77.23008010570729,2025-02-11 22:51:35,22,11,1,2,0,0.41989644138888055,0.06944444444444445,6.04650875599988
U001,28.6127998520082,77.22867508264554,2025-02-11 22:56:02,22,11,1,2,0,0.4227922404633382,0.07416666666666667,5.700569534337144
U001,28.61491855018137,77.21005944414284,2025-02-11 23:03:09,23,11,1,2,0,1.8323619318228828,0.11861111111111111,15.448484671106272
U001,28.61170493068596,77.20925006225576,2025-02-11 23:28:54,23,11,1,2,0,0.365968301014342,0.42916666666666664,0.852741672266428
U001,28.61394312339708,77.21002319800937,2025-02-11 23:48:57,23,11,1,2,0,0.2600669300335915,0.33416666666666667,0.7782551522202239
U001,28.612414057350104,77.20791172073353,2025-02-12 00:13:12,0,12,2,2,0,0.2671898102370574,0.4041666666666667,0.6610881902772554
U001,28.612618772180863,77.2143139644181,2025-02-12 00:25:57,0,12,2,2,0,0.6253734241850284,0.2125,2.942933760870722
U001,28.61305314556044,77.21018115647007,2025-02-12 00:38:08,0,12,2,2,0,0.4063064714027117,0.20305555555555554,2.0009621026672533
U001,28.61365044802881,77.2091115371186,2025-02-12 00:40:23,0,12,2,2,0,0.12374497411754336,0.0375,3.299865976467823
U001,28.612682347474983,77.20805334982505,2025-02-12 01:06:22,1,12,2,2,0,0.1491908682782119,0.4330555555555556,0.34450745721716663
U001,28.615640684385205,77.20894958929479,2025-02-12 01:16:35,1,12,2,2,0,0.3403868178296025,0.17027777777777778,1.999009044350031
U001,28.61255107771365,77.20896557718991,2025-02-12 01:24:47,1,12,2,2,0,0.34355213197164003,0.13666666666666666,2.5137960875973664
U001,28.612063820239783,77.210960018081,2025-02-12 01:29:13,1,12,2,2,0,0.20208743269678217,0.07388888888888889,2.735017886121864
U001,28.6134696287134,77.20642148608549,2025-02-12 02:10:11,2,12,2,2,0,0.469799578046368,0.6827777777777778,0.6880709849336553
U001,28.61521736059321,77.21061860043369,2025-02-12 02:18:03,2,12,2,2,0,0.45345240639023676,0.13111111111111112,3.4585353029763817
U001,28.61348877623214,77.20783022198603,2025-02-12 02:56:47,2,12,2,2,0,0.33321019520776485,0.6455555555555555,0.5161603712340591
U001,28.613545399760604,77.20958032111513,2025-02-12 03:01:31,3,12,2,2,0,0.17095137491777912,0.07888888888888888,2.1669892595211437
U001,28.613713716373336,77.20964654695952,2025-02-12 03:21:23,3,12,2,2,0,0.019800961466968886,0.33111111111111113,0.059801561477422806
U001,28.6081828874163,77.20989148231752,2025-02-12 03:49:29,3,12,2,2,0,0.6154647267630646,0.4683333333333333,1.3141595589246933
U001,28.617236526572533,77.21009267849733,2025-02-12 04:01:15,4,12,2,2,0,1.0069102984127896,0.19611111111111112,5.134386790773431
U001,28.61427409138226,77.20615238892975,2025-02-12 04:09:56,4,12,2,2,0,0.5064025321298065,0.14472222222222222,3.499134579015937
U001,28.609853945721355,77.20750722305297,2025-02-12 04:15:41,4,12,2,2,0,0.508980412942087,0.09583333333333334,5.31109996113482
U001,28.61377013394476,77.20777892893857,2025-02-12 04:25:26,4,12,2,2,0,0.4362672404672694,0.1625,2.6847214797985806
U001,28.610909769626097,77.20891232954423,2025-02-12 04:55:33,4,12,2,2,0,0.33675155920431366,0.5019444444444444,0.6708940858525342
U001,28.616405960641,77.20975960605094,2025-02-12 05:01:08,5,12,2,2,0,0.6167194885907369,0.09305555555555556,6.627433310228814
U001,28.61587081041791,77.21219091377905,2025-02-12 05:17:24,5,12,2,2,0,0.2446718694432896,0.27111111111111114,0.9024782069629534
U001,28.61474450606041,77.21037438384437,2025-02-12 05:23:55,5,12,2,2,0,0.2170857065686015,0.10861111111111112,1.9987430783809854
U001,28.61849392945872,77.21043417139767,2025-02-12 06:21:10,6,12,2,2,0,0.4169577034794425,0.9541666666666667,0.43698623945443754
U001,28.614396461532383,77.20717074455769,2025-02-12 06:24:16,6,12,2,2,0,0.5559327648528523,0.051666666666666666,10.759988997151979
U001,28.61659690139309,77.2094182780488,2025-02-12 06:26:17,6,12,2,2,0,0.32863104446813657,0.03361111111111111,9.77745256268836
U001,28.610883504968324,77.20891046603317,2025-02-12 06:47:08,6,12,2,2,0,0.6372316224685911,0.3475,1.8337600646578163
U001,28.612994304958736,77.20737939364636,2025-02-12 06:56:46,6,12,2,2,0,0.27825602890654083,0.16055555555555556,1.733082532981915
U001,28.617699283569607,77.20951893112353,2025-02-12 07:05:07,7,12,2,2,0,0.5633147555329299,0.13916666666666666,4.047770698440215
U001,28.613332321553568,77.2090046484968,2025-02-12 07:21:36,7,12,2,2,0,0.4881720395696615,0.2747222222222222,1.7769659680998802
U001,28.61445410510716,77.20982194484782,2025-02-12 07:25:54,7,12,2,2,0,0.14806773180816343,0.07166666666666667,2.0660613740673965
U001,28.61465266559034,77.21090027096878,2025-02-12 07:29:11,7,12,2,2,0,0.10755011426478309,0.05472222222222222,1.9653827987473051
U001,28.61813909861641,77.21354185488072,2025-02-12 08:02:50,8,12,2,2,0,0.46559388348432745,0.5608333333333333,0.8301822588130654
U001,28.62024253281232,77.21481752948677,2025-02-12 08:30:50,8,12,2,2,0,0.2649713102974057,0.4666666666666667,0.5677956649230123
U001,28.62163750878817,77.21472036625909,2025-02-12 08:44:51,8,12,2,2,0,0.15540390951662741,0.2336111111111111,0.6652248207608308
U001,28.62307784935567,77.2151691169001,2025-02-12 08:53:16,8,12,2,2,0,0.16604002633971912,0.14027777777777778,1.1836516729168096
U001,28.619720339191787,77.21268106405824,2025-02-12 08:54:31,8,12,2,2,0,0.44537463558734386,0.020833333333333332,21.377982508192506
U001,28.63301278179816,77.21993742169404,2025-02-12 09:09:00,9,12,2,2,0,1.6389761340804827,0.24138888888888888,6.789774548549756
U001,28.634432089969,77.21892060442829,2025-02-12 09:42:12,9,12,2,2,0,0.18642728689046378,0.5533333333333333,0.33691678353698273
U001,28.63152634219566,77.22013180415006,2025-02-12 09:46:38,9,12,2,2,0,0.34404915545037995,0.07388888888888889,4.656304359478826
U001,28.631082927055733,77.22052482280057,2025-02-12 09:57:35,9,12,2,2,0,0.06246888707490149,0.1825,0.3422952716432958
U001,28.63117876577876,77.21636901188535,2025-02-12 09:59:57,9,12,2,2,0,0.40574012726427555,0.03944444444444444,10.286369423601352
U001,28.629256492847382,77.21970309399134,2025-02-12 10:00:30,10,12,2,2,0,0.3893267324785303,0.009166666666666667,42.47200717947603
U001,28.63316262131441,77.2198776022683,2025-02-12 10:02:21,10,12,2,2,0,0.4346754694283784,0.030833333333333334,14.097582792271732
U001,28.6325970597293,77.22027476029115,2025-02-12 10:06:03,10,12,2,2,0,0.07387345022740115,0.06166666666666667,1.1979478415254239
U001,28.627555582526632,77.22317620270123,2025-02-12 10:39:04,10,12,2,2,0,0.6280506624092276,0.5502777777777778,1.1413338640450374
U001,28.63304119537339,77.21872765086283,2025-02-12 10:59:10,10,12,2,2,0,0.748714783800459,0.335,2.234969503881967
U001,28.631424968384312,77.2200752066022,2025-02-12 11:35:40,11,12,2,2,0,0.22269902769018843,0.6083333333333333,0.3660805934633235
U001,28.62856924496851,77.22033320834693,2025-02-12 11:43:06,11,12,2,2,0,0.318538799447957,0.1238888888888889,2.5711651973377694
U001,28.633246383120483,77.22314350117715,2025-02-12 11:47:45,11,12,2,2,0,0.587968330114758,0.0775,7.586688130513007
U001,28.63059687856375,77.21729544768908,2025-02-12 12:27:06,12,12,2,2,0,0.6423069278352797,0.6558333333333334,0.9793752393930566
U001,28.62778708575332,77.21619791558703,2025-02-12 12:30:20,12,12,2,2,0,0.3302877263084805,0.05388888888888889,6.129050591291391
U001,28.62618764979509,77.21854571657835,2025-02-12 12:31:35,12,12,2,2,0,0.29006941246474843,0.020833333333333332,13.923331798307926
U001,28.63245741966397,77.21843452830383,2025-02-12 12:34:32,12,12,2,2,0,0.6972510555258769,0.049166666666666664,14.18137740052631
U001,28.627729426977968,77.2200054680311,2025-02-12 12:45:42,12,12,2,2,0,0.547629973164326,0.18611111111111112,2.942489408047125
U001,28.63211870859968,77.21879676212875,2025-02-12 13:04:38,13,12,2,2,0,0.502120464926163,0.31555555555555553,1.591226825470235
U001,28.63099828961684,77.21570330078876,2025-02-12 13:14:15,13,12,2,2,0,0.32661032220234026,0.16027777777777777,2.0377767069816723
U001,28.631340336677507,77.21642226743712,2025-02-12 13:15:51,13,12,2,2,0,0.07981474533613939,0.02666666666666667,2.993052950105227
U001,28.63107764679994,77.21749866415057,2025-02-12 13:18:30,13,12,2,2,0,0.10903964682752641,0.04416666666666667,2.468822192321353
U001,28.632184519733123,77.2153410970459,2025-02-12 13:51:41,13,12,2,2,0,0.24390516410039365,0.5530555555555555,0.441013857740541
U001,28.629670129660703,77.2203427452849,2025-02-12 14:01:32,14,12,2,2,0,0.5625503231472183,0.16416666666666666,3.426702476023665
U001,28.629563894452847,77.22021823402267,2025-02-12 14:19:25,14,12,2,2,0,0.016947571187142834,0.2980555555555556,0.056860443871122275
U001,28.633557991666905,77.21715366834307,2025-02-12 14:20:52,14,12,2,2,0,0.535447011909624,0.024166666666666666,22.156428079018923
U001,28.628220268730047,77.21967558495908,2025-02-12 14:24:29,14,12,2,2,0,0.6425400927608064,0.06027777777777778,10.659651308474206
U001,28.63016864833368,77.21880156575092,2025-02-12 14:26:15,14,12,2,2,0,0.23283905986918493,0.029444444444444443,7.907741655934583
U001,28.631434431511384,77.21752315279555,2025-02-12 15:04:41,15,12,2,2,0,0.18809060564406194,0.6405555555555555,0.2936366783688738
U001,28.63142006216384,77.21715080703545,2025-02-12 15:13:55,15,12,2,2,0,0.03637532591208005,0.15388888888888888,0.23637395899546604
U001,28.633704120918267,77.21823802072636,2025-02-12 15:42:12,15,12,2,2,0,0.27525034519670616,0.4713888888888889,0.5839135195687343
U001,28.63060765140579,77.22245709528211,2025-02-12 15:49:10,15,12,2,2,0,0.5367546344125813,0.11611111111111111,4.622767186328452
U001,28.63190593128844,77.21645214903968,2025-02-12 16:00:58,16,12,2,2,0,0.6035898874802528,0.19666666666666666,3.0691011227809466
U001,28.63313209982319,77.21922205318862,2025-02-12 16:03:29,16,12,2,2,0,0.30277103972890324,0.041944444444444444,7.218382404132792
U001,28.63024034258504,77.21862555717125,2025-02-12 16:24:43,16,12,2,2,0,0.32677633394188677,0.35388888888888886,0.9233868149064305
U001,28.63295636430907,77.21513632962795,2025-02-12 16:37:36,16,12,2,2,0,0.45516706374051874,0.21472222222222223,2.119794863474602
U001,28.63117227115998,77.21898669078439,2025-02-12 17:39:28,17,12,2,2,0,0.4249354634200388,1.031111111111111,0.4121141347823652
U001,28.6293658933656,77.21686002701998,2025-02-12 17:44:56,17,12,2,2,0,0.2888358067210473,0.09111111111111111,3.170149098157836
U001,28.63213457150456,77.21939285676767,2025-02-12 17:46:21,17,12,2,2,0,0.3948263519266401,0.02361111111111111,16.722057258069466
U001,28.6292104740998,77.21855875950891,2025-02-12 18:07:31,18,12,2,2,0,0.335180866057647,0.3527777777777778,0.9501189903996293
U001,28.630327153836124,77.21619342949107,2025-02-12 18:25:54,18,12,2,2,0,0.2621299409251612,0.3063888888888889,0.8555464980331643
U001,28.632223718816164,77.21354069281458,2025-02-12 18:35:10,18,12,2,2,0,0.33392260954687697,0.15444444444444444,2.162088838792729
U001,28.63191848830333,77.2189271885819,2025-02-12 18:43:00,18,12,2,2,0,0.5268026720259466,0.13055555555555556,4.035084296368952
U001,28.62312994114726,77.20969396333395,2025-02-12 19:01:37,19,12,2,2,0,1.3293320939397786,0.31027777777777776,4.284329040450495
U001,28.62255293103453,77.21306858396537,2025-02-12 19:16:44,19,12,2,2,0,0.3355740517802114,0.25194444444444447,1.3319366994583912
U001,28.619455892960424,77.21760357126364,2025-02-12 19:27:24,19,12,2,2,0,0.5608323786436687,0.17777777777777778,3.1546821298706367
U001,28.61656467756113,77.20883957205456,2025-02-12 20:22:52,20,12,2,2,0,0.9138731123521829,0.9244444444444444,0.988564664804044
U001,28.613520606784327,77.210116179124,2025-02-12 20:43:06,20,12,2,2,0,0.360694949961705,0.3372222222222222,1.069606111912799
U001,28.61218351221041,77.20688023324016,2025-02-12 20:45:57,20,12,2,2,0,0.3491189066506823,0.0475,7.349871718961732
U001,28.614587363877988,77.20885912204609,2025-02-12 20:48:11,20,12,2,2,0,0.32978996408461847,0.03722222222222222,8.860028885855423
U001,28.61395815209573,77.20901751502903,2025-02-12 20:59:29,20,12,2,2,0,0.0716531738659319,0.18833333333333332,0.3804593302615853
U001,28.61001908683746,77.22941121234827,2025-02-12 21:13:10,21,12,2,2,0,2.038368684633343,0.22805555555555557,8.938035645164476
U001,28.61076659544284,77.22953784380934,2025-02-12 21:19:32,21,12,2,2,0,0.08403333372948488,0.10611111111111111,0.7919371765082344
U001,28.61092664037668,77.22903370482494,2025-02-12 21:34:05,21,12,2,2,0,0.05233150541529833,0.2425,0.21580002233112713
U001,28.61354592177328,77.23049012071212,2025-02-12 21:55:20,21,12,2,2,0,0.32409743342363445,0.3541666666666667,0.9150986355490854
U001,28.612500340926395,77.22810684598434,2025-02-12 22:14:36,22,12,2,2,0,0.2600773993735687,0.3211111111111111,0.8099296174263385
U001,28.6122117632365,77.23059570161519,2025-02-12 22:23:31,22,12,2,2,0,0.24506147286375327,0.1486111111111111,1.649011780017779
U001,28.61039098317962,77.23042077459806,2025-02-12 22:26:08,22,12,2,2,0,0.20318032419807724,0.043611111111111114,4.6589118924399875
U001,28.61652697881561,77.20686194463097,2025-02-12 23:01:12,23,12,2,2,0,2.3987689036680875,0.5844444444444444,4.104357439736272
U001,28.61331225394242,77.21233609485411,2025-02-12 23:06:00,23,12,2,2,0,0.6428909210484226,0.08,8.036136513105282
U001,28.61325591719785,77.21010098524978,2025-02-12 23:12:56,23,12,2,2,0,0.21826993275344392,0.11555555555555555,1.8888744180586494
U001,28.615552507750056,77.21396893956391,2025-02-12 23:26:36,23,12,2,2,0,0.4558174061053124,0.22777777777777777,2.0011495877794205
U001,28.61318643212408,77.20980685625707,2025-02-13 00:29:50,0,13,3,2,0,0.48402525574012994,1.0538888888888889,0.45927541398641747
U001,28.61507481216303,77.20846464566596,2025-02-13 00:44:18,0,13,3,2,0,0.2475010707679569,0.2411111111111111,1.0265021368256277
U001,28.61066445305844,77.21197122407776,2025-02-13 00:55:08,0,13,3,2,0,0.5980533991303815,0.18055555555555555,3.312295749029805
U001,28.614227369319227,77.20696742114802,2025-02-13 01:02:28,1,13,3,2,0,0.6289199083635024,0.12222222222222222,5.145708341155929
U001,28.61142162055432,77.20790793225264,2025-02-13 01:11:14,1,13,3,2,0,0.3252128888742416,0.1461111111111111,2.225791634880741
U001,28.613820020822207,77.21213601914978,2025-02-13 01:13:34,1,13,3,2,0,0.49139295742971584,0.03888888888888889,12.63581890533555
U001,28.61564614484735,77.20872122045304,2025-02-13 01:52:47,1,13,3,2,0,0.39030880143058894,0.6536111111111111,0.5971575372503698
U001,28.613381698627848,77.20990046633081,2025-02-13 02:01:20,2,13,3,2,0,0.2768594314622324,0.1425,1.9428732032437364
U001,28.614131933944805,77.21110704349628,2025-02-13 02:26:44,2,13,3,2,0,0.14433043695114323,0.42333333333333334,0.3409380400420706
U001,28.61488227515505,77.20975356790147,2025-02-13 02:32:43,2,13,3,2,0,0.15625742715065324,0.09972222222222223,1.566926846078974
U001,28.61513215733924,77.2088604335953,2025-02-13 02:44:04,2,13,3,2,0,0.09150249412284087,0.18916666666666668,0.48371362531898254
U001,28.613559545625435,77.2079420318571,2025-02-13 02:57:01,2,13,3,2,0,0.1965074549942923,0.21583333333333332,0.9104592509388061
U001,28.61472691099372,77.20895934305508,2025-02-13 03:28:29,3,13,3,2,0,0.16343388789640925,0.5244444444444445,0.31163241336179726
U001,28.609469720650274,77.21017609627698,2025-02-13 03:49:47,3,13,3,2,0,0.5965172870063004,0.355,1.6803303859332406
U001,28.615143066711106,77.20640935357434,2025-02-13 03:51:10,3,13,3,2,0,0.7301828184849424,0.023055555555555555,31.670580078864973
U001,28.616137973464564,77.21052343588951,2025-02-13 03:58:03,3,13,3,2,0,0.4165460470500015,0.11472222222222223,3.6309098532203516
U001,28.60952936979736,77.20966941395895,2025-02-13 04:03:29,4,13,3,2,0,0.7395568652335858,0.09055555555555556,8.166885628346346
U001,28.612302824044065,77.21186816558789,2025-02-13 04:20:40,4,13,3,2,0,0.37573315317805756,0.2863888888888889,1.311968333114459
U001,28.613634242251948,77.20802664914908,2025-02-13 04:34:15,4,13,3,2,0,0.4031571683897202,0.2263888888888889,1.7808169401263714
U001,28.611750198238774,77.20893708274015,2025-02-13 05:20:12,5,13,3,2,0,0.22756742549908826,0.7658333333333334,0.29715006594004995
U001,28.61135355544507,77.20900672066927,2025-02-13 05:21:14,5,13,3,2,0,0.044625461843889304,0.017222222222222222,2.591155849000024
U001,28.61460597664999,77.2073819345871,2025-02-13 05:36:36,5,13,3,2,0,0.39490235418311864,0.2561111111111111,1.5419180857475348
U001,28.616697098865505,77.20924603520676,2025-02-13 05:54:32,5,13,3,2,0,0.2952557769709015,0.29888888888888887,0.9878446069658415
U001,28.6130498526636,77.21050664455639,2025-02-13 06:09:15,6,13,3,2,0,0.4238124283843723,0.2452777777777778,1.7278875902420614
U001,28.61149329601992,77.2098618321576,2025-02-13 06:33:48,6,13,3,2,0,0.1841712199889234,0.4091666666666667,0.4501129612763912
U001,28.61519235646772,77.21256179639316,2025-02-13 06:37:57,6,13,3,2,0,0.48851157880831453,0.06916666666666667,7.0628180068671975
U001,28.618495257441,77.2117283971443,2025-02-13 07:16:54,7,13,3,2,0,0.376167411421818,0.6491666666666667,0.5794619944880379
U001,28.61415708645759,77.20851498552315,2025-02-13 07:17:45,7,13,3,2,0,0.5753959190637062,0.014166666666666666,40.61618252214397
U001,28.613072160330795,77.20572933603397,2025-02-13 07:37:20,7,13,3,2,0,0.29747960744550156,0.3263888888888889,0.9114268823862175
U001,28.60995979143817,77.21200511103349,2025-02-13 07:50:26,7,13,3,2,0,0.7036147979695866,0.21833333333333332,3.2226631968072668
U001,28.621912741791355,77.2125089779028,2025-02-13 08:05:37,8,13,3,2,0,1.3300171483820187,0.25305555555555553,5.255830663200074
U001,28.62287655699836,77.21265440035653,2025-02-13 08:20:29,8,13,3,2,0,0.10810723878240822,0.2477777777777778,0.4363072417227237
U001,28.62023662067681,77.21646385191364,2025-02-13 08:47:43,8,13,3,2,0,0.4737379860003805,0.4538888888888889,1.043731180906591
U001,28.63019108900552,77.21558522378857,2025-02-13 09:14:21,9,13,3,2,0,1.1102034905900102,0.4438888888888889,2.501084209088884
U001,28.63234393067237,77.22008787422132,2025-02-13 09:19:29,9,13,3,2,0,0.5004218060547354,0.08555555555555555,5.849086044795609
U001,28.630375453907465,77.21654717737468,2025-02-13 09:40:23,9,13,3,2,0,0.4090548353992615,0.34833333333333333,1.1743201016246743
U001,28.6272102386259,77.21846495826787,2025-02-13 10:08:34,10,13,3,2,0,0.3986325765602129,0.4697222222222222,0.8486559879460476
U001,28.63414567644431,77.21646739915093,2025-02-13 10:14:56,10,13,3,2,0,0.7954471595658272,0.10611111111111111,7.496360666065387
U001,28.63017336030541,77.21776992951683,2025-02-13 10:18:31,10,13,3,2,0,0.4596308509101472,0.059722222222222225,7.696144480355953
U001,28.629162064780747,77.21666831590387,2025-02-13 10:32:48,10,13,3,2,0,0.15558003122374134,0.23805555555555555,0.6535450553155996
U001,28.63070567146651,77.2188940982034,2025-02-13 11:03:36,11,13,3,2,0,0.2768606051135447,0.5133333333333333,0.539338841130282
U001,28.63044224177933,77.2127776816068,2025-02-13 11:42:05,11,13,3,2,0,0.5976733706871481,0.6413888888888889,0.9318424142372166
U001,28.63045423416279,77.21823075099164,2025-02-13 11:44:52,11,13,3,2,0,0.5322155286306803,0.04638888888888889,11.472909599224247
U001,28.63151329652598,77.21902272845213,2025-02-13 11:53:21,11,13,3,2,0,0.14086380238969706,0.1413888888888889,0.9962862251530636
U001,28.629943914468544,77.2233155110574,2025-02-13 12:10:01,12,13,3,2,0,0.45385971094719296,0.2777777777777778,1.6338949594098946
U001,28.631140396322177,77.22022678801915,2025-02-13 12:20:49,12,13,3,2,0,0.3295087254274742,0.18,1.8306040301526347
U001,28.626597427880107,77.21927980066442,2025-02-13 12:24:00,12,13,3,2,0,0.5135408941226277,0.05305555555555556,9.67930481068827
U001,28.629486863272245,77.22260513421755,2025-02-13 12:28:07,12,13,3,2,0,0.45668867960602905,0.06861111111111111,6.656191281707306
U001,28.63134609925759,77.21831038910942,2025-02-13 12:31:14,12,13,3,2,0,0.4673733510663138,0.051944444444444446,8.997561838709784
U001,28.63117257758581,77.21735117830498,2025-02-13 13:11:20,13,13,3,2,0,0.09558491159901049,0.6683333333333333,0.14301981785388104
U001,28.631246479043767,77.21722688864786,2025-02-13 13:12:28,13,13,3,2,0,0.014651779427714008,0.01888888888888889,0.7756824402907416
U001,28.62667155305025,77.2164771127509,2025-02-13 13:41:28,13,13,3,2,0,0.5139450112605551,0.48333333333333334,1.063334506056321
U001,28.62980995974215,77.21617050626296,2025-02-13 14:04:07,14,13,3,2,0,0.35025561213992606,0.3775,0.9278294361322544
U001,28.63147504183768,77.21763599964567,2025-02-13 14:06:52,14,13,3,2,0,0.23396092914358366,0.04583333333333333,5.104602090405462
U001,28.63192074162942,77.21647044600148,2025-02-13 14:42:21,14,13,3,2,0,0.12408244925464385,0.5913888888888889,0.20981532048695062
U001,28.630921731524303,77.21897162752481,2025-02-13 15:03:54,15,13,3,2,0,0.26819721935989216,0.3591666666666667,0.7467207963616487
U001,28.63109976444777,77.21711144756881,2025-02-13 15:05:57,15,13,3,2,0,0.1826267538527384,0.034166666666666665,5.345173283494783
U001,28.63206379434072,77.21846808190172,2025-02-13 15:08:04,15,13,3,2,0,0.1703578933885343,0.035277777777777776,4.8290426472340435
U001,28.62895211016372,77.22031246041891,2025-02-13 16:47:25,16,13,3,2,0,0.39002790768707163,1.6558333333333333,0.23554780534699848
U001,28.631348111976784,77.21758867103381,2025-02-13 16:54:27,16,13,3,2,0,0.3763669963657093,0.11722222222222223,3.2107137130724017
U001,28.62915973939356,77.215780101673,2025-02-13 16:57:14,16,13,3,2,0,0.30061578362199237,0.04638888888888889,6.480340245743548
U001,28.631350890212136,77.21790398990137,2025-02-13 17:02:52,17,13,3,2,0,0.3198934396688914,0.09388888888888888,3.407149061562157
U001,28.63207775291993,77.21909294205129,2025-02-13 17:45:42,17,13,3,2,0,0.14141251145661995,0.7138888888888889,0.1980875646863159
U001,28.630978779763247,77.21851102131488,2025-02-13 17:55:19,17,13,3,2,0,0.13475343265232004,0.16027777777777777,0.840749319841165
U001,28.629078474127475,77.22013293173092,2025-02-13 18:12:15,18,13,3,2,0,0.2640219502568096,0.2822222222222222,0.9355108473666481
U001,28.632489612209987,77.21643155487622,2025-02-13 18:21:18,18,13,3,2,0,0.5238039021099022,0.15083333333333335,3.472733052662335
U001,28.630766570272755,77.21560786235027,2025-02-13 18:35:43,18,13,3,2,0,0.20777567225641652,0.24027777777777778,0.8647311215295947
U001,28.63074520564502,77.21976814603164,2025-02-13 18:44:48,18,13,3,2,0,0.40604508743479717,0.15138888888888888,2.682132687642697
U001,28.62146213637553,77.2128268402178,2025-02-13 19:10:54,19,13,3,2,0,1.234704377243495,0.435,2.838400867226425
U001,28.62646915551161,77.21101869604588,2025-02-13 19:26:23,19,13,3,2,0,0.5840572129857788,0.25805555555555554,2.2633002871354186
U001,28.62181342201995,77.21366776804611,2025-02-13 19:29:50,19,13,3,2,0,0.5786721212616963,0.0575,10.063862978464284
U001,28.62268977879906,77.21418493112532,2025-02-13 19:38:35,19,13,3,2,0,0.1097446438928817,0.14583333333333334,0.7525347009797602
U001,28.616725693445623,77.21291255204488,2025-02-13 20:00:20,20,13,3,2,0,0.6747051141605083,0.3625,1.8612554873393332
U001,28.612920168780693,77.2085270149924,2025-02-13 20:01:07,20,13,3,2,0,0.6019294938983714,0.013055555555555556,46.105237830513545
U001,28.61345823312142,77.20740867072618,2025-02-13 20:47:52,20,13,3,2,0,0.12448736237998234,0.7791666666666667,0.15976987685131425
U001,28.61262918242217,77.23205757985536,2025-02-13 21:02:33,21,13,3,2,0,2.4078718608533642,0.24472222222222223,9.839203971705007
U001,28.61094350909523,77.2303172632005,2025-02-13 21:10:02,21,13,3,2,0,0.25296926966143474,0.12472222222222222,2.0282614048578287
U001,28.607878795429045,77.22847698518049,2025-02-13 21:26:42,21,13,3,2,0,0.3852321652124554,0.2777777777777778,1.3868357947648393
U001,28.60787919581441,77.2350238751287,2025-02-13 21:48:30,21,13,3,2,0,0.6391069529808105,0.36333333333333334,1.7590099623325062
U001,28.61357152257249,77.23157407760664,2025-02-13 21:57:23,21,13,3,2,0,0.7169678240731745,0.14805555555555555,4.842559412126507
U001,28.61036891665372,77.23058229096591,2025-02-13 22:12:26,22,13,3,2,0,0.3690391162762952,0.25083333333333335,1.4712522908025056
U001,28.61879418797593,77.2331538834948,2025-02-13 22:24:20,22,13,3,2,0,0.9698945721849929,0.19833333333333333,4.890224733705846
U001,28.614973890276737,77.23508140889496,2025-02-13 22:41:18,22,13,3,2,0,0.4645998960849141,0.2827777777777778,1.6429858800645292
U001,28.61146843899888,77.23073681006493,2025-02-13 22:55:11,22,13,3,2,0,0.5760156255815114,0.2313888888888889,2.489383255814455
U001,28.613634392697133,77.20573861427808,2025-02-13 23:20:45,23,13,3,2,0,2.4520701264557188,0.4261111111111111,5.7545322394006435
U001,28.61450085746672,77.21187675288783,2025-02-13 23:33:43,23,13,3,2,0,0.6068661969653465,0.21611111111111111,2.8081212198910634
U001,28.61368286153276,77.20977413114622,2025-02-13 23:33:52,23,13,3,2,0,0.22449711095255395,0.0025,89.79884438102158
U001,28.61397208288952,77.20701921665801,2025-02-13 23:57:20,23,13,3,2,0,0.2708355059228211,0.39111111111111113,0.6924771458253948
U001,28.61329187048064,77.21047427002091,2025-02-14 00:10:23,0,14,4,2,0,0.345640806962522,0.2175,1.5891531354598711
U001,28.613639421785827,77.20676065038964,2025-02-14 00:23:55,0,14,4,2,0,0.3645581847181366,0.22555555555555556,1.6162678140212952
U001,28.613178703819333,77.2118326540995,2025-02-14 00:52:53,0,14,4,2,0,0.49774595669455557,0.48277777777777775,1.0310042831417723
U001,28.61365637270028,77.20797467212313,2025-02-14 01:11:25,1,14,4,2,0,0.3803232084358086,0.3088888888888889,1.231262185583553
U001,28.61402347246345,77.20878937766695,2025-02-14 01:16:27,1,14,4,2,0,0.08939118463450856,0.08388888888888889,1.0655902804113602
U001,28.616732241583,77.20858675654117,2025-02-14 01:19:09,1,14,4,2,0,0.30185006289894983,0.045,6.7077791755322185
U001,28.61246219506061,77.20451323640448,2025-02-14 01:48:05,1,14,4,2,0,0.619316431531408,0.4822222222222222,1.2842967474153624
U001,28.617078825983025,77.21123324883573,2025-02-14 01:58:42,1,14,4,2,0,0.8329543648566244,0.17694444444444443,4.707434401073545
U001,28.61451096049653,77.21016685722228,2025-02-14 02:07:44,2,14,4,2,0,0.3039158532035404,0.15055555555555555,2.0186292832707484
U001,28.614739075760788,77.20712127546638,2025-02-14 02:32:43,2,14,4,2,0,0.29837052877510856,0.41638888888888886,0.7165669803805143
U001,28.610329744063133,77.211097838006,2025-02-14 02:38:30,2,14,4,2,0,0.625355087203002,0.09638888888888889,6.48783375772567
U001,28.613888347234205,77.20830822498226,2025-02-14 03:24:12,3,14,4,2,0,0.48034425712527684,0.7616666666666667,0.6306489152629455
U001,28.61175231963018,77.20995246893288,2025-02-14 03:26:33,3,14,4,2,0,0.2866617039770279,0.03916666666666667,7.319022229200712
U001,28.61809020197341,77.21101599397369,2025-02-14 03:46:43,3,14,4,2,0,0.7123456908218804,0.33611111111111114,2.119375609056834
U001,28.614678559646663,77.21185868485917,2025-02-14 03:50:51,3,14,4,2,0,0.38817283577042133,0.06888888888888889,5.634766970860955
U001,28.61777623373454,77.21494976422709,2025-02-14 03:51:35,3,14,4,2,0,0.45791043698696093,0.012222222222222223,37.465399389842254
U001,28.61303234845241,77.21243654129998,2025-02-14 04:04:37,4,14,4,2,0,0.5817520223680825,0.21722222222222223,2.6781423024617608
U001,28.616518319572968,77.20816254842275,2025-02-14 04:26:29,4,14,4,2,0,0.5694791251112051,0.36444444444444446,1.5625951603661117
U001,28.61437402803688,77.20887600889466,2025-02-14 04:36:40,4,14,4,2,0,0.2483970095356773,0.16972222222222222,1.4635503016832052
U001,28.61167932988856,77.2064948102955,2025-02-14 05:04:01,5,14,4,2,0,0.37922425198903487,0.4558333333333333,0.8319362018040984
U001,28.61448873786121,77.20615146167432,2025-02-14 05:31:32,5,14,4,2,0,0.3141847074343799,0.45861111111111114,0.6850787079126393
U001,28.61466912641688,77.20449811795568,2025-02-14 05:38:08,5,14,4,2,0,0.1626307062112563,0.11,1.4784609655568755
U001,28.61200935599421,77.21043666289937,2025-02-14 05:47:25,5,14,4,2,0,0.6507769001525878,0.15472222222222223,4.206098457000567
U001,28.613555443700896,77.20855356543537,2025-02-14 06:00:11,6,14,4,2,0,0.2516843554310304,0.2127777777777778,1.182850756594921
U001,28.618729677355763,77.21057143371888,2025-02-14 06:03:31,6,14,4,2,0,0.6081304045354156,0.05555555555555555,10.94634728163748
U001,28.6108254501558,77.20935637186787,2025-02-14 06:52:41,6,14,4,2,0,0.8868766643882738,0.8194444444444444,1.0822901667111138
U001,28.61275793343272,77.2090705748289,2025-02-14 07:04:35,7,14,4,2,0,0.21668581365207046,0.19833333333333333,1.09253351421212
U001,28.61269032733856,77.21482934243859,2025-02-14 07:20:05,7,14,4,2,0,0.5621948352111651,0.25833333333333336,2.176238071785155
U001,28.614006313165763,77.20834945902037,2025-02-14 07:22:38,7,14,4,2,0,0.6492384334285507,0.0425,15.276198433612956
U001,28.61306528548452,77.2101992232482,2025-02-14 07:25:40,7,14,4,2,0,0.20869215052739193,0.050555555555555555,4.127976603838522
U001,28.61763677169009,77.20738429560934,2025-02-14 07:54:38,7,14,4,2,0,0.5778372362372668,0.48277777777777775,1.1969010647031995
U001,28.6303215453112,77.22237761469111,2025-02-14 08:22:44,8,14,4,2,0,2.0325023880639663,0.4683333333333333,4.339862750314519
U001,28.63048212886878,77.21799543884164,2025-02-14 08:38:45,8,14,4,2,0,0.4280685387585088,0.26694444444444443,1.603586617617723
U001,28.62799820796321,77.21661617806208,2025-02-14 08:48:56,8,14,4,2,0,0.3072581420197401,0.16972222222222222,1.8103589382505145
U001,28.63121954142953,77.21584518350207,2025-02-14 08:49:29,8,14,4,2,0,0.3660146468692898,0.009166666666666667,39.92887056755889
U001,28.629902155595683,77.21717414758186,2025-02-14 08:58:56,8,14,4,2,0,0.19565738227411594,0.1575,1.2422690938039107
U001,28.631164374723625,77.21776344504552,2025-02-14 09:15:03,9,14,4,2,0,0.1516797101682337,0.26861111111111113,0.5646814442664336
U001,28.626096616191703,77.21488968214005,2025-02-14 09:23:03,9,14,4,2,0,0.6294538003642929,0.13333333333333333,4.720903502732197
U001,28.628189659103523,77.22029668436316,2025-02-14 09:24:11,9,14,4,2,0,0.576775081386298,0.01888888888888889,30.53515136750989
U001,28.631378450047503,77.21767519137214,2025-02-14 09:55:54,9,14,4,2,0,0.43725016707216213,0.5286111111111111,0.8271679461165442
U001,28.626214635476195,77.22124186995836,2025-02-14 09:59:14,9,14,4,2,0,0.6714718229915665,0.05555555555555555,12.086492813848198
U001,28.62643702204962,77.2177639001688,2025-02-14 10:08:20,10,14,4,2,0,0.34035902424240844,0.15166666666666667,2.2441254345653303
U001,28.6295912301161,77.22022538356165,2025-02-14 10:09:00,10,14,4,2,0,0.4251234638962453,0.011111111111111112,38.261111750662074
U001,28.628201969180363,77.21700764373323,2025-02-14 10:25:13,10,14,4,2,0,0.34998967767052075,0.2702777777777778,1.2949258372187817
U001,28.6316129640934,77.21758041079978,2025-02-14 10:37:23,10,14,4,2,0,0.3833827942804872,0.20277777777777778,1.8906548759037725
U001,28.63130944653036,77.21722763278977,2025-02-14 11:13:24,11,14,4,2,0,0.04821297567441874,0.6002777777777778,0.08031777530213209
U001,28.630199567254024,77.21846253106652,2025-02-14 11:36:23,11,14,4,2,0,0.17250186150233485,0.38305555555555554,0.45033118303727737
U001,28.6279921866494,77.21849928558242,2025-02-14 11:45:05,11,14,4,2,0,0.24547573685305574,0.145,1.6929361162279708
U001,28.63141506360128,77.21902206537476,2025-02-14 11:57:44,11,14,4,2,0,0.38401133586674907,0.21083333333333334,1.821397640474699
U001,28.63036991445647,77.2168533810138,2025-02-14 12:09:36,12,14,4,2,0,0.24146661782477058,0.19777777777777777,1.2208986294510873
U001,28.63134601537809,77.21625346626132,2025-02-14 12:19:32,12,14,4,2,0,0.12332307695700873,0.16555555555555557,0.7449044916866299
U001,28.62987558606129,77.21853259303086,2025-02-14 12:37:38,12,14,4,2,0,0.27606742110471055,0.3016666666666667,0.9151406224465543
U001,28.632967909683888,77.22075391551687,2025-02-14 12:37:52,12,14,4,2,0,0.4064900091643773,0.0038888888888888888,104.52600235655416
U001,28.629798090747496,77.21786684267376,2025-02-14 12:39:57,12,14,4,2,0,0.45125318322764213,0.034722222222222224,12.996091676956093
U001,28.63284348100528,77.21800555873605,2025-02-14 13:17:49,13,14,4,2,0,0.3389024699646707,0.6311111111111111,0.5369933502961333
U001,28.635541408588203,77.2119323632982,2025-02-14 13:35:21,13,14,4,2,0,0.6643118274885332,0.2922222222222222,2.2733104362725474
U001,28.63166496233782,77.21700181646554,2025-02-14 13:41:41,13,14,4,2,0,0.6561877748645332,0.10555555555555556,6.216515761874525
U001,28.6315742883426,77.22172909073741,2025-02-14 13:47:37,13,14,4,2,0,0.46148202067385574,0.09888888888888889,4.666672119173822
U001,28.631622429584333,77.21741658556228,2025-02-14 13:51:03,13,14,4,2,0,0.4209254137703176,0.05722222222222222,7.355978104723997
U001,28.631752493543623,77.2205193273431,2025-02-14 14:00:54,14,14,4,2,0,0.3031659313682945,0.16416666666666666,1.8466960286393574
U001,28.63202471122513,77.21666382318953,2025-02-14 14:04:03,14,14,4,2,0,0.3775034912206752,0.0525,7.190542689917623
U001,28.631197016303947,77.21726646141346,2025-02-14 14:23:23,14,14,4,2,0,0.10922396775880805,0.32222222222222224,0.33897093442388704
U001,28.629785735560063,77.22076819622251,2025-02-14 14:35:49,14,14,4,2,0,0.3760715713552532,0.20722222222222222,1.8148225963524283
U001,28.63591313534324,77.2199682154854,2025-02-14 14:36:06,14,14,4,2,0,0.6857945856047295,0.004722222222222222,145.22708871629567
U001,28.63100771952877,77.21775062764955,2025-02-14 15:16:26,15,14,4,2,0,0.5868260540495187,0.6722222222222223,0.8729643779249038
U001,28.632463982450872,77.21611992393947,2025-02-14 15:25:21,15,14,4,2,0,0.2270477942636811,0.1486111111111111,1.5277982417743028
U001,28.637253333820745,77.21695622315985,2025-02-14 15:39:44,15,14,4,2,0,0.5387696709675313,0.23972222222222223,2.2474748730974654
U001,28.628685326923407,77.21726575645162,2025-02-14 16:11:43,16,14,4,2,0,0.9531977272548481,0.5330555555555555,1.7881770808324406
U001,28.62817885471514,77.21850918910644,2025-02-14 16:14:58,16,14,4,2,0,0.13379044548245864,0.05416666666666667,2.469977455060775
U001,28.631329841696,77.21954016949137,2025-02-14 16:15:04,16,14,4,2,0,0.3645364434502059,0.0016666666666666668,218.72186607012353
U001,28.632488705598348,77.21811757310016,2025-02-14 16:29:05,16,14,4,2,0,0.18942529190863278,0.2336111111111111,0.8108573732117456
U001,28.630087018319625,77.21918050987237,2025-02-14 16:39:33,16,14,4,2,0,0.28649736164336187,0.17444444444444446,1.642341563560673
U001,28.63194733012513,77.21636658378173,2025-02-14 17:15:02,17,14,4,2,0,0.3438228628526458,0.5913888888888889,0.5813820132783114
U001,28.631360757033388,77.21398307013683,2025-02-14 17:43:27,17,14,4,2,0,0.2415965828582313,0.4736111111111111,0.5101159520760309
U001,28.63013046947041,77.21622547191183,2025-02-14 17:43:36,17,14,4,2,0,0.25809382001528947,0.0025,103.23752800611578
U001,28.62863481988457,77.21912100704746,2025-02-14 18:44:35,18,14,4,2,0,0.32790794885820945,1.0163888888888888,0.322620556406
U001,28.63083853007612,77.21829295837466,2025-02-14 18:46:09,18,14,4,2,0,0.2580246288824297,0.026111111111111113,9.881794297624968
U001,28.630264571657715,77.21523478317894,2025-02-14 18:46:21,18,14,4,2,0,0.305221430665018,0.0033333333333333335,91.5664291995054
U001,28.63127022856717,77.21806154492121,2025-02-14 18:51:28,18,14,4,2,0,0.29768920635249585,0.08527777777777777,3.4908180549478343
U001,28.61175360651112,77.23329991989362,2025-02-14 19:06:30,19,14,4,2,0,2.6309381757266115,0.25055555555555553,10.500418439707097
U001,28.612868416716253,77.2326229974926,2025-02-14 19:09:18,19,14,4,2,0,0.14047325211463535,0.04666666666666667,3.010141116742186
U001,28.60802005248305,77.22961691444755,2025-02-14 19:23:06,19,14,4,2,0,0.6138030582022485,0.23,2.668708948705428
U001,28.6101599867116,77.22923008712942,2025-02-14 19:24:09,19,14,4,2,0,0.2409275024248484,0.0175,13.76728585284848
U001,28.61174221804497,77.23050411657832,2025-02-14 19:46:31,19,14,4,2,0,0.2154545628121699,0.37277777777777776,0.5779705112696063
U001,28.60993141085415,77.23015628183012,2025-02-14 20:05:30,20,14,4,2,0,0.20419543751111346,0.3163888888888889,0.645393832344169
U001,28.610848370502268,77.23009705195022,2025-02-14 20:06:13,20,14,4,2,0,0.10212506463320375,0.011944444444444445,8.550005411151941
U001,28.608212074834032,77.22579186062028,2025-02-14 20:16:21,20,14,4,2,0,0.5124022379194678,0.1688888888888889,3.033960619260007
U001,28.61089957181943,77.23112587118975,2025-02-14 20:28:33,20,14,4,2,0,0.6003572221518798,0.20333333333333334,2.952576502386294
U001,28.61059118636626,77.23063348007919,2025-02-14 20:32:17,20,14,4,2,0,0.05904400078916614,0.06222222222222222,0.9489214412544559
U001,28.6113355293757,77.20572653328608,2025-02-14 21:04:56,21,14,4,2,0,2.4327514196192843,0.5441666666666667,4.470599852286587
U001,28.61107586859815,77.20990127474089,2025-02-14 21:10:25,21,14,4,2,0,0.40854660836912154,0.0913888888888889,4.470418814981269
U001,28.614972589087348,77.20744926954839,2025-02-14 21:19:18,21,14,4,2,0,0.49500992136847555,0.14805555555555555,3.343406598361186
U001,28.614756088295177,77.21156766394607,2025-02-14 21:50:56,21,14,4,2,0,0.40273081116210097,0.5272222222222223,0.7638729821831208
U001,28.6151642592002,77.20799765544551,2025-02-14 21:57:38,21,14,4,2,0,0.35142366406505277,0.11166666666666666,3.1470775886422637
U001,28.616666492292907,77.21097355211782,2025-02-14 22:21:23,22,14,4,2,0,0.33508789972571795,0.3958333333333333,0.8465378519386559
U001,28.61407644449209,77.21172613449941,2025-02-14 22:37:45,22,14,4,2,0,0.29722169683150695,0.2727777777777778,1.089611108547276
U001,28.61774107314947,77.21124218719153,2025-02-14 22:45:17,22,14,4,2,0,0.41021715510364265,0.12555555555555556,3.2672162795865343
U001,28.613773123767444,77.20981929874014,2025-02-14 23:02:13,23,14,4,2,0,0.46256066147722374,0.2822222222222222,1.6389944698011867
U001,28.616076476650864,77.21000806532294,2025-02-14 23:24:02,23,14,4,2,0,0.25678311628403444,0.3636111111111111,0.7062026116291246
U001,28.61288560424396,77.20896114312083,2025-02-14 23:42:29,23,14,4,2,0,0.36923288726228665,0.3075,1.2007573569505257
U001,28.61406199404568,77.20973751674704,2025-02-14 23:48:35,23,14,4,2,0,0.1511764750462772,0.10166666666666667,1.486981721766661
U001,28.61595167800748,77.20741773210817,2025-02-14 23:55:01,23,14,4,2,0,0.3089137430938374,0.10722222222222222,2.881060816419209
U001,28.61524170986165,77.20988469033429,2025-02-15 00:17:56,0,15,5,2,1,0.2534168678283289,0.3819444444444444,0.6634914357687157
U001,28.612420007521003,77.20915399322767,2025-02-15 00:49:56,0,15,5,2,1,0.32176416630585636,0.5333333333333333,0.6033078118234807
U001,28.613058141947025,77.20756981702557,2025-02-15 00:55:25,0,15,5,2,1,0.17014251422868684,0.0913888888888889,1.8617417970312238
U001,28.615512696896435,77.20964663725412,2025-02-15 01:01:49,1,15,5,2,1,0.3399869239170296,0.10666666666666667,3.1873774117221525
U001,28.61311018730497,77.20476180225839,2025-02-15 01:02:09,1,15,5,2,1,0.5465642250281907,0.005555555555555556,98.38156050507432
U001,28.6123149176155,77.20795685512203,2025-02-15 01:27:22,1,15,5,2,1,0.32418056766461256,0.42027777777777775,0.7713483434187741
U001,28.61628329600832,77.21035834003924,2025-02-15 01:27:52,1,15,5,2,1,0.49966542072800374,0.008333333333333333,59.95985048736045
U001,28.61368506860792,77.20750131540731,2025-02-15 01:49:18,1,15,5,2,1,0.4015531439244069,0.3572222222222222,1.1240990032098481
U001,28.61506954839753,77.20948186415393,2025-02-15 02:08:34,2,15,5,2,1,0.24713528471613425,0.3211111111111111,0.76962545413329
U001,28.613463625643664,77.20653156279516,2025-02-15 02:20:33,2,15,5,2,1,0.3388599356494837,0.19972222222222222,1.6966561451156346
U001,28.61821775783444,77.20964951921611,2025-02-15 02:21:09,2,15,5,2,1,0.6099879307275589,0.01,60.99879307275589
U001,28.612625235500555,77.20586553079342,2025-02-15 02:41:51,2,15,5,2,1,0.7232851188579428,0.345,2.0964786053853417
U001,28.61291062855776,77.20844529120689,2025-02-15 02:53:47,2,15,5,2,1,0.2538159748070606,0.1988888888888889,1.2761697057338242
U001,28.615141046626945,77.20953520047395,2025-02-15 03:07:33,3,15,5,2,1,0.2698675805437542,0.22944444444444445,1.1761783171398488
U001,28.61163305436169,77.20791819281533,2025-02-15 03:42:10,3,15,5,2,1,0.4207969073148815,0.5769444444444445,0.7293542928905024
U001,28.61366892892637,77.20823323923153,2025-02-15 03:48:27,3,15,5,2,1,0.22845828746019523,0.10472222222222222,2.1815645486915196
U001,28.6161618690864,77.21063952093698,2025-02-15 04:18:32,4,15,5,2,1,0.3633348706468657,0.5013888888888889,0.7246568057222806
U001,28.61740241899531,77.20643725864427,2025-02-15 04:29:33,4,15,5,2,1,0.4327630921607354,0.1836111111111111,2.3569548135834304
U001,28.613964773656456,77.20742511010513,2025-02-15 04:41:15,4,15,5,2,1,0.3942235633997947,0.195,2.0216592994861267
U001,28.61664950611041,77.20847413624105,2025-02-15 05:08:08,5,15,5,2,1,0.3156023113315112,0.44805555555555554,0.704382095966175
U001,28.61621561807958,77.20934041518137,2025-02-15 05:14:19,5,15,5,2,1,0.09735476309217549,0.10305555555555555,0.9446823372825653
U001,28.611984236869965,77.20702058670864,2025-02-15 05:21:09,5,15,5,2,1,0.5221653278904984,0.11388888888888889,4.584866293672669
U001,28.61207606182684,77.20906307382177,2025-02-15 05:52:05,5,15,5,2,1,0.1996408478839792,0.5155555555555555,0.38723440322323555
U001,28.61772051089604,77.2121393837329,2025-02-15 06:20:33,6,15,5,2,1,0.6957715897245245,0.47444444444444445,1.4664974959064918
U001,28.6139125329642,77.21111117984962,2025-02-15 06:20:37,6,15,5,2,1,0.43516017720702344,0.0011111111111111111,391.6441594863211
U001,28.61047025072705,77.20847903118458,2025-02-15 06:27:50,6,15,5,2,1,0.46100596125024834,0.12027777777777778,3.83284401963255
U001,28.61167097158754,77.20946953058099,2025-02-15 06:46:08,6,15,5,2,1,0.16484803502926207,0.305,0.540485360751679
U001,28.61275419805209,77.20852827786953,2025-02-15 06:51:06,6,15,5,2,1,0.15149320828235727,0.08277777777777778,1.830119294686195
U001,28.61512605578155,77.20965893713823,2025-02-15 07:08:12,7,15,5,2,1,0.28590073319682646,0.285,1.0031604673572858
U001,28.613117240651924,77.20839332110249,2025-02-15 07:46:43,7,15,5,2,1,0.25525831548869615,0.6419444444444444,0.3976330314839057
U001,28.614731480970104,77.2120562273986,2025-02-15 07:47:14,7,15,5,2,1,0.4000775776882336,0.008611111111111111,46.46062192508519
U001,28.610309468502724,77.20857517998819,2025-02-15 08:21:20,8,15,5,2,1,0.5976966762129637,0.5683333333333334,1.0516657059465637
U001,28.61459850306716,77.21212233807344,2025-02-15 08:49:47,8,15,5,2,1,0.5893610076195813,0.4741666666666667,1.242940613608959
U001,28.614009162780224,77.2083227884628,2025-02-15 08:58:45,8,15,5,2,1,0.37663392416223024,0.14944444444444444,2.52022700182905
U001,28.62878568395484,77.19017960879204,2025-02-15 09:04:04,9,15,5,2,1,2.4157416889510377,0.08861111111111111,27.262288652738984
U001,28.62737957417936,77.19629388373095,2025-02-15 09:26:15,9,15,5,2,1,0.6169026353934346,0.36972222222222223,1.6685570904705969
U001,28.623935509654046,77.19544628838011,2025-02-15 09:54:11,9,15,5,2,1,0.3917961615115228,0.46555555555555556,0.8415669340342972
U001,28.62771781566036,77.19262481725737,2025-02-15 09:58:47,9,15,5,2,1,0.502711258840872,0.07666666666666666,6.557103376185287
U001,28.622514952762515,77.19658499917799,2025-02-15 10:00:16,10,15,5,2,1,0.6957758830455544,0.024722222222222222,28.14374358386512
U001,28.624935902022365,77.19735604364816,2025-02-15 10:07:25,10,15,5,2,1,0.2795191092172891,0.11916666666666667,2.3456149025227058
U001,28.62571659736279,77.19560195186901,2025-02-15 10:39:18,10,15,5,2,1,0.19195654812587434,0.5313888888888889,0.3612355322807881
U001,28.62324665531532,77.19692493934481,2025-02-15 10:44:27,10,15,5,2,1,0.3034869444538125,0.08583333333333333,3.5357702266463598
U001,28.62280560725084,77.19222628883671,2025-02-15 10:46:24,10,15,5,2,1,0.46123051995384107,0.0325,14.191708306272032
U001,28.627441099654853,77.19457477077115,2025-02-15 11:15:13,11,15,5,2,1,0.5641134637680526,0.4802777777777778,1.1745566625592767
U001,28.6231580878178,77.1929074645737,2025-02-15 11:20:31,11,15,5,2,1,0.5032852794040261,0.08833333333333333,5.697569200800296
U001,28.626626968587853,77.19420552737493,2025-02-15 11:22:30,11,15,5,2,1,0.4059967526796921,0.03305555555555555,12.282254702915056
U001,28.62561359608206,77.1956939322174,2025-02-15 11:28:53,11,15,5,2,1,0.18385150591811011,0.1063888888888889,1.7281081496219226
U001,28.598732965218023,77.20356085282037,2025-02-15 12:36:24,12,15,5,2,1,3.086063331728034,1.1252777777777778,2.7424902478945747
U001,28.6051207165248,77.20573119474098,2025-02-15 12:36:30,12,15,5,2,1,0.7412145089640426,0.0016666666666666668,444.72870537842556
U001,28.60108693886073,77.20792776188287,2025-02-15 12:48:15,12,15,5,2,1,0.4971599912092232,0.19583333333333333,2.5386893168130547
U001,28.60122323907355,77.20424246236465,2025-02-15 13:11:29,13,15,5,2,1,0.36010079338560697,0.38722222222222225,0.9299590073085976
U001,28.60056751373761,77.20573282828485,2025-02-15 13:16:36,13,15,5,2,1,0.16274624136562282,0.08527777777777777,1.9084249801831994
U001,28.599763566352262,77.20770351521314,2025-02-15 13:20:25,13,15,5,2,1,0.21214687526081932,0.0636111111111111,3.335060047768339
U001,28.59912202555569,77.2084257707161,2025-02-15 13:32:42,13,15,5,2,1,0.10030356976754475,0.20472222222222222,0.4899495945226066
U001,28.597743815520182,77.20051306540674,2025-02-15 13:55:26,13,15,5,2,1,0.7875613775057086,0.3788888888888889,2.0786077412174127
U001,28.59926465933229,77.20482186156997,2025-02-15 14:06:09,14,15,5,2,1,0.4533813857735867,0.1786111111111111,2.538371677737033
U001,28.600318867324,77.20239693279926,2025-02-15 14:40:23,14,15,5,2,1,0.26417186219575206,0.5705555555555556,0.4630081323781438
U001,28.59977386210365,77.20657382281995,2025-02-15 14:55:05,14,15,5,2,1,0.4122566830608348,0.245,1.6826803390238154
U001,28.598945653256425,77.20384150895369,2025-02-15 15:03:58,15,15,5,2,1,0.2821995240505576,0.14805555555555555,1.9060380611294698
U001,28.60368633019092,77.20558829378881,2025-02-15 15:17:11,15,15,5,2,1,0.5540368321994241,0.22027777777777777,2.5151735131373605
U001,28.602123100994405,77.20210268869297,2025-02-15 15:22:32,15,15,5,2,1,0.3821065365028669,0.08916666666666667,4.285306951434022
U001,28.59863806608213,77.20597700788257,2025-02-15 15:32:48,15,15,5,2,1,0.5415110022792579,0.1711111111111111,3.1646746886450137
U001,28.638107483888504,77.22566749109833,2025-02-15 16:18:34,16,15,5,2,1,4.791201124821166,0.7627777777777778,6.281254205883538
U001,28.64168579098572,77.22918515251561,2025-02-15 16:20:39,16,15,5,2,1,0.5255126784272095,0.034722222222222224,15.134765138703633
U001,28.64048376230045,77.22523169750724,2025-02-15 16:25:11,16,15,5,2,1,0.408310259723005,0.07555555555555556,5.404106378686831
U001,28.63947234152059,77.22573569650767,2025-02-15 16:50:29,16,15,5,2,1,0.12274990451017515,0.4216666666666667,0.29110649290950624
U001,28.6332369008573,77.22481972343729,2025-02-15 17:01:33,17,15,5,2,1,0.6990882990577552,0.18444444444444444,3.790237765975781
U001,28.6427816261152,77.22272285850055,2025-02-15 17:06:28,17,15,5,2,1,1.0808733233007632,0.08194444444444444,13.190318521636433
U001,28.642938145040063,77.22573100149572,2025-02-15 17:16:30,17,15,5,2,1,0.29407234455486386,0.16722222222222222,1.758572160128754
U001,28.64029191227175,77.22699905991145,2025-02-15 17:28:24,17,15,5,2,1,0.3192103581043358,0.19833333333333333,1.6094639904420291
U001,28.639141148365564,77.22933674290184,2025-02-15 18:22:31,18,15,5,2,1,0.2615706979763053,0.9019444444444444,0.29000754934237727
U001,28.641181936638173,77.22447074289155,2025-02-15 18:27:00,18,15,5,2,1,0.5263069685048852,0.07472222222222222,7.043513333150881
U001,28.63962464547646,77.22419905037296,2025-02-15 18:52:47,18,15,5,2,1,0.1751810339326293,0.4297222222222222,0.40766110029571134
U001,28.643069383548017,77.22644162141577,2025-02-15 19:34:53,19,15,5,2,1,0.4411495270686906,0.7016666666666667,0.6287166656560911
U001,28.6437345986426,77.22453153328628,2025-02-15 19:35:19,19,15,5,2,1,0.20053965029894005,0.007222222222222222,27.767028502930163
U001,28.63884762392452,77.22531951278357,2025-02-15 19:42:42,19,15,5,2,1,0.5488207828450322,0.12305555555555556,4.459943156302745
U001,28.609317756370928,77.2087635808184,2025-02-15 20:18:28,20,15,5,2,1,3.6596587542010326,0.5961111111111111,6.139222514037146
U001,28.61348254782003,77.20930428089152,2025-02-15 20:18:43,20,15,5,2,1,0.4661017994586341,0.004166666666666667,111.8644318700722
U001,28.60988486339881,77.20839039760509,2025-02-15 20:30:48,20,15,5,2,1,0.4098705027930197,0.2013888888888889,2.035219048351546
U001,28.616474107940192,77.21042226372761,2025-02-15 20:45:16,20,15,5,2,1,0.759061568510579,0.2411111111111111,3.1481816205507887
U001,28.616078022793165,77.21039830894826,2025-02-15 20:45:38,20,15,5,2,1,0.04410468614001799,0.006111111111111111,7.21713045927567
U001,28.61700932210747,77.2099386632581,2025-02-15 21:07:53,21,15,5,2,1,0.11285757439059677,0.37083333333333335,0.3043350320645306
U001,28.614701340327485,77.21112805924471,2025-02-15 21:17:17,21,15,5,2,1,0.28167563397194534,0.15666666666666668,1.7979295785443319
U001,28.61469220023457,77.21003669842783,2025-02-15 21:45:03,21,15,5,2,1,0.10653650170599997,0.4627777777777778,0.2302109280561824
U001,28.618216122849443,77.21032503265192,2025-02-15 22:14:54,22,15,5,2,1,0.39285179750679416,0.4975,0.7896518542850134
U001,28.6139140783368,77.21055376682268,2025-02-15 22:43:03,22,15,5,2,1,0.47888629310214725,0.4691666666666667,1.0207167881395678
U001,28.61535891924558,77.21109150176457,2025-02-15 22:49:38,22,15,5,2,1,0.16901637816659382,0.10972222222222222,1.5404024339233866
U001,28.615824147905283,77.21329692762164,2025-02-15 23:30:09,23,15,5,2,1,0.22140595649558167,0.6752777777777778,0.32787389690830687
U001,28.61779120361115,77.20876470721288,2025-02-15 23:31:24,23,15,5,2,1,0.4935147681608594,0.020833333333333332,23.68870887172125
U001,28.6124654862486,77.20895345567877,2025-02-15 23:36:36,23,15,5,2,1,0.5924792918008238,0.08666666666666667,6.836299520778736
U001,28.61434710886945,77.21253527592238,2025-02-16 00:00:33,0,16,6,2,1,0.4074592946388305,0.39916666666666667,1.0207748508697216
U001,28.616679307097463,77.20849754548938,2025-02-16 00:36:53,0,16,6,2,1,0.4717978306186978,0.6055555555555555,0.7791156835905102
U001,28.61281109578478,77.2108594197055,2025-02-16 00:57:44,0,16,6,2,1,0.48801808730051466,0.3475,1.4043685965482438
U001,28.61509513061045,77.2076274238874,2025-02-16 00:59:37,0,16,6,2,1,0.4050131067259016,0.03138888888888889,12.90307242666589
U001,28.60956974181307,77.20680993393226,2025-02-16 01:02:19,1,16,6,2,1,0.6195558838044612,0.045,13.767908528988029
U001,28.615573525008376,77.20757231899843,2025-02-16 01:13:58,1,16,6,2,1,0.6717255031082463,0.19416666666666665,3.45953048811114
U001,28.613986190598265,77.20812386213713,2025-02-16 01:59:36,1,16,6,2,1,0.18453193400771167,0.7605555555555555,0.2426278168107239
U001,28.61229792084958,77.20981711737905,2025-02-16 02:15:04,2,16,6,2,1,0.2501225497683398,0.2577777777777778,0.9703029947909734
U001,28.613590601617343,77.20813011602495,2025-02-16 02:36:21,2,16,6,2,1,0.21858539744873248,0.3547222222222222,0.6162156858382435
U001,28.61239346813256,77.20944981176473,2025-02-16 02:48:39,2,16,6,2,1,0.1852426602337607,0.205,0.9036227328476133
U001,28.61341939030044,77.20579788940293,2025-02-16 03:00:11,3,16,6,2,1,0.37429135545143544,0.1922222222222222,1.9471804618860804
U001,28.61458579986133,77.2094907594814,2025-02-16 03:24:20,3,16,6,2,1,0.3830995223614433,0.4025,0.9518000555563808
U001,28.61227625924197,77.2110515307996,2025-02-16 03:42:06,3,16,6,2,1,0.29860142172190957,0.2961111111111111,1.008410054595567
U001,28.616287625901005,77.20688613331707,2025-02-16 03:58:30,3,16,6,2,1,0.6035555582936473,0.2733333333333333,2.208130091318222
U001,28.61393226691678,77.20833376087792,2025-02-16 04:02:41,4,16,6,2,1,0.297592876634091,0.06972222222222223,4.268264366066644
U001,28.610675895481705,77.2106695302738,2025-02-16 04:18:10,4,16,6,2,1,0.4278998390730918,0.25805555555555554,1.6581694517364163
U001,28.61334495889942,77.20663636748732,2025-02-16 04:41:23,4,16,6,2,1,0.4930345403916628,0.3869444444444444,1.2741739737329405
U001,28.613308271486435,77.20881246533459,2025-02-16 05:04:21,5,16,6,2,1,0.2124586759208591,0.3827777777777778,0.5550444363679918
U001,28.609868726651303,77.20775442855435,2025-02-16 05:11:10,5,16,6,2,1,0.39615999169944677,0.11361111111111111,3.4869828120244706
U001,28.61553352635613,77.20724535776104,2025-02-16 05:23:01,5,16,6,2,1,0.6318541181816527,0.1975,3.199261357881786
U001,28.61241107900824,77.20817623288796,2025-02-16 05:47:29,5,16,6,2,1,0.35889386630818565,0.4077777777777778,0.880121198030973
U001,28.615166740207297,77.20290017190754,2025-02-16 05:48:42,5,16,6,2,1,0.5992794132650779,0.020277777777777777,29.553505311702477
U001,28.612422358354,77.21064929470776,2025-02-16 06:00:29,6,16,6,2,1,0.8156617552355853,0.1963888888888889,4.1532988951175485
U001,28.61329764163425,77.20795101693595,2025-02-16 06:13:04,6,16,6,2,1,0.28079981435463125,0.20972222222222223,1.3389130220883079
U001,28.61291070039477,77.20687471404408,2025-02-16 06:42:05,6,16,6,2,1,0.11353212743998667,0.4836111111111111,0.23475913772771512
U001,28.614450542681343,77.20851757288291,2025-02-16 07:33:51,7,16,6,2,1,0.23459484623497573,0.8627777777777778,0.27190645410364217
U001,28.613910834702388,77.20843283698952,2025-02-16 07:56:23,7,16,6,2,1,0.060580121988600945,0.37555555555555553,0.1613080171294108
U001,28.6157236601607,77.20747679302976,2025-02-16 07:57:31,7,16,6,2,1,0.22213155121145076,0.01888888888888889,11.759905652370922
U001,28.62537415592853,77.19424799372031,2025-02-16 08:30:28,8,16,6,2,1,1.6789316013366162,0.5491666666666667,3.0572350858936863
U001,28.623576539170955,77.19546225246236,2025-02-16 08:38:21,8,16,6,2,1,0.2323804364304624,0.1313888888888889,1.7686460278005596
U001,28.62507733827172,77.19288107227696,2025-02-16 08:54:04,8,16,6,2,1,0.30219311958085654,0.2619444444444444,1.1536534787816368
U001,28.62430530496628,77.19306339674812,2025-02-16 08:58:16,8,16,6,2,1,0.0876712784150324,0.07,1.2524468345004627
U001,28.62572266373689,77.19155672055298,2025-02-16 08:59:01,8,16,6,2,1,0.21555668721765267,0.0125,17.24453497741221
U001,28.624132152217644,77.19667828527514,2025-02-16 09:13:29,9,16,6,2,1,0.5302489853172376,0.2411111111111111,2.1991893400254097
U001,28.624351679375945,77.19984673621558,2025-02-16 09:16:42,9,16,6,2,1,0.31021766251738464,0.05361111111111111,5.786443445920129
U001,28.62635374100848,77.19676172194463,2025-02-16 09:27:24,9,16,6,2,1,0.37446729856055677,0.17833333333333334,2.099816627442374
U001,28.62621945815402,77.19649912336224,2025-02-16 09:53:14,9,16,6,2,1,0.029662557829905165,0.4305555555555556,0.06889368270171521
U001,28.624223687102624,77.19416705081002,2025-02-16 09:56:26,9,16,6,2,1,0.317897472311043,0.05333333333333334,5.960577605832055
U001,28.625897971399446,77.19248722454398,2025-02-16 10:05:06,10,16,6,2,1,0.24807682370660114,0.14444444444444443,1.7174549333533926
U001,28.623330816447044,77.19541859268553,2025-02-16 10:45:49,10,16,6,2,1,0.404160561505281,0.6786111111111112,0.5955702093405696
U001,28.62400072868997,77.19480520805223,2025-02-16 10:59:13,10,16,6,2,1,0.09556804146798503,0.22333333333333333,0.4279166035879927
U001,28.59803055851821,77.20698489365711,2025-02-16 11:00:25,11,16,6,2,1,3.122930669654618,0.02,156.14653348273092
U001,28.60127353060325,77.20401079089359,2025-02-16 11:13:41,11,16,6,2,1,0.4629681803346632,0.22111111111111112,2.0938259412120446
U001,28.59757871841364,77.20748512691839,2025-02-16 11:26:18,11,16,6,2,1,0.5327702395922497,0.21027777777777779,2.5336497523541595
U001,28.59907412125263,77.20856181555439,2025-02-16 11:45:50,11,16,6,2,1,0.19672004884319944,0.32555555555555554,0.6042595356958345
U001,28.59878207091475,77.20580418531893,2025-02-16 12:07:31,12,16,6,2,1,0.2711741278509203,0.36138888888888887,0.7503665336382115
U001,28.59981932708673,77.20237880764337,2025-02-16 12:19:28,12,16,6,2,1,0.353743473861711,0.19916666666666666,1.7761178603935281
U001,28.598005784480925,77.20467593011936,2025-02-16 12:21:54,12,16,6,2,1,0.3015954503582968,0.04055555555555555,7.436600145821018
U001,28.600820670747883,77.2034284513429,2025-02-16 13:16:37,13,16,6,2,1,0.3358602916296738,0.9119444444444444,0.36829029846689787
U001,28.599831201254656,77.20676449938279,2025-02-16 13:25:00,13,16,6,2,1,0.3437703852883415,0.13972222222222222,2.460384467272424
U001,28.60150874420491,77.20755867138793,2025-02-16 13:31:01,13,16,6,2,1,0.2020056814764666,0.10027777777777777,2.0144610895160104
U001,28.60102469415176,77.20268179684766,2025-02-16 13:32:56,13,16,6,2,1,0.4791428416451084,0.03194444444444444,14.999254173238176
U001,28.59873983942629,77.20471464492348,2025-02-16 13:52:54,13,16,6,2,1,0.32239052338108826,0.3327777777777778,0.9687862138329864
U001,28.59712519095211,77.20572955070406,2025-02-16 14:17:58,14,16,6,2,1,0.20506728260550533,0.4177777777777778,0.4908525381514755
U001,28.598240946856112,77.20507791823012,2025-02-16 14:31:50,14,16,6,2,1,0.13942662207658027,0.2311111111111111,0.6032882686005877
U001,28.60083272934148,77.205232749615,2025-02-16 14:32:03,14,16,6,2,1,0.28858920640454505,0.003611111111111111,79.91701100433555
U001,28.599886609987184,77.20266875711117,2025-02-16 14:43:09,14,16,6,2,1,0.2715239495068486,0.185,1.4676970243613439
U001,28.59534109552965,77.20820995532253,2025-02-16 14:48:20,14,16,6,2,1,0.7403591478832093,0.08638888888888889,8.570073737554834
U001,28.639071492701664,77.22396256543665,2025-02-16 15:32:53,15,16,6,2,1,5.099919094220492,0.7425,6.868577904674062
U001,28.63421023695573,77.22295889675193,2025-02-16 15:45:38,15,16,6,2,1,0.5493500497068186,0.2125,2.5851767045026754
U001,28.64103516146529,77.22765626201553,2025-02-16 15:48:27,15,16,6,2,1,0.8866112789760261,0.04694444444444444,18.886394108365053
U001,28.643891240184825,77.22645758792898,2025-02-16 16:02:49,16,16,6,2,1,0.3384395906941935,0.23944444444444443,1.4134368056834068
U001,28.64060080076765,77.22520927237922,2025-02-16 16:08:36,16,16,6,2,1,0.3856274823352074,0.09638888888888889,4.0007462144286645
U001,28.638017998390275,77.22417186455242,2025-02-16 16:49:34,16,16,6,2,1,0.3045168423656012,0.6827777777777778,0.44599700265100256
U001,28.63753058134693,77.22602817216392,2025-02-16 16:49:51,16,16,6,2,1,0.18909461864416843,0.004722222222222222,40.04356630111802
U001,28.63969293005888,77.22370162429594,2025-02-16 17:11:34,17,16,6,2,1,0.3307031866538815,0.36194444444444446,0.9136849362655206
U001,28.64110342357501,77.22649648112407,2025-02-16 17:31:04,17,16,6,2,1,0.31462810346016445,0.325,0.9680864721851213
U001,28.641319768809428,77.22348176868353,2025-02-16 17:43:46,17,16,6,2,1,0.2951844885803936,0.21166666666666667,1.3945723869939854
U001,28.64471333491733,77.22368285202704,2025-02-16 18:00:52,18,16,6,2,1,0.37785722134374566,0.285,1.325814811732441
U001,28.637446855077645,77.22127456861773,2025-02-16 18:09:29,18,16,6,2,1,0.8414822860817174,0.1436111111111111,5.8594511216521905
U001,28.64227098900196,77.22657784217185,2025-02-16 18:56:27,18,16,6,2,1,0.7453864890850206,0.7827777777777778,0.9522325623513392
U001,28.611248108299304,77.21027861709904,2025-02-16 19:06:41,19,16,6,2,1,3.7987408481183964,0.17055555555555554,22.272747643690924
U001,28.61355533970417,77.20975410788421,2025-02-16 19:42:16,19,16,6,2,1,0.26161158896318304,0.5930555555555556,0.4411249275257419
U001,28.61449045687088,77.20892927317811,2025-02-16 19:46:02,19,16,6,2,1,0.13150916771628357,0.06277777777777778,2.0948362999054018
U001,28.615116441866903,77.21111431985061,2025-02-16 19:48:15,19,16,6,2,1,0.2243606218478526,0.036944444444444446,6.072919087611048
U001,28.61310188841269,77.21178573744528,2025-02-16 20:06:03,20,16,6,2,1,0.23339903959893876,0.2966666666666667,0.7867383357267598
U001,28.61654030558413,77.20973654019656,2025-02-16 20:07:53,20,16,6,2,1,0.43149903295115527,0.030555555555555555,14.121786532946901
U001,28.61561319035528,77.20734714193563,2025-02-16 20:13:22,20,16,6,2,1,0.25500210709397714,0.0913888888888889,2.790296612578473
U001,28.612565340594923,77.20946767260506,2025-02-16 20:30:34,20,16,6,2,1,0.3971187893767561,0.2866666666666667,1.385298102477056
U001,28.61429928078523,77.2033660453536,2025-02-16 20:31:03,20,16,6,2,1,0.6260382756548877,0.008055555555555555,77.71509628819295
U001,28.611530743129453,77.20967252159382,2025-02-16 21:13:46,21,16,6,2,1,0.6882902904888671,0.7119444444444445,0.9667752812172928
U001,28.6157119334456,77.20929156321625,2025-02-16 21:20:18,21,16,6,2,1,0.4664119804576583,0.10888888888888888,4.283375330733597
U001,28.61164976942804,77.20747957641773,2025-02-16 21:35:58,21,16,6,2,1,0.485088549225981,0.2611111111111111,1.8577859332058846
U001,28.61357507905111,77.21056075570502,2025-02-16 21:51:49,21,16,6,2,1,0.36918208561742755,0.26416666666666666,1.3975347089618708
U001,28.613840318154487,77.20816090458977,2025-02-16 21:59:19,21,16,6,2,1,0.23610959537083046,0.125,1.8888767629666436
U001,28.61160301406562,77.21207882141319,2025-02-16 22:02:35,22,16,6,2,1,0.4562425606386222,0.05444444444444444,8.379965399484897
U001,28.614983749757524,77.20977101403024,2025-02-16 22:40:11,22,16,6,2,1,0.43825311331610733,0.6266666666666667,0.6993400744405968
U001,28.610412496735773,77.20981345513039,2025-02-16 22:58:25,22,16,6,2,1,0.5083170275579584,0.3038888888888889,1.672706854852514
U001,28.61562061788777,77.20813338768615,2025-02-16 23:07:17,23,16,6,2,1,0.6018904464107337,0.14777777777777779,4.072942870448574
U001,28.6144973455498,77.21116524427146,2025-02-16 23:34:07,23,16,6,2,1,0.32122671900927696,0.44722222222222224,0.7182709244927932
U001,28.61399868113912,77.20245182576956,2025-02-16 23:35:56,23,16,6,2,1,0.8523572378103433,0.03027777777777778,28.151248221259046
U001,28.612934275673645,77.20960840803112,2025-02-17 00:12:10,0,17,0,2,0,0.7085431035519573,0.6038888888888889,1.1733004474641426
U001,28.6127207446996,77.20890064653861,2025-02-17 00:20:35,0,17,0,2,0,0.07305450093041153,0.14027777777777778,0.5207845610880822
U001,28.61422252045105,77.20731387392907,2025-02-17 00:23:04,0,17,0,2,0,0.2277658002852455,0.04138888888888889,5.50306631561667
U001,28.612651469593107,77.20929155010843,2025-02-17 00:40:34,0,17,0,2,0,0.26035756301657614,0.2916666666666667,0.8926545017711182
U001,28.61279601579432,77.20930846394069,2025-02-17 00:46:28,0,17,0,2,0,0.016157382386193787,0.09833333333333333,0.16431236324942836
U001,28.61327485056108,77.20986647326812,2025-02-17 01:00:11,1,17,0,2,0,0.07617034444759074,0.2286111111111111,0.3331874119214176
U001,28.61132445792765,77.20839721435789,2025-02-17 01:43:08,1,17,0,2,0,0.2600083921250004,0.7158333333333333,0.3632247619906874
U001,28.61575641294175,77.206993279146,2025-02-17 01:48:32,1,17,0,2,0,0.5115113274799378,0.09,5.683459194221531
U001,28.61369589932939,77.21172689852767,2025-02-17 02:08:45,2,17,0,2,0,0.5157517508283601,0.33694444444444444,1.5306729620627342
U001,28.61389985516708,77.20991488673607,2025-02-17 02:25:28,2,17,0,2,0,0.1783264827865447,0.2786111111111111,0.6400551725140189
U001,28.61487538086402,77.20428884429128,2025-02-17 02:28:51,2,17,0,2,0,0.5597901483904937,0.05638888888888889,9.927312976383138
U001,28.61256948286736,77.20887667878526,2025-02-17 02:34:57,2,17,0,2,0,0.5160455610997845,0.10166666666666667,5.075857978030667
U001,28.611691253113893,77.21229618345903,2025-02-17 03:26:37,3,17,0,2,0,0.34778980250626573,0.8611111111111112,0.4038849319427602
U001,28.61332758776716,77.20757125597864,2025-02-17 03:36:57,3,17,0,2,0,0.4958192230712728,0.17222222222222222,2.878950327510616
U001,28.61071894904284,77.20944087143458,2025-02-17 03:37:45,3,17,0,2,0,0.3427054074728272,0.013333333333333334,25.70290556046204
U001,28.61568560673482,77.20938310323733,2025-02-17 03:42:26,3,17,0,2,0,0.5522959262983758,0.07805555555555556,7.07567734759485
U001,28.614598197454765,77.21119290596535,2025-02-17 03:46:40,3,17,0,2,0,0.21407769563814683,0.07055555555555555,3.034172064162711
U001,28.61228671926872,77.21100625303525,2025-02-17 04:05:22,4,17,0,2,0,0.25766963480690025,0.31166666666666665,0.8267474913590382
U001,28.6117343380454,77.20880454034058,2025-02-17 04:10:21,4,17,0,2,0,0.2235271361034678,0.08305555555555555,2.6912966219815524
U001,28.616010580847373,77.20689702144075,2025-02-17 04:18:00,4,17,0,2,0,0.5106543135301226,0.1275,4.005131870824491
U001,28.613957296959683,77.21152762048627,2025-02-17 04:39:02,4,17,0,2,0,0.5063980922909984,0.35055555555555556,1.4445587418760653
U001,28.614344416055484,77.21077234911222,2025-02-17 04:39:52,4,17,0,2,0,0.08537169605515821,0.013888888888888888,6.146762115971391
U001,28.612482049130644,77.20778890359907,2025-02-17 05:20:34,5,17,0,2,0,0.35734925857111344,0.6783333333333333,0.5268048037903392
U001,28.612076236287702,77.20732305954235,2025-02-17 05:25:34,5,17,0,2,0,0.06406299998793481,0.08333333333333333,0.7687559998552178
U001,28.616756409807728,77.21168878027324,2025-02-17 05:28:00,5,17,0,2,0,0.6726337249358005,0.04055555555555555,16.58548910800604
U001,28.61308764844264,77.20734761453704,2025-02-17 05:32:42,5,17,0,2,0,0.5882094349648438,0.07833333333333334,7.509056616572473
U001,28.61529192162739,77.20847647945592,2025-02-17 05:54:24,5,17,0,2,0,0.26873497504222876,0.3616666666666667,0.7430460139416463
U001,28.615211404650207,77.21034307963454,2025-02-17 06:19:53,6,17,0,2,0,0.182424426328427,0.4247222222222222,0.42951467284652534
U001,28.615355032623903,77.21163308722481,2025-02-17 06:20:52,6,17,0,2,0,0.1269303224650472,0.01638888888888889,7.7449010317655915
U001,28.60959188750699,77.20938484397476,2025-02-17 06:45:41,6,17,0,2,0,0.6773703790073141,0.4136111111111111,1.6376987000848429
U001,28.616294980188933,77.21151575734778,2025-02-17 06:56:17,6,17,0,2,0,0.7738310288802402,0.17666666666666667,4.380175635171171
U001,28.614157407617057,77.20693409690067,2025-02-17 06:59:49,6,17,0,2,0,0.5064681399912823,0.058888888888888886,8.600402377210454
U001,28.615134351837188,77.20391823825261,2025-02-17 07:19:13,7,17,0,2,0,0.31379228873956067,0.3233333333333333,0.9704916146584351
U001,28.61599636767165,77.21139364840417,2025-02-17 07:28:32,7,17,0,2,0,0.7359641832448824,0.15527777777777776,4.7396620030081875
U001,28.610849446798323,77.21098279577197,2025-02-17 07:55:22,7,17,0,2,0,0.573714976809024,0.44722222222222224,1.2828409419332212
U001,28.618730284857666,77.21655208917174,2025-02-17 08:03:25,8,17,0,2,0,1.031242165130807,0.13416666666666666,7.68627700718614
U001,28.623271516617915,77.21398216131116,2025-02-17 08:03:31,8,17,0,2,0,0.5638348047444661,0.0016666666666666668,338.30088284667966
U001,28.62106165642422,77.21397945192507,2025-02-17 08:03:43,8,17,0,2,0,0.2457253844378432,0.0033333333333333335,73.71761533135296
U001,28.618306991803465,77.2123594537443,2025-02-17 08:28:04,8,17,0,2,0,0.34471223723081357,0.4058333333333333,0.8493936030328055
U001,28.62339992385153,77.211495073769,2025-02-17 08:32:49,8,17,0,2,0,0.5725585817975675,0.07916666666666666,7.232318927969273
U001,28.62898061625713,77.21596833626465,2025-02-17 09:09:37,9,17,0,2,0,0.7587478299796725,0.6133333333333333,1.2370888532277269
U001,28.629290017446607,77.21633238801262,2025-02-17 09:21:39,9,17,0,2,0,0.049458192871538645,0.20055555555555554,0.24660594783592676
U001,28.631114715450792,77.21525948080367,2025-02-17 09:37:15,9,17,0,2,0,0.22832533962256832,0.26,0.8781743831637243
U001,28.630580255098263,77.2182836628126,2025-02-17 09:46:07,9,17,0,2,0,0.30107943859045433,0.14777777777777779,2.037379659634653
U001,28.63224458825269,77.21730905007075,2025-02-17 09:50:18,9,17,0,2,0,0.20807949559573125,0.06972222222222223,2.984407108145946
U001,28.629472440431325,77.2168000699145,2025-02-17 10:31:25,10,17,0,2,0,0.3122258560304113,0.6852777777777778,0.45561940888102176
U001,28.63107204182492,77.22085053432457,2025-02-17 10:44:23,10,17,0,2,0,0.4334929652543596,0.21611111111111111,2.0058800448787846
U001,28.629444855443825,77.21905086117614,2025-02-17 10:50:30,10,17,0,2,0,0.2521688545204768,0.10194444444444445,2.4735909435251133
U001,28.63214115877872,77.21754866713354,2025-02-17 10:52:05,10,17,0,2,0,0.33374284696609713,0.02638888888888889,12.647097358715259
U001,28.62814735395104,77.2200080727752,2025-02-17 10:56:21,10,17,0,2,0,0.5048108587219403,0.07111111111111111,7.098902700777286
U001,28.63229327972746,77.21834642021237,2025-02-17 11:18:46,11,17,0,2,0,0.48869977935576125,0.3736111111111111,1.3080440190934874
U001,28.62869846331296,77.21826275342231,2025-02-17 11:32:46,11,17,0,2,0,0.3998087461845187,0.23333333333333334,1.7134660550765088
U001,28.62959219359453,77.2197807128085,2025-02-17 11:42:37,11,17,0,2,0,0.17839668621596577,0.16416666666666666,1.0866803221277104
U001,28.630482017577485,77.21564760269875,2025-02-17 12:15:04,12,17,0,2,0,0.41534614312738016,0.5408333333333334,0.767974378663877
U001,28.62924166879328,77.21865096210627,2025-02-17 12:28:10,12,17,0,2,0,0.32395235800742556,0.21833333333333332,1.4837512580492773
U001,28.63009851087584,77.22009604904926,2025-02-17 12:50:57,12,17,0,2,0,0.17020545364450174,0.37972222222222224,0.4482367469789365
U001,28.63196286003818,77.21666765949487,2025-02-17 13:20:51,13,17,0,2,0,0.39361986976558344,0.49833333333333335,0.7898726483590303
U001,28.63198119592783,77.21291671994993,2025-02-17 13:39:35,13,17,0,2,0,0.36608813163922566,0.31222222222222223,1.1725242650366658
U001,28.626615720196817,77.22209512765791,2025-02-17 13:40:08,13,17,0,2,0,1.0763031327908605,0.009166666666666667,117.41488721354843
U001,28.628774616466487,77.21649386554117,2025-02-17 13:45:37,13,17,0,2,0,0.597076005470936,0.0913888888888889,6.533354467159177
U001,28.63244962417239,77.22042635334792,2025-02-17 13:52:23,13,17,0,2,0,0.5606207027354702,0.11277777777777778,4.9710210094770755
U001,28.63106985983573,77.21820592982294,2025-02-17 14:31:08,14,17,0,2,0,0.2655203225040649,0.6458333333333334,0.41112824129661657
U001,28.63033607777604,77.21734747042679,2025-02-17 14:44:08,14,17,0,2,0,0.11694973315824626,0.21666666666666667,0.5397679991919058
U001,28.626804979586087,77.2216704573136,2025-02-17 14:47:30,14,17,0,2,0,0.5763578174990733,0.05611111111111111,10.271723480181505
U001,28.629260700766324,77.21825345329819,2025-02-17 14:57:20,14,17,0,2,0,0.43103191624307047,0.1638888888888889,2.6300252516526332
U001,28.62786741943236,77.21633155913176,2025-02-17 15:28:34,15,17,0,2,0,0.24328501503224637,0.5205555555555555,0.46735648565426197
U001,28.630122729531227,77.21534025707098,2025-02-17 15:36:06,15,17,0,2,0,0.26879538186886276,0.12555555555555556,2.140848174176783
U001,28.62833561653136,77.21360486734166,2025-02-17 15:45:41,15,17,0,2,0,0.26110614389591486,0.1597222222222222,1.6347515096092062
U001,28.628256710471284,77.21944653879994,2025-02-17 15:48:01,15,17,0,2,0,0.5702202096235021,0.03888888888888889,14.662805390318624
U001,28.632022928498564,77.21827045930236,2025-02-17 16:01:25,16,17,0,2,0,0.434230116754536,0.22333333333333333,1.9443139556173255
U001,28.63325633227944,77.21241132919981,2025-02-17 16:24:03,16,17,0,2,0,0.5880498631283474,0.37722222222222224,1.5588950716215395
U001,28.626460272453947,77.21496194454656,2025-02-17 16:42:33,16,17,0,2,0,0.7956342910825666,0.30833333333333335,2.5804355386461615
U001,28.629172558442875,77.21665477978728,2025-02-17 16:53:56,16,17,0,2,0,0.34388467512012394,0.1897222222222222,1.8125692978513122
U001,28.635228642240616,77.215415366764,2025-02-17 16:57:55,16,17,0,2,0,0.6841838241648873,0.06638888888888889,10.305697769847676
U001,28.62962539959065,77.21684507400282,2025-02-17 17:00:56,17,17,0,2,0,0.6384857771517694,0.050277777777777775,12.699164628432982
U001,28.62954911026248,77.21747820859784,2025-02-17 17:34:11,17,17,0,2,0,0.06237333002336471,0.5541666666666667,0.1125533774857709
U001,28.6301687296684,77.21624689938552,2025-02-17 17:38:54,17,17,0,2,0,0.13852464766237302,0.07861111111111112,1.7621509949983845
U001,28.63252731092208,77.216528654728,2025-02-17 17:52:38,17,17,0,2,0,0.2636999838313109,0.2288888888888889,1.1520873080008727
U001,28.63390456938684,77.2177567867012,2025-02-17 18:00:08,18,17,0,2,0,0.19447325522760217,0.125,1.5557860418208174
U001,28.628940706058223,77.21976454194503,2025-02-17 18:02:37,18,17,0,2,0,0.5857076590763559,0.04138888888888889,14.151325991106585
U001,28.630075028735465,77.21875927358533,2025-02-17 18:04:34,18,17,0,2,0,0.15979790727657855,0.0325,4.916858685433186
U001,28.633348263459425,77.21682776555434,2025-02-17 18:34:00,18,17,0,2,0,0.4098882800645996,0.4905555555555556,0.8355593478100558
U001,28.62238442427822,77.2136286538636,2025-02-17 19:22:28,19,17,0,2,0,1.2584728608194315,0.8077777777777778,1.5579443944119509
U001,28.622610709263448,77.21277996690995,2025-02-17 19:48:50,19,17,0,2,0,0.086574362064769,0.43944444444444447,0.19700866209429102
U001,28.62171842477765,77.21365494373391,2025-02-17 19:50:16,19,17,0,2,0,0.13091173361384084,0.02388888888888889,5.480026058253802
U001,28.61143363383988,77.23141302579367,2025-02-17 20:43:41,20,17,0,2,0,2.0766636062423656,0.8902777777777777,2.3326018666060895
U001,28.611902679918938,77.22855963835889,2025-02-17 20:52:29,20,17,0,2,0,0.2833783798916008,0.14666666666666667,1.9321253174427329
U001,28.613596316065387,77.23185000872586,2025-02-17 20:58:14,20,17,0,2,0,0.3723296770840813,0.09583333333333334,3.88517923913824
U001,28.61126526269875,77.23184769522065,2025-02-17 21:08:46,21,17,0,2,0,0.2592014064892617,0.17555555555555555,1.476463707850225
U001,28.61060026060524,77.22998729538338,2025-02-17 21:12:56,21,17,0,2,0,0.19608386334150718,0.06944444444444445,2.8236076321177035
U001,28.608201891990767,77.23237704293948,2025-02-17 21:41:14,21,17,0,2,0,0.35432032430999766,0.4716666666666667,0.7512091681484049
U001,28.61230449976113,77.22844012774489,2025-02-17 21:45:29,21,17,0,2,0,0.5964937686046502,0.07083333333333333,8.421088497948004
U001,28.61473818509453,77.20697586090175,2025-02-17 22:13:04,22,17,0,2,0,2.112631257985498,0.4597222222222222,4.5954516790016875
U001,28.619384293113345,77.20961098980405,2025-02-17 22:24:55,22,17,0,2,0,0.5771147220827408,0.1975,2.922099858646789
U001,28.614139538597826,77.2097607794407,2025-02-17 22:59:19,22,17,0,2,0,0.5833733498379076,0.5733333333333334,1.0175116566940248
U001,28.61103783761253,77.20884736366851,2025-02-17 23:15:30,23,17,0,2,0,0.3562325252930849,0.2697222222222222,1.3207385077807474
U001,28.61612502456894,77.21087865745531,2025-02-17 23:17:25,23,17,0,2,0,0.5994150408973693,0.03194444444444444,18.76429693243939
U001,28.613468326750912,77.20657593088143,2025-02-17 23:30:11,23,17,0,2,0,0.5134894223565633,0.2127777777777778,2.4132662147305846
U001,28.615385280463933,77.21140572534601,2025-02-17 23:40:02,23,17,0,2,0,0.5174020908084982,0.16416666666666666,3.151687862792883
U001,28.614510370230352,77.2107209840196,2025-02-17 23:44:47,23,17,0,2,0,0.11803413325692873,0.07916666666666666,1.4909574727190997
U001,28.614558271037524,77.21059986006107,2025-02-18 00:03:22,0,18,1,2,0,0.01296771681930517,0.30972222222222223,0.04186886147937095
U001,28.61651064617983,77.20958042641956,2025-02-18 00:13:05,0,18,1,2,0,0.23881393302881138,0.16194444444444445,1.4746657957182177
U001,28.61255813640173,77.21486781296716,2025-02-18 00:26:44,0,18,1,2,0,0.6778944754462006,0.2275,2.979755936027255
U001,28.61503724116108,77.20569986232378,2025-02-18 00:35:02,0,18,1,2,0,0.9364187396604382,0.13833333333333334,6.769292093930878
U001,28.609637065886133,77.2072974045516,2025-02-18 00:49:51,0,18,1,2,0,0.6203915584147424,0.24694444444444444,2.5122717776075056
U001,28.61504884776065,77.21043178321372,2025-02-18 01:02:58,1,18,1,2,0,0.6750798544742715,0.21861111111111112,3.088039995053847
U001,28.61206923163518,77.20952163013635,2025-02-18 01:18:11,1,18,1,2,0,0.34302339995498105,0.2536111111111111,1.3525566701401224
U001,28.61404433696101,77.20537427612241,2025-02-18 01:53:04,1,18,1,2,0,0.4605786845790004,0.5813888888888888,0.7922041397441002
U001,28.61520805333971,77.20982436043066,2025-02-18 02:01:05,2,18,1,2,0,0.45325270811444707,0.13361111111111112,3.392327960939728
U001,28.61490028785255,77.20749202153364,2025-02-18 02:03:54,2,18,1,2,0,0.23022489438435997,0.04694444444444444,4.904198933631337
U001,28.61595639038753,77.20904458783079,2025-02-18 02:14:50,2,18,1,2,0,0.19172409331554674,0.18222222222222223,1.0521444145365368
U001,28.614123635458057,77.20915068346989,2025-02-18 02:36:51,2,18,1,2,0,0.20405602427821481,0.36694444444444446,0.5560951456484279
U001,28.6149002473385,77.21014000588922,2025-02-18 03:28:21,3,18,1,2,0,0.1295503395774521,0.8583333333333333,0.1509324344591675
U001,28.619647762978104,77.20780878395037,2025-02-18 03:29:35,3,18,1,2,0,0.5748552696039173,0.020555555555555556,27.965932034785165
U001,28.61080625572095,77.20788068740667,2025-02-18 03:40:02,3,18,1,2,0,0.983155804418827,0.17416666666666666,5.644913709581782
U001,28.614725821447337,77.20908944217682,2025-02-18 03:51:03,3,18,1,2,0,0.45152544695894,0.1836111111111111,2.459140104466239
U001,28.614212357061493,77.20893086250182,2025-02-18 04:29:07,4,18,1,2,0,0.0591558473311529,0.6344444444444445,0.09324038983894502
U001,28.61431674709272,77.2093111046067,2025-02-18 04:31:34,4,18,1,2,0,0.03888965763672525,0.04083333333333333,0.9523997788585775
U001,28.61725100970691,77.20748316295212,2025-02-18 04:34:37,4,18,1,2,0,0.3718773399214886,0.050833333333333335,7.315619801734202
U001,28.612766134381587,77.20934753618002,2025-02-18 04:54:01,4,18,1,2,0,0.5308639976262282,0.3233333333333333,1.64184741533885
U001,28.61570408559855,77.21209459528859,2025-02-18 05:10:30,5,18,1,2,0,0.42264463887324966,0.2747222222222222,1.5384435793161768
U001,28.61571201229373,77.20740172908192,2025-02-18 05:56:08,5,18,1,2,0,0.4580839826807417,0.7605555555555555,0.6023018033786232
U001,28.61368685875954,77.20879487916207,2025-02-18 05:59:49,5,18,1,2,0,0.2630636410901577,0.06138888888888889,4.285199583369084
U001,28.61447074054377,77.20769533622915,2025-02-18 06:05:17,6,18,1,2,0,0.13826584551717436,0.09111111111111111,1.5175519629933771
U001,28.616051533169205,77.20986093019474,2025-02-18 06:15:29,6,18,1,2,0,0.274923797010676,0.17,1.6171988059451528
U001,28.61660383135383,77.21125844392867,2025-02-18 06:25:04,6,18,1,2,0,0.14960069089084282,0.1597222222222222,0.9366304125339725
U001,28.61650226868556,77.20762979669512,2025-02-18 06:44:57,6,18,1,2,0,0.35437903504051776,0.3313888888888889,1.0693751266939346
U001,28.615838417286,77.21203425158194,2025-02-18 06:49:48,6,18,1,2,0,0.4362196436885054,0.08083333333333333,5.396531674496974
U001,28.61149523243305,77.21254740836322,2025-02-18 07:04:34,7,18,1,2,0,0.4855309732352685,0.2461111111111111,1.9728120808656509
U001,28.61331043715511,77.20701980512722,2025-02-18 07:27:48,7,18,1,2,0,0.5760969397428802,0.38722222222222225,1.487768280541154
U001,28.61476902816261,77.20974576249134,2025-02-18 07:40:47,7,18,1,2,0,0.31162471322754326,0.21638888888888888,1.440114207470033
U001,28.6149643666352,77.2059127173273,2025-02-18 07:57:39,7,18,1,2,0,0.3747866526748521,0.2811111111111111,1.3332331518077745
U001,28.61359209811986,77.20841590358583,2025-02-18 07:59:08,7,18,1,2,0,0.28807716724943205,0.024722222222222222,11.652559574134331
U001,28.62344908114185,77.2109782347762,2025-02-18 08:05:19,8,18,1,2,0,1.1242208759442225,0.10305555555555555,10.908881815092187
U001,28.61865139672887,77.21433131373756,2025-02-18 08:39:34,8,18,1,2,0,0.6258716090654262,0.5708333333333333,1.0964174173408927
U001,28.62483605952433,77.2139612756232,2025-02-18 08:49:40,8,18,1,2,0,0.6886509441423283,0.16833333333333333,4.090995707776208
U001,28.63086050072495,77.21716740791827,2025-02-18 09:14:46,9,18,1,2,0,0.7393711752019723,0.41833333333333333,1.7674211359409695
U001,28.6313476513882,77.21802380688858,2025-02-18 09:15:39,9,18,1,2,0,0.09960112480244893,0.014722222222222222,6.765359420543701
U001,28.62926742298221,77.21605565993154,2025-02-18 09:26:26,9,18,1,2,0,0.3006709511713657,0.17972222222222223,1.6729759261467025
U001,28.630013620267945,77.21746391612065,2025-02-18 09:29:35,9,18,1,2,0,0.16054847056323465,0.0525,3.0580661059663745
U001,28.63359130069388,77.21953469166802,2025-02-18 09:42:20,9,18,1,2,0,0.44621325770732684,0.2125,2.099827095093303
U001,28.632641457220817,77.22028482856349,2025-02-18 10:11:03,10,18,1,2,0,0.12851040060853153,0.4786111111111111,0.2685069310451036
U001,28.631769020321887,77.21918291958866,2025-02-18 10:22:33,10,18,1,2,0,0.14483308546261492,0.19166666666666668,0.7556508806745126
U001,28.632851891194186,77.22097283899251,2025-02-18 10:32:30,10,18,1,2,0,0.2121685841879584,0.16583333333333333,1.2794085478670858
U001,28.630390580858933,77.21621885864684,2025-02-18 10:34:33,10,18,1,2,0,0.538683095429186,0.034166666666666665,15.76633450036642
U001,28.631395413020098,77.21616410499507,2025-02-18 10:52:50,10,18,1,2,0,0.11185995764439433,0.3047222222222222,0.36708828397431137
U001,28.630151446521243,77.214047921445,2025-02-18 11:00:16,11,18,1,2,0,0.24857710609695294,0.1238888888888889,2.006451977464194
U001,28.62881081389639,77.22228272392654,2025-02-18 11:03:08,11,18,1,2,0,0.8174233476750905,0.04777777777777778,17.10886076529259
U001,28.63607431290448,77.21997446375137,2025-02-18 11:06:45,11,18,1,2,0,0.8384941106911771,0.06027777777777778,13.910501375521832
U001,28.628375215334103,77.21871395157352,2025-02-18 11:13:26,11,18,1,2,0,0.8648946617446372,0.11138888888888888,7.7646403548146985
U001,28.62849371141582,77.21698834102084,2025-02-18 12:08:03,12,18,1,2,0,0.16893563549388008,0.9102777777777777,0.18558690502836994
U001,28.62954197897399,77.21646694637779,2025-02-18 12:21:02,12,18,1,2,0,0.12718617563429527,0.21638888888888888,0.5877666653189512
U001,28.63185656392104,77.21653589070618,2025-02-18 12:35:07,12,18,1,2,0,0.25745805080585593,0.23472222222222222,1.0968627016580845
U001,28.629809012952823,77.21520861931394,2025-02-18 12:53:11,12,18,1,2,0,0.2619494403664156,0.3011111111111111,0.8699427908847751
U001,28.631348566535983,77.21774313884762,2025-02-18 12:59:51,12,18,1,2,0,0.3008258837970492,0.1111111111111111,2.707432954173443
U001,28.62882536050565,77.21965574165185,2025-02-18 13:28:24,13,18,1,2,0,0.33699173987377473,0.47583333333333333,0.7082138140954986
U001,28.630809970301577,77.21848291771641,2025-02-18 13:33:28,13,18,1,2,0,0.24859953649872357,0.08444444444444445,2.9439418795901475
U001,28.63231919384917,77.21871266124609,2025-02-18 13:33:54,13,18,1,2,0,0.169309331425012,0.007222222222222222,23.442830505001663
U001,28.628010932275373,77.21980985819383,2025-02-18 13:51:12,13,18,1,2,0,0.4908795814533285,0.28833333333333333,1.7024725368323532
U001,28.6316071864241,77.22056282422398,2025-02-18 13:55:29,13,18,1,2,0,0.40658189868422057,0.07138888888888889,5.695310643047447
U001,28.63026071220873,77.2159941665004,2025-02-18 14:19:05,14,18,1,2,0,0.47035943183231216,0.3933333333333333,1.1958290639804547
U001,28.631954594035395,77.22146819225615,2025-02-18 14:22:16,14,18,1,2,0,0.56648513336043,0.05305555555555556,10.677206702081405
U001,28.62914044760219,77.2181629536373,2025-02-18 14:30:57,14,18,1,2,0,0.44942283850491926,0.14472222222222222,3.1054169263295766
U001,28.62985926476447,77.21902479460002,2025-02-18 14:35:55,14,18,1,2,0,0.11603464891354577,0.08277777777777778,1.4017608593582709
U001,28.62628305304874,77.21949640484974,2025-02-18 14:58:41,14,18,1,2,0,0.4003117599072823,0.3794444444444444,1.0549943892139213
U001,28.628702134759028,77.21777061720393,2025-02-18 15:15:13,15,18,1,2,0,0.3173757730506367,0.27555555555555555,1.1517669183289234
U001,28.623316899064083,77.21631094545698,2025-02-18 15:42:17,15,18,1,2,0,0.615525581137182,0.45111111111111113,1.3644655739494183
U001,28.62325067921527,77.2154900584125,2025-02-18 15:49:36,15,18,1,2,0,0.08046081611090507,0.12194444444444444,0.6598153485176725
U001,28.632663535584552,77.21779523544552,2025-02-18 16:01:24,16,18,1,2,0,1.0705703006426965,0.19666666666666666,5.443577799878118
U001,28.630580149311143,77.22149749662239,2025-02-18 16:22:06,16,18,1,2,0,0.4292186460673959,0.345,1.244112017586655
U001,28.631670520546667,77.21785054484934,2025-02-18 16:32:17,16,18,1,2,0,0.3760196140092269,0.16972222222222222,2.2155001807417625
U001,28.62990404176954,77.22029290344753,2025-02-18 16:39:39,16,18,1,2,0,0.30887352488797787,0.12277777777777778,2.5157119674133943
U001,28.63153026660376,77.21888192036263,2025-02-18 16:53:26,16,18,1,2,0,0.2272945763835762,0.22972222222222222,0.9894322551159302
U001,28.631807607739056,77.21628822596736,2025-02-18 17:09:56,17,18,1,2,0,0.25501048542930477,0.275,0.9273108561065627
U001,28.62804950334193,77.21715391450688,2025-02-18 17:18:27,17,18,1,2,0,0.42633808857413663,0.14194444444444446,3.003556005610356
U001,28.630103603530703,77.2166756244585,2025-02-18 17:24:49,17,18,1,2,0,0.23312704167185444,0.10611111111111111,2.1970087696823977
U001,28.627506560113325,77.21532905447474,2025-02-18 17:36:29,17,18,1,2,0,0.3172783078093022,0.19444444444444445,1.6317170115906972
U001,28.63242503189998,77.21827586900498,2025-02-18 17:54:40,17,18,1,2,0,0.6179219624195991,0.3030555555555556,2.038972561604543
U001,28.63083315585516,77.21814939022498,2025-02-18 18:05:41,18,18,1,2,0,0.17743843721053537,0.1836111111111111,0.9663818062903591
U001,28.63168338438605,77.21947915719443,2025-02-18 18:29:39,18,18,1,2,0,0.1605665297650472,0.39944444444444444,0.4019746224994228
U001,28.63054303177382,77.22025331357108,2025-02-18 18:51:11,18,18,1,2,0,0.14760544305290135,0.35888888888888887,0.4112845162464744
U001,28.623452903757872,77.21659533295337,2025-02-18 19:14:28,19,18,1,2,0,0.8654600197733331,0.38805555555555554,2.230247724541159
U001,28.623742961298213,77.21016488086963,2025-02-18 19:23:06,19,18,1,2,0,0.6284744898220371,0.1438888888888889,4.3677763771415705
U001,28.62189825110555,77.20952624176576,2025-02-18 19:36:30,19,18,1,2,0,0.21438484496379095,0.22333333333333333,0.9599321416289147
U001,28.62234676166353,77.21123389497079,2025-02-18 19:50:15,19,18,1,2,0,0.17397962374948198,0.22916666666666666,0.7591838127250123
U001,28.622028922031845,77.21005794587438,2025-02-18 19:54:44,19,18,1,2,0,0.12009835685925807,0.07472222222222222,1.6072642553655356
U001,28.611442092164246,77.20976275537394,2025-02-18 20:17:43,20,18,1,2,0,1.177554354508665,0.38305555555555554,3.074108539689046
U001,28.612167382489385,77.20866956328962,2025-02-18 20:28:56,20,18,1,2,0,0.13376074241337355,0.18694444444444444,0.715510657783276
U001,28.61489664896778,77.20896267898256,2025-02-18 20:47:56,20,18,1,2,0,0.30482640156423685,0.31666666666666665,0.9626096891502217
U001,28.61208552930598,77.20684752882526,2025-02-18 20:49:47,20,18,1,2,0,0.37461637834436357,0.030833333333333334,12.149720378736115
U001,28.615854422816053,77.20795937823954,2025-02-18 20:54:33,20,18,1,2,0,0.4329074518568827,0.07944444444444444,5.449184708688033
U001,28.60416643321929,77.2299272718867,2025-02-18 21:01:56,21,18,1,2,0,2.5075465034144453,0.12305555555555556,20.377353075151248
U001,28.61115979080462,77.2300529989664,2025-02-18 21:38:26,21,18,1,2,0,0.7777227357224497,0.6083333333333333,1.2784483326944378
U001,28.61501063074565,77.23060350661433,2025-02-18 21:38:27,21,18,1,2,0,0.4315527116709596,0.0002777777777777778,1553.5897620154547
U001,28.61062116636573,77.23135078667923,2025-02-18 22:03:41,22,18,1,2,0,0.4935070699506639,0.42055555555555557,1.1734646313225825
U001,28.609661779069167,77.22995474094152,2025-02-18 22:20:10,22,18,1,2,0,0.17306750875610605,0.2747222222222222,0.6299727315692435
U001,28.61088911111438,77.23026345222215,2025-02-18 22:25:21,22,18,1,2,0,0.13976074465774563,0.08638888888888889,1.617809262919242
U001,28.61115139995291,77.22918657751396,2025-02-18 22:50:33,22,18,1,2,0,0.10909213666673111,0.42,0.25974318253983597
U001,28.61484737456162,77.20778597630326,2025-02-18 23:00:28,23,18,1,2,0,2.12906507077517,0.16527777777777777,12.881738243345566
U001,28.611357420870384,77.2112574451876,2025-02-18 23:09:55,23,18,1,2,0,0.5151949903444739,0.1575,3.2710793037744375
U001,28.61571245882143,77.20941211583495,2025-02-18 23:10:44,23,18,1,2,0,0.5166751308479893,0.01361111111111111,37.959805531689014
U001,28.61595211223524,77.20986810636762,2025-02-19 00:08:05,0,19,2,2,0,0.05187778042349031,0.9558333333333333,0.05427492284933599
U001,28.61473511587246,77.20822859612825,2025-02-19 00:28:04,0,19,2,2,0,0.20958182032819328,0.33305555555555555,0.6292698525283534
U001,28.61798228098349,77.21163124550456,2025-02-19 00:36:14,0,19,2,2,0,0.49059862560026146,0.1361111111111111,3.6043980656345744
U001,28.613410975945968,77.20569418210798,2025-02-19 00:50:23,0,19,2,2,0,0.7708650590830851,0.23583333333333334,3.268685762896474
U001,28.613465239687635,77.20905802007567,2025-02-19 01:05:41,1,19,2,2,0,0.32841568882548555,0.255,1.2879046620607277
U001,28.615690777241355,77.206749215539,2025-02-19 01:26:45,1,19,2,2,0,0.3347128983160889,0.3511111111111111,0.9532962293812659
U001,28.61943441673112,77.21128326799418,2025-02-19 01:37:09,1,19,2,2,0,0.6075810610154082,0.17333333333333334,3.5052753520119704
U001,28.614223083713245,77.21059868409512,2025-02-19 01:43:22,1,19,2,2,0,0.5833140106840246,0.10361111111111111,5.6298403175938025
U001,28.612298952931933,77.21156423186035,2025-02-19 02:03:27,2,19,2,2,0,0.23379382228643167,0.3347222222222222,0.6984711703163105
U001,28.612528213124165,77.20678548625573,2025-02-19 02:11:15,2,19,2,2,0,0.4671767319633847,0.13,3.593667168949113
U001,28.617606267472567,77.20927352235928,2025-02-19 02:49:19,2,19,2,2,0,0.614668655558278,0.6344444444444445,0.9688297548204031
U001,28.61764371990095,77.20906333159205,2025-02-19 02:56:25,2,19,2,2,0,0.02093529553082453,0.11833333333333333,0.17691799040133405
U001,28.619382222895897,77.21019846080462,2025-02-19 03:01:31,3,19,2,2,0,0.22281483109100486,0.085,2.6213509540118216
U001,28.618370870010928,77.21043547381828,2025-02-19 03:05:50,3,19,2,2,0,0.11481229987647429,0.07194444444444445,1.595846639209681
U001,28.61084318027429,77.20867808382826,2025-02-19 03:13:37,3,19,2,2,0,0.8544385716261649,0.1297222222222222,6.586678496475789
U001,28.61390376217469,77.20785380147815,2025-02-19 03:17:11,3,19,2,2,0,0.34970386167235173,0.059444444444444446,5.882868701030216
U001,28.61262598480682,77.20687069200895,2025-02-19 03:44:19,3,19,2,2,0,0.1714552444945616,0.45222222222222225,0.37913936129018533
U001,28.60961561498844,77.20658547010339,2025-02-19 04:03:32,4,19,2,2,0,0.3358937821392767,0.3202777777777778,1.0487576892466575
U001,28.613891135228247,77.21239866439069,2025-02-19 04:16:17,4,19,2,2,0,0.7402934831372633,0.2125,3.483734038293004
U001,28.61369371453275,77.2084418897255,2025-02-19 04:47:50,4,19,2,2,0,0.3868616614958613,0.5258333333333334,0.735711559104649
U001,28.61366912593022,77.205907357056,2025-02-19 04:51:07,4,19,2,2,0,0.24742234687969686,0.05472222222222222,4.521423597801567
U001,28.61169222583393,77.21216653187612,2025-02-19 04:55:10,4,19,2,2,0,0.6493327078140775,0.0675,9.619743819467814
U001,28.61521394113847,77.20755235008902,2025-02-19 05:08:39,5,19,2,2,0,0.5968410771997971,0.2247222222222222,2.65590590595707
U001,28.615240484581246,77.20964471059526,2025-02-19 05:11:18,5,19,2,2,0,0.20426312637288596,0.04416666666666667,4.624825502782324
U001,28.61446845747876,77.21139130786683,2025-02-19 05:45:06,5,19,2,2,0,0.19088415727246444,0.5633333333333334,0.33884761645999606
U001,28.61471774996297,77.20906723468119,2025-02-19 05:45:17,5,19,2,2,0,0.22854863935862121,0.0030555555555555557,74.79773651736694
U001,28.61779669486111,77.20522756272375,2025-02-19 05:57:48,5,19,2,2,0,0.507628272894558,0.2086111111111111,2.4333712149406246
U001,28.61092055199853,77.20933937590665,2025-02-19 06:19:18,6,19,2,2,0,0.8635387897886241,0.35833333333333334,2.4098756924333693
U001,28.6126152342798,77.20867421745008,2025-02-19 06:20:19,6,19,2,2,0,0.1993128372696168,0.016944444444444446,11.762724822469186
U001,28.61619721238959,77.21300091931164,2025-02-19 06:23:26,6,19,2,2,0,0.5805319599164332,0.051944444444444446,11.176016340637217
U001,28.61553012473877,77.20704903569991,2025-02-19 06:49:17,6,19,2,2,0,0.5856944466774412,0.43083333333333335,1.3594455242029582
U001,28.61279021997562,77.2055815737759,2025-02-19 06:59:27,6,19,2,2,0,0.3366585427822607,0.16944444444444445,1.9868373016658007
U001,28.615754755414898,77.20834373313343,2025-02-19 07:00:51,7,19,2,2,0,0.4258652858067466,0.023333333333333334,18.25136939171771
U001,28.61677437130661,77.2067449202092,2025-02-19 07:07:07,7,19,2,2,0,0.19289887145810827,0.10444444444444445,1.846904088428696
U001,28.615938011265523,77.20885065719524,2025-02-19 07:13:36,7,19,2,2,0,0.2256051591877268,0.10805555555555556,2.087862655721893
U001,28.613995330300988,77.21015798190584,2025-02-19 07:25:05,7,19,2,2,0,0.2508942737426953,0.1913888888888889,1.3109134767397723
U001,28.613171904633308,77.21105773441263,2025-02-19 07:57:57,7,19,2,2,0,0.12687516269866386,0.5477777777777778,0.2316179440746399
U001,28.631745168181503,77.21784025527492,2025-02-19 08:07:33,8,19,2,2,0,2.1687635973346295,0.16,13.554772483341434
U001,28.629538517659785,77.21472737936021,2025-02-19 08:40:57,8,19,2,2,0,0.39052257538391866,0.5566666666666666,0.7015375605699138
U001,28.629389979581383,77.21892909412993,2025-02-19 08:41:57,8,19,2,2,0,0.41041928208796075,0.016666666666666666,24.625156925277643
U001,28.62805739715504,77.21431149775219,2025-02-19 08:49:26,8,19,2,2,0,0.4744140438911485,0.12472222222222222,3.803765162601636
U001,28.633650723015943,77.21855734493451,2025-02-19 09:02:57,9,19,2,2,0,0.7473547142071477,0.22527777777777777,3.3174808522142194
U001,28.6283624515104,77.2200625238385,2025-02-19 09:04:01,9,19,2,2,0,0.6061011316275294,0.017777777777777778,34.09318865404853
U001,28.63099775300319,77.21791109079697,2025-02-19 09:06:53,9,19,2,2,0,0.3604983867213379,0.04777777777777778,7.545315070911723
U001,28.62854386329323,77.21647424168647,2025-02-19 09:29:09,9,19,2,2,0,0.3067877551219421,0.3711111111111111,0.8266735916459518
U001,28.630931722486075,77.21618290386165,2025-02-19 09:44:39,9,19,2,2,0,0.26703601877844474,0.25833333333333336,1.0336878146262376
U001,28.62781871751666,77.21710557521013,2025-02-19 10:03:28,10,19,2,2,0,0.3576724142271025,0.3136111111111111,1.1404966264106013
U001,28.63164792861953,77.21840720000985,2025-02-19 10:20:30,10,19,2,2,0,0.4443363782747326,0.2838888888888889,1.565177066329782
U001,28.631222902099665,77.21886791171201,2025-02-19 10:31:44,10,19,2,2,0,0.06523337997847223,0.18722222222222223,0.3484275488464392
U001,28.632475405053924,77.214714155924,2025-02-19 10:38:26,10,19,2,2,0,0.42865283056543707,0.11166666666666666,3.8386820647651083
U001,28.63074443641454,77.21654396413354,2025-02-19 10:42:01,10,19,2,2,0,0.2625630201368038,0.059722222222222225,4.396404058104622
U001,28.62945857489745,77.21352965044161,2025-02-19 11:02:08,11,19,2,2,0,0.3270997454001784,0.3352777777777778,0.9756081884346662
U001,28.628346358422466,77.21942084578501,2025-02-19 11:13:46,11,19,2,2,0,0.5881329556848623,0.1938888888888889,3.033350487772929
U001,28.63016182287481,77.21147566919642,2025-02-19 11:41:21,11,19,2,2,0,0.8012951768499053,0.4597222222222222,1.742998571999794
U001,28.630634584933738,77.21813265704324,2025-02-19 11:47:35,11,19,2,2,0,0.6518385584677125,0.10388888888888889,6.274381846213275
U001,28.632607153921004,77.2190398566284,2025-02-19 11:49:27,11,19,2,2,0,0.23653615096057135,0.03111111111111111,7.602947709446936
U001,28.6268311638971,77.21679249086363,2025-02-19 12:16:24,12,19,2,2,0,0.678682444889833,0.44916666666666666,1.510981324430055
U001,28.632412017039428,77.21759331911561,2025-02-19 12:16:51,12,19,2,2,0,0.6254654004664771,0.0075,83.39538672886363
U001,28.630349615466304,77.21768769764455,2025-02-19 12:19:39,12,19,2,2,0,0.2295135039115344,0.04666666666666667,4.918146512390023
U001,28.62966080190588,77.21636830159179,2025-02-19 12:51:44,12,19,2,2,0,0.14982892195195333,0.5347222222222222,0.2801995423517049
U001,28.62977541030388,77.22116072219673,2025-02-19 12:52:21,12,19,2,2,0,0.4679120590071505,0.010277777777777778,45.526578714209236
U001,28.635075482961863,77.22188873515934,2025-02-19 13:20:06,13,19,2,2,0,0.5936088108037497,0.4625,1.2834785098459454
U001,28.632650950657418,77.21697309068529,2025-02-19 13:43:04,13,19,2,2,0,0.550307363787337,0.3827777777777778,1.437668004088834
U001,28.631179452126062,77.21867480022476,2025-02-19 13:50:35,13,19,2,2,0,0.23314377723144988,0.12527777777777777,1.8610146297854095
U001,28.62979498832032,77.21663270309573,2025-02-19 13:56:37,13,19,2,2,0,0.2518377227160843,0.10055555555555555,2.504463540822938
U001,28.632007248891902,77.21367733706268,2025-02-19 14:00:29,14,19,2,2,0,0.3790902488351213,0.06444444444444444,5.8824348957174
U001,28.62878270347142,77.21833606536711,2025-02-19 14:40:25,14,19,2,2,0,0.5790516367195413,0.6655555555555556,0.8700275009141689
U001,28.632105265558497,77.21850443258066,2025-02-19 14:40:42,14,19,2,2,0,0.3698173080284717,0.004722222222222222,78.31425346485283
U001,28.63282121098209,77.2200163258235,2025-02-19 14:58:06,14,19,2,2,0,0.16766201910220935,0.29,0.5781448934558944
U001,28.63236397568201,77.21978942313235,2025-02-19 15:02:13,15,19,2,2,0,0.05545570771653571,0.06861111111111111,0.8082613270426258
U001,28.63025499586203,77.21674868584638,2025-02-19 15:29:44,15,19,2,2,0,0.3782414149527517,0.45861111111111114,0.8247541452634198
U001,28.630593057115505,77.21682545727147,2025-02-19 15:42:03,15,19,2,2,0,0.03833017980928142,0.20527777777777778,0.18672347403709486
U001,28.629975717224795,77.21847110264129,2025-02-19 15:57:58,15,19,2,2,0,0.17466781566308046,0.2652777777777778,0.6584336506671096
U001,28.63275896003753,77.21783911435054,2025-02-19 15:59:09,15,19,2,2,0,0.3155692214407743,0.01972222222222222,16.000692918123768
U001,28.62730617801676,77.21868882456648,2025-02-19 16:03:09,16,19,2,2,0,0.6119669733809693,0.06666666666666667,9.179504600714539
U001,28.63182963639271,77.21631928346767,2025-02-19 16:04:16,16,19,2,2,0,0.5536052817389735,0.01861111111111111,29.745955436720966
U001,28.629991502674905,77.21579406165459,2025-02-19 16:40:37,16,19,2,2,0,0.21072118258756573,0.6058333333333333,0.347820383913451
U001,28.632647867276106,77.2200219253818,2025-02-19 16:50:15,16,19,2,2,0,0.5074552500177721,0.16055555555555556,3.160620934366747
U001,28.62920288890475,77.21827911168965,2025-02-19 17:12:22,17,19,2,2,0,0.41913097345444755,0.3686111111111111,1.1370546378568283
U001,28.632471480304343,77.2180052269545,2025-02-19 17:24:02,17,19,2,2,0,0.36443244077977194,0.19444444444444445,1.8742239811531127
U001,28.632076178961448,77.21771728762207,2025-02-19 17:34:20,17,19,2,2,0,0.05217100424273367,0.17166666666666666,0.3039087625790311
U001,28.633885575821985,77.2153850073345,2025-02-19 17:54:44,17,19,2,2,0,0.30379563370131324,0.34,0.8935165697097448
U001,28.63153668363493,77.21955712367435,2025-02-19 17:59:50,17,19,2,2,0,0.48375355484556043,0.085,5.691218292300711
U001,28.628544586691763,77.21669860597858,2025-02-19 18:00:49,18,19,2,2,0,0.43419854485260984,0.01638888888888889,26.493470533379583
U001,28.62805716673584,77.21624350904568,2025-02-19 18:03:32,18,19,2,2,0,0.07007453362463478,0.04527777777777778,1.5476584113416272
U001,28.63475041079483,77.21726741112083,2025-02-19 18:15:39,18,19,2,2,0,0.7509336571791104,0.20194444444444445,3.718516046554054
U001,28.63672578813569,77.21801441896649,2025-02-19 18:49:10,18,19,2,2,0,0.2314344304173115,0.5586111111111111,0.41430330656505293
U001,28.6130850455272,77.22782019396661,2025-02-19 19:05:44,19,19,2,2,0,2.7975407684061033,0.2761111111111111,10.131938396641823
U001,28.611405470744987,77.23059871112348,2025-02-19 19:20:45,19,19,2,2,0,0.3293078543817268,0.25027777777777777,1.3157694514697187
U001,28.610192196299906,77.23002726197107,2025-02-19 19:23:03,19,19,2,2,0,0.1459879175514649,0.03833333333333333,3.808380457864302
U001,28.61311156682349,77.23308883750862,2025-02-19 19:41:49,19,19,2,2,0,0.44124251338630033,0.31277777777777777,1.4107220676649035
U001,28.61050010835494,77.2348355651382,2025-02-19 19:55:54,19,19,2,2,0,0.33674088716843814,0.23472222222222222,1.4346357323152394
U001,28.6068256662561,77.23350012156664,2025-02-19 20:18:15,20,19,2,2,0,0.428873031850342,0.3725,1.1513369982559516
U001,28.61071561778405,77.22806530491033,2025-02-19 20:23:35,20,19,2,2,0,0.6845203262244763,0.08888888888888889,7.700853670025358
U001,28.61031070871498,77.22951579899146,2025-02-19 20:32:13,20,19,2,2,0,0.14857956916743337,0.1438888888888889,1.0325993223991508
U001,28.613042380282582,77.22830040717177,2025-02-19 20:40:43,20,19,2,2,0,0.3260963441967671,0.14166666666666666,2.301856547271297
U001,28.613205637394607,77.20781608187575,2025-02-19 21:36:23,21,19,2,2,0,1.9996609952419206,0.9277777777777778,2.155323228404465
U001,28.615303712927226,77.20489695754888,2025-02-19 21:42:38,21,19,2,2,0,0.36826859212622814,0.10416666666666667,3.53537848441179
U001,28.61126651009368,77.20962679886192,2025-02-19 21:49:40,21,19,2,2,0,0.6439686966981795,0.11722222222222223,5.493571820174043
U001,28.610512035740527,77.21388236181396,2025-02-19 22:08:56,22,19,2,2,0,0.4238024235722518,0.3211111111111111,1.319799935000092
U001,28.61729013603329,77.20589626898057,2025-02-19 22:17:09,22,19,2,2,0,1.0843239861374798,0.13694444444444445,7.91798448295117
U001,28.61561463306841,77.20662677979355,2025-02-19 22:38:40,22,19,2,2,0,0.19948706407822037,0.3586111111111111,0.5562768634249368
U001,28.61622360012823,77.20859440397572,2025-02-19 22:47:37,22,19,2,2,0,0.2036517046468463,0.14916666666666667,1.3652628244481315
U001,28.61609245279203,77.21106412195128,2025-02-19 23:08:36,23,19,2,2,0,0.24151536523179773,0.3497222222222222,0.6905919895428688
U001,28.614884763023248,77.20852221765945,2025-02-19 23:12:23,23,19,2,2,0,0.2821317556552018,0.06305555555555556,4.474336213034038
U001,28.616500669217714,77.20884514927535,2025-02-19 23:30:45,23,19,2,2,0,0.18242466306358365,0.3061111111111111,0.5959426379572605
U001,28.61266817774512,77.20736047507263,2025-02-19 23:40:48,23,19,2,2,0,0.4501222287689653,0.1675,2.687296888172927
U001,28.612047646612552,77.20989254127066,2025-02-19 23:43:42,23,19,2,2,0,0.2566199422221207,0.04833333333333333,5.309378114940428
U001,28.61376683312693,77.2115511403453,2025-02-20 00:08:18,0,20,3,2,0,0.25051363300643453,0.41,0.6110088609913038
U001,28.61266385625399,77.20930392548296,2025-02-20 00:11:42,0,20,3,2,0,0.2513195359942088,0.056666666666666664,4.435050635191921
U001,28.61764398942641,77.21059692816972,2025-02-20 00:36:44,0,20,3,2,0,0.5679667890714982,0.4172222222222222,1.3613052201447362
U001,28.613321423425468,77.20890599646759,2025-02-20 00:49:47,0,20,3,2,0,0.5081984284000606,0.2175,2.336544498391083
U001,28.61515936975832,77.21157051700592,2025-02-20 00:52:03,0,20,3,2,0,0.3307815042180451,0.03777777777777778,8.755980994007075
U001,28.61346712300585,77.20750172275866,2025-02-20 01:06:08,1,20,3,2,0,0.4394912298309899,0.23472222222222222,1.872388671469306
U001,28.615056718960226,77.2097251485286,2025-02-20 01:47:09,1,20,3,2,0,0.2799064150096329,0.6836111111111111,0.40945269972965403
U001,28.61028365294289,77.20905344926649,2025-02-20 01:56:35,1,20,3,2,0,0.5347755722735017,0.15722222222222224,3.401399399619445
U001,28.61525399617081,77.20946350130556,2025-02-20 02:04:31,2,20,3,2,0,0.55412453799459,0.1322222222222222,4.190857850379253
U001,28.612911340749807,77.20761061784597,2025-02-20 02:11:10,2,20,3,2,0,0.31712597512519464,0.11083333333333334,2.8612869936107783
U001,28.61391514382752,77.20678618986035,2025-02-20 02:15:11,2,20,3,2,0,0.13760443504489875,0.06694444444444445,2.0555019342806453
U001,28.615616119665184,77.21013910621684,2025-02-20 02:40:19,2,20,3,2,0,0.3780114347086987,0.41888888888888887,0.9024145656175832
U001,28.61300496544865,77.21078261629515,2025-02-20 03:04:23,3,20,3,2,0,0.2970643607684718,0.4011111111111111,0.7406036695058854
U001,28.613835249463985,77.20674418213689,2025-02-20 03:23:21,3,20,3,2,0,0.40487753247981795,0.3161111111111111,1.2808076598658564
U001,28.616222481072008,77.21046626974334,2025-02-20 03:49:41,3,20,3,2,0,0.44996429824634077,0.4388888888888889,1.0252351099283714
U001,28.610249392348035,77.2103504177869,2025-02-20 03:59:38,3,20,3,2,0,0.6642734331839373,0.16583333333333333,4.005668943822737
U001,28.613589701192605,77.20663601341478,2025-02-20 04:02:30,4,20,3,2,0,0.519062038879828,0.04777777777777778,10.864089185856866
U001,28.613377007116764,77.20558624341125,2025-02-20 04:06:12,4,20,3,2,0,0.10516683793235626,0.06166666666666667,1.7054081826868583
U001,28.61343990017256,77.21266669533105,2025-02-20 04:31:55,4,20,3,2,0,0.6911922308215078,0.4286111111111111,1.6126325540877693
U001,28.61056808887032,77.2090737725736,2025-02-20 04:51:01,4,20,3,2,0,0.47432234829856174,0.31833333333333336,1.490017848058309
U001,28.61473949827345,77.20779900004574,2025-02-20 05:13:06,5,20,3,2,0,0.4802414433348307,0.3680555555555556,1.3048069403814266
U001,28.61599009787437,77.20832070910164,2025-02-20 05:26:31,5,20,3,2,0,0.1480918283270382,0.22361111111111112,0.6622740148786802
U001,28.61388298656761,77.21158973271206,2025-02-20 05:36:26,5,20,3,2,0,0.3958808024301329,0.16527777777777777,2.3952451911739137
U001,28.6131215397213,77.20513313492587,2025-02-20 05:46:45,5,20,3,2,0,0.6359206864642362,0.17194444444444446,3.6984078695819873
U001,28.61316601364137,77.2121938287774,2025-02-20 06:09:57,6,20,3,2,0,0.689247649075381,0.38666666666666666,1.782537023470813
U001,28.61469326364337,77.21299590112753,2025-02-20 06:43:14,6,20,3,2,0,0.1870015364144886,0.5547222222222222,0.337108428188362
U001,28.612231426978425,77.20858468068981,2025-02-20 06:44:03,6,20,3,2,0,0.5102471251682115,0.01361111111111111,37.48754388990942
U001,28.61647375819416,77.20850193075462,2025-02-20 06:51:28,6,20,3,2,0,0.47179486076166516,0.12361111111111112,3.8167674129033586
U001,28.611784037584048,77.20791467655432,2025-02-20 07:01:27,7,20,3,2,0,0.5246144401171805,0.1663888888888889,3.152941543275208
U001,28.615281818006416,77.20641033008505,2025-02-20 07:05:55,7,20,3,2,0,0.4157338199783841,0.07444444444444444,5.584484148963369
U001,28.61456284119133,77.20838299193264,2025-02-20 07:11:53,7,20,3,2,0,0.2084948830610051,0.09944444444444445,2.0965965894402747
U001,28.61488880929789,77.2089494061731,2025-02-20 07:17:21,7,20,3,2,0,0.0661114599428256,0.09111111111111111,0.7256135847383298
U001,28.61254909335508,77.20981124650571,2025-02-20 07:57:09,7,20,3,2,0,0.27342847209579707,0.6633333333333333,0.41220372677758355
U001,28.624526279885817,77.21424737121762,2025-02-20 08:22:28,8,20,3,2,0,1.4004268801016007,0.42194444444444446,3.3189840476403965
U001,28.622523676223352,77.21231846552008,2025-02-20 08:33:36,8,20,3,2,0,0.291602971423276,0.18555555555555556,1.5715130196463976
U001,28.620666659573303,77.21592888051622,2025-02-20 08:39:52,8,20,3,2,0,0.4084433157263597,0.10444444444444445,3.910627490997061
U001,28.62872275552888,77.21690097547813,2025-02-20 09:02:40,9,20,3,2,0,0.9008077491069032,0.38,2.370546708176061
U001,28.631283607118903,77.21904124453847,2025-02-20 09:07:25,9,20,3,2,0,0.3531561217159303,0.07916666666666666,4.460919432201225
U001,28.6312811662428,77.21835372068419,2025-02-20 09:23:16,9,20,3,2,0,0.0671016233749685,0.26416666666666666,0.25401245441628456
U001,28.631797090601893,77.21925870290696,2025-02-20 09:31:33,9,20,3,2,0,0.10532001930303811,0.13805555555555554,0.7628814275471574
U001,28.634187830359835,77.2157017744171,2025-02-20 09:37:33,9,20,3,2,0,0.43724012076678204,0.1,4.37240120766782
U001,28.629402480936243,77.21820666093907,2025-02-20 10:17:45,10,20,3,2,0,0.5855796783176357,0.67,0.8739995198770681
U001,28.63494021721274,77.21740100221918,2025-02-20 10:23:17,10,20,3,2,0,0.6207681948428835,0.09222222222222222,6.7312213898625926
U001,28.631717321567365,77.2191029018385,2025-02-20 10:33:14,10,20,3,2,0,0.3949907597319564,0.16583333333333333,2.3818538275293855
U001,28.629223210641467,77.21809936773388,2025-02-20 10:55:00,10,20,3,2,0,0.2941195408249259,0.36277777777777775,0.8107429915541603
U001,28.63115540249516,77.2173982747087,2025-02-20 11:01:01,11,20,3,2,0,0.22548309479452394,0.10027777777777777,2.248584878837358
U001,28.62946003916729,77.21998224077674,2025-02-20 11:30:26,11,20,3,2,0,0.31486405694359454,0.49027777777777776,0.6422156402248954
U001,28.63015881964147,77.21883732060307,2025-02-20 11:47:11,11,20,3,2,0,0.13610317119642948,0.2791666666666667,0.4875337475692996
U001,28.62963198986355,77.21796356379457,2025-02-20 11:51:50,11,20,3,2,0,0.10346052886717776,0.0775,1.3349745660281
U001,28.631078639072754,77.21759087813348,2025-02-20 11:52:05,11,20,3,2,0,0.16492121492289497,0.004166666666666667,39.58109158149479
U001,28.63089396887652,77.216030319821,2025-02-20 12:05:40,12,20,3,2,0,0.15368607913877239,0.2263888888888889,0.678858754478013
U001,28.635773200636944,77.21840081934576,2025-02-20 12:06:12,12,20,3,2,0,0.5898132501742163,0.008888888888888889,66.35399064459934
U001,28.62726705941084,77.21433643705814,2025-02-20 12:33:50,12,20,3,2,0,1.0256530628895348,0.46055555555555555,2.226990968879569
U001,28.628932258413773,77.21818042853808,2025-02-20 12:39:27,12,20,3,2,0,0.4183818009093643,0.09361111111111112,4.469360484491725
U001,28.63361748060075,77.21600142919378,2025-02-20 13:04:54,13,20,3,2,0,0.5627075525450135,0.4241666666666667,1.3266189843890297
U001,28.632227177952505,77.21948646167195,2025-02-20 13:18:55,13,20,3,2,0,0.37361237508692724,0.2336111111111111,1.5992919742127683
U001,28.63268062408996,77.22103786009944,2025-02-20 13:24:25,13,20,3,2,0,0.15958650324900353,0.09166666666666666,1.7409436718073115
U001,28.632776812235388,77.21509650798127,2025-02-20 13:57:46,13,20,3,2,0,0.5799557748882089,0.5558333333333333,1.0433986954510506
U001,28.62686702920076,77.21959881018525,2025-02-20 14:24:10,14,20,3,2,0,0.7905203530520865,0.44,1.7966371660274691
U001,28.629157099791364,77.21868149054873,2025-02-20 14:36:57,14,20,3,2,0,0.2699251311677028,0.21305555555555555,1.2669236925733116
U001,28.62855852968441,77.21597260094578,2025-02-20 14:43:12,14,20,3,2,0,0.27263784733398816,0.10416666666666667,2.617323334406286
U001,28.63135683627171,77.21637066573993,2025-02-20 14:44:04,14,20,3,2,0,0.31357356180193824,0.014444444444444444,21.708938893980342
U001,28.62976394236273,77.22032918634575,2025-02-20 14:50:15,14,20,3,2,0,0.4250131145586703,0.10305555555555555,4.124116475501922
U001,28.636949944032843,77.21882272166805,2025-02-20 15:07:00,15,20,3,2,0,0.8124607267982444,0.2791666666666667,2.9103070810683382
U001,28.630714330319417,77.22551001442359,2025-02-20 15:29:50,15,20,3,2,0,0.9522154679521743,0.38055555555555554,2.5021720325750567
U001,28.627276247077432,77.21972554229559,2025-02-20 15:58:08,15,20,3,2,0,0.6818257437724738,0.4716666666666667,1.4455669479275064
U001,28.629254427966817,77.21933304952809,2025-02-20 16:27:16,16,20,3,2,0,0.22327449101932045,0.4855555555555556,0.45983304786587736
U001,28.62981649942453,77.22165249030468,2025-02-20 16:45:40,16,20,3,2,0,0.23484614961448527,0.30666666666666664,0.765802661786365
U001,28.62968048420604,77.22147756826638,2025-02-20 16:52:12,16,20,3,2,0,0.022808017316028578,0.10888888888888888,0.20946138351454818
U001,28.62696164056094,77.21535681582093,2025-02-20 17:00:29,17,20,3,2,0,0.6695330658784354,0.13805555555555554,4.849736493284442
U001,28.63232163154764,77.21910680269784,2025-02-20 17:23:12,17,20,3,2,0,0.6994103087380708,0.3786111111111111,1.847305290870913
U001,28.630297699281435,77.21901743395793,2025-02-20 17:23:21,17,20,3,2,0,0.22521995855627558,0.0025,90.08798342251023
U001,28.63047834628604,77.21722892181357,2025-02-20 18:23:03,18,20,3,2,0,0.17570896111772247,0.995,0.17659192072132912
U001,28.62951691792889,77.21569824463359,2025-02-20 18:32:06,18,20,3,2,0,0.18370408466933674,0.15083333333333335,1.2179276331668734
U001,28.62594713079321,77.21722951063393,2025-02-20 18:36:41,18,20,3,2,0,0.4241456951100454,0.0763888888888889,5.552452735986049
U001,28.630865872085856,77.21825953551128,2025-02-20 18:49:30,18,20,3,2,0,0.5561015171047551,0.2136111111111111,2.603336100880518
U001,28.624701576050462,77.21005742198992,2025-02-20 19:02:39,19,20,3,2,0,1.0538913427355467,0.21916666666666668,4.808629700694509
U001,28.61951109416002,77.20960202840273,2025-02-20 19:08:18,19,20,3,2,0,0.5788643549477054,0.09416666666666666,6.1472320879402345
U001,28.62597704814151,77.21126624291824,2025-02-20 19:44:12,19,20,3,2,0,0.7371024521908139,0.5983333333333334,1.2319261039400788
U001,28.62060805366866,77.213764358371,2025-02-20 19:49:45,19,20,3,2,0,0.6448782907859084,0.0925,6.971657197685497
U001,28.610009757108365,77.22979022350727,2025-02-20 20:28:40,20,20,3,2,0,1.958557109657093,0.6486111111111111,3.0196169570730342
U001,28.615612478818672,77.22892249750173,2025-02-20 20:42:01,20,20,3,2,0,0.6287260707718001,0.2225,2.82573514953618
U001,28.612306877180767,77.23162306323924,2025-02-20 20:43:28,20,20,3,2,0,0.4523240957493682,0.024166666666666666,18.716859134456616
U001,28.611051055902863,77.22838732757225,2025-02-20 20:46:46,20,20,3,2,0,0.345351538417605,0.055,6.279118880320091
U001,28.60840548915706,77.23105689873901,2025-02-20 20:54:09,20,20,3,2,0,0.39300104963848104,0.12305555555555556,3.193687988032803
U001,28.60919280922044,77.23173420934421,2025-02-20 21:00:52,21,20,3,2,0,0.10970847335756959,0.11194444444444444,0.9800260647326315
U001,28.609577240578407,77.23089508488984,2025-02-20 21:26:33,21,20,3,2,0,0.09239702243544137,0.4280555555555556,0.21585287525476243
U001,28.61468499996368,77.22702046117755,2025-02-20 21:46:53,21,20,3,2,0,0.6823704057885116,0.3388888888888889,2.013552017080854
U001,28.608312285897924,77.23501771071376,2025-02-20 21:59:46,21,20,3,2,0,1.0543099260478774,0.21472222222222223,4.910110910442896
U001,28.61531558449972,77.20995087055013,2025-02-20 22:00:36,22,20,3,2,0,2.5678583423519625,0.013888888888888888,184.88580064934132
U001,28.616930440239297,77.20972677642627,2025-02-20 22:31:19,22,20,3,2,0,0.18089121721576518,0.5119444444444444,0.35334149863090325
U001,28.614483236446496,77.20864107077729,2025-02-20 22:42:36,22,20,3,2,0,0.29202557357000414,0.18805555555555556,1.5528686334594015
U001,28.61593611275855,77.2125246836963,2025-02-20 22:53:51,22,20,3,2,0,0.41207962977655027,0.1875,2.197758025474935
U001,28.616268285833108,77.2112411739019,2025-02-20 23:04:57,23,20,3,2,0,0.1306174935912492,0.185,0.7060405058986443
U001,28.61354335432767,77.20827336995949,2025-02-20 23:32:42,23,20,3,2,0,0.41920488113590215,0.4625,0.9063889321857344
U001,28.619388808163,77.2075990006276,2025-02-20 23:41:06,23,20,3,2,0,0.653309561179222,0.14,4.666496865565871
U001,28.615667646577613,77.20921764161636,2025-02-20 23:50:49,23,20,3,2,0,0.4429133647116463,0.16194444444444445,2.734971034240011
U001,28.612569652626743,77.2084975614166,2025-02-20 23:58:39,23,20,3,2,0,0.3515792782052408,0.13055555555555556,2.692947662848653
U001,28.62052282043372,77.21113961914314,2025-02-21 00:19:09,0,21,4,2,0,0.9211887749525522,0.3416666666666667,2.6961622681538113
U001,28.61360983675744,77.21456575626028,2025-02-21 00:22:37,0,21,4,2,0,0.8382874053978872,0.057777777777777775,14.508820478040356
U001,28.615182829946605,77.21183100375555,2025-02-21 00:46:47,0,21,4,2,0,0.31914777188603083,0.4027777777777778,0.7923668819239386
U001,28.617012079900967,77.21015198649789,2025-02-21 00:56:57,0,21,4,2,0,0.26121587638302796,0.16944444444444445,1.5416018934080338
U001,28.61031195724302,77.20801497400288,2025-02-21 01:25:53,1,21,4,2,0,0.7736728685353914,0.4822222222222222,1.6043907412024245
U001,28.61430701747557,77.20857302576938,2025-02-21 01:36:58,1,21,4,2,0,0.4475580018459187,0.18472222222222223,2.422870385932793
U001,28.61567724034411,77.20997300902567,2025-02-21 01:41:04,1,21,4,2,0,0.20466867753346485,0.06833333333333333,2.99515137853851
U001,28.6163786600012,77.20854996812191,2025-02-21 01:44:18,1,21,4,2,0,0.15930503484868605,0.05388888888888889,2.956175904408607
U001,28.61352302575736,77.20802313376888,2025-02-21 01:52:34,1,21,4,2,0,0.3216694536334593,0.13777777777777778,2.334697647339624
U001,28.61675160101037,77.20958858824993,2025-02-21 02:31:37,2,21,4,2,0,0.39016976282252935,0.6508333333333334,0.5994925933252692
U001,28.613502514301203,77.21074712973981,2025-02-21 02:37:51,2,21,4,2,0,0.3785680403499359,0.10388888888888889,3.6439704418710406
U001,28.616343747428115,77.20758689794533,2025-02-21 02:51:09,2,21,4,2,0,0.441557124032142,0.22166666666666668,1.9919870257089112
U001,28.6104386293111,77.20737749996684,2025-02-21 03:11:49,3,21,4,2,0,0.6569372494724777,0.34444444444444444,1.9072371758878384
U001,28.612517199583312,77.20621381757692,2025-02-21 03:21:38,3,21,4,2,0,0.2575329132254798,0.16361111111111112,1.57405515723553
U001,28.615830743665946,77.20652873985905,2025-02-21 03:35:40,3,21,4,2,0,0.3697294686795859,0.2338888888888889,1.5807910774899159
U001,28.609731738336848,77.2099133146301,2025-02-21 03:52:57,3,21,4,2,0,0.7543747581664805,0.28805555555555556,2.6188516194786207
U001,28.61571923080013,77.20677335099505,2025-02-21 04:13:05,4,21,4,2,0,0.7329454912013603,0.33555555555555555,2.1842746426530604
U001,28.616500441265828,77.2073340886008,2025-02-21 04:24:35,4,21,4,2,0,0.1026728788258002,0.19166666666666668,0.5356845851780879
U001,28.61412755489113,77.20697580996213,2025-02-21 04:46:52,4,21,4,2,0,0.26616057888558203,0.3713888888888889,0.7166627404548207
U001,28.615378644448143,77.21166332033881,2025-02-21 04:47:39,4,21,4,2,0,0.47824491742936304,0.013055555555555556,36.631525590334185
U001,28.61348991219296,77.20976378657059,2025-02-21 04:59:00,4,21,4,2,0,0.280157446076599,0.18916666666666668,1.4810085255150607
U001,28.61549121298921,77.2088352816658,2025-02-21 05:09:09,5,21,4,2,0,0.24028375547039266,0.16916666666666666,1.4203965840614345
U001,28.61321828201512,77.20690423507236,2025-02-21 05:20:10,5,21,4,2,0,0.3152900572755266,0.1836111111111111,1.717162187884865
U001,28.616149595867647,77.21201670426036,2025-02-21 05:21:45,5,21,4,2,0,0.5960612950679982,0.02638888888888889,22.587585918366248
U001,28.616439829326566,77.21043786877743,2025-02-21 06:05:42,6,21,4,2,0,0.15745625827009885,0.7325,0.21495734917419637
U001,28.613453535870804,77.20899498182327,2025-02-21 06:19:23,6,21,4,2,0,0.36069602740241624,0.22805555555555557,1.581614736478317
U001,28.61641790620792,77.21025669872418,2025-02-21 06:31:36,6,21,4,2,0,0.35188034736743196,0.2036111111111111,1.7281981589669237
U001,28.61472798907769,77.2077399228479,2025-02-21 06:54:00,6,21,4,2,0,0.30929556697260135,0.37333333333333335,0.8284702686766108
U001,28.61293558704856,77.20437082486303,2025-02-21 06:58:23,6,21,4,2,0,0.38455167822186215,0.07305555555555555,5.263825253227011
U001,28.61333393365646,77.20685081369199,2025-02-21 07:04:52,7,21,4,2,0,0.24610311377851382,0.10805555555555556,2.277560950135346
U001,28.612413582900288,77.20934880175781,2025-02-21 07:06:15,7,21,4,2,0,0.2644465407530785,0.023055555555555555,11.4699704423022
U001,28.614567525908377,77.205819899774,2025-02-21 07:41:46,7,21,4,2,0,0.41955374804246104,0.5919444444444445,0.7087721693819145
U001,28.622513622126093,77.21408529163315,2025-02-21 08:28:29,8,21,4,2,0,1.1964908378407815,0.7786111111111111,1.5366988998311855
U001,28.62077842199041,77.21432614534885,2025-02-21 08:37:09,8,21,4,2,0,0.1943723807563607,0.14444444444444443,1.345654943697882
U001,28.6202169325468,77.21066810324389,2025-02-21 08:42:14,8,21,4,2,0,0.36247250506428363,0.08472222222222223,4.2783639942013805
U001,28.62230689693268,77.21298347349038,2025-02-21 08:53:42,8,21,4,2,0,0.32416288041685787,0.19111111111111112,1.6962011184603027
U001,28.62035295660281,77.21751037478384,2025-02-21 08:58:13,8,21,4,2,0,0.49238709098350975,0.07527777777777778,6.540935525980204
U001,28.630258715739824,77.21379247033451,2025-02-21 09:03:11,9,21,4,2,0,1.1597065976377248,0.08277777777777778,14.00987836072419
U001,28.62815738301141,77.21650141193192,2025-02-21 09:09:10,9,21,4,2,0,0.3528448612278958,0.09972222222222223,3.538277159945473
U001,28.62958857058112,77.21677084135142,2025-02-21 09:19:02,9,21,4,2,0,0.16129877592334463,0.16444444444444445,0.9808709346689876
U001,28.63183194650705,77.21923860014645,2025-02-21 10:36:58,10,21,4,2,0,0.3467492867846886,1.298888888888889,0.2669583901678526
U001,28.62591034172295,77.21960625078344,2025-02-21 10:40:56,10,21,4,2,0,0.6594294162754405,0.0661111111111111,9.97456259912431
U001,28.632383220818102,77.21699819552045,2025-02-21 10:49:29,10,21,4,2,0,0.7634369242522333,0.1425,5.3574521000156725
U001,28.630704933422813,77.21658906761662,2025-02-21 10:52:04,10,21,4,2,0,0.1908411091924657,0.043055555555555555,4.432438665115332
U001,28.63197711210777,77.2182274037433,2025-02-21 11:04:38,11,21,4,2,0,0.21349102796247182,0.20944444444444443,1.019320557911006
U001,28.629154383781508,77.21793980029935,2025-02-21 11:34:42,11,21,4,2,0,0.31512571327670325,0.5011111111111111,0.6288539732794522
U001,28.62980224759632,77.21389157596079,2025-02-21 11:41:56,11,21,4,2,0,0.4016198152168537,0.12055555555555555,3.3314086054854224
U001,28.63440863634351,77.21495276150819,2025-02-21 12:02:54,12,21,4,2,0,0.5225730580753315,0.34944444444444445,1.4954395938562746
U001,28.628997121005384,77.21771919534686,2025-02-21 12:09:28,12,21,4,2,0,0.6595312618889022,0.10944444444444444,6.026173966497584
U001,28.63192692609132,77.21740264928866,2025-02-21 12:19:29,12,21,4,2,0,0.3272410906626177,0.16694444444444445,1.960179578012352
U001,28.630303271433306,77.21712312274367,2025-02-21 12:36:04,12,21,4,2,0,0.1825917370017522,0.2763888888888889,0.6606334203078471
U001,28.63088242174611,77.21529757095719,2025-02-21 12:40:48,12,21,4,2,0,0.18945271157221993,0.07888888888888888,2.401513245281661
U001,28.59623971195902,77.202900997866,2025-02-21 13:06:16,13,21,4,2,0,4.037689407768203,0.42444444444444446,9.512880803642362
U001,28.5976463003435,77.20523331765716,2025-02-21 13:20:29,13,21,4,2,0,0.27624637795211887,0.23694444444444446,1.1658698248858474
U001,28.60119545333861,77.20754077331586,2025-02-21 13:42:52,13,21,4,2,0,0.4544164107457958,0.37305555555555553,1.218093133793645
U001,28.631415139515745,77.21960918562687,2025-02-21 14:01:27,14,21,4,2,0,3.5607852623003247,0.30972222222222223,11.496705779624365
U001,28.62785917502264,77.2176834301562,2025-02-21 14:14:11,14,21,4,2,0,0.43780323707812313,0.21222222222222223,2.0629471904204753
U001,28.632172390863147,77.21980797866019,2025-02-21 14:19:33,14,21,4,2,0,0.5225126587381251,0.08944444444444444,5.841756433097052
U001,28.630321760291512,77.22091785552082,2025-02-21 14:37:27,14,21,4,2,0,0.232549701199294,0.29833333333333334,0.7794962051372983
U001,28.633343690526903,77.22244566908182,2025-02-21 14:47:41,14,21,4,2,0,0.36762177081347697,0.17055555555555554,2.1554370927174547
U001,28.63116969378777,77.217599749912,2025-02-21 15:37:51,15,21,4,2,0,0.5311471006522427,0.8361111111111111,0.6352589908133135
U001,28.63089914710528,77.216347349855,2025-02-21 15:39:44,15,21,4,2,0,0.1258798441049251,0.03138888888888889,4.010331316617083
U001,28.63124106567947,77.21736232405144,2025-02-21 15:45:42,15,21,4,2,0,0.10610532947578848,0.09944444444444445,1.0669809667956383
U001,28.630993057882417,77.21728361601434,2025-02-21 16:21:40,16,21,4,2,0,0.028627121433374765,0.5994444444444444,0.047756087655305444
U001,28.628041360543783,77.21525325299916,2025-02-21 16:35:06,16,21,4,2,0,0.3833965007308374,0.2238888888888889,1.712440946192326
U001,28.63166320956093,77.21774865049923,2025-02-21 16:50:31,16,21,4,2,0,0.4706472547870911,0.2569444444444444,1.8317082348470572
U001,28.62840485877434,77.21681653725443,2025-02-21 17:24:47,17,21,4,2,0,0.3735588885115006,0.5711111111111111,0.6540914390279193
U001,28.62744790644136,77.21722345371104,2025-02-21 17:38:47,17,21,4,2,0,0.11357834877129733,0.23333333333333334,0.4867643518769885
U001,28.6310426426038,77.21781462661578,2025-02-21 17:50:27,17,21,4,2,0,0.4038593052410592,0.19444444444444445,2.0769907126683043
U001,28.63321870907269,77.21816384078853,2025-02-21 17:58:09,17,21,4,2,0,0.2443561034566967,0.12833333333333333,1.9040735334288055
U001,28.630948228067805,77.21718922122577,2025-02-21 18:03:09,18,21,4,2,0,0.26979056586009736,0.08333333333333333,3.2374867903211686
U001,28.630279124492176,77.21813727233715,2025-02-21 18:03:46,18,21,4,2,0,0.11873099120585612,0.010277777777777778,11.552204549758974
U001,28.629214550516263,77.21258578365997,2025-02-21 18:32:21,18,21,4,2,0,0.554603429697499,0.47638888888888886,1.164182126478715
U001,28.630200209100305,77.21676452599064,2025-02-21 18:52:28,18,21,4,2,0,0.42231355303829143,0.3352777777777778,1.2595930330885245
U001,28.61971545172215,77.21701149505458,2025-02-21 19:10:17,19,21,4,2,0,1.1661010006126293,0.29694444444444446,3.9270005633353278
U001,28.6211741483476,77.21749024818592,2025-02-21 19:17:03,19,21,4,2,0,0.16879706153979127,0.11277777777777778,1.4967227131607106
U001,28.620444825306755,77.21426037504736,2025-02-21 19:17:36,19,21,4,2,0,0.3255247121980264,0.009166666666666667,35.511786785239245
U001,28.623825801197864,77.20959784122185,2025-02-21 19:45:22,19,21,4,2,0,0.5902943196908403,0.4627777777777778,1.2755459489117797
U001,28.616663354682263,77.20979308631308,2025-02-21 20:29:42,20,21,4,2,0,0.7966556947497341,0.7388888888888889,1.0781806395109181
U001,28.615496772897064,77.20606381160937,2025-02-21 20:36:20,20,21,4,2,0,0.38644480160195394,0.11055555555555556,3.4954806175051107
U001,28.613932233136325,77.21085146009483,2025-02-21 20:51:00,20,21,4,2,0,0.49866961638913104,0.24444444444444444,2.040012067046445
U001,28.60687313979641,77.22978099744302,2025-02-21 21:10:17,21,21,4,2,0,2.007658936286876,0.3213888888888889,6.246821236501948
U001,28.609441837521647,77.2303667126022,2025-02-21 21:25:12,21,21,4,2,0,0.29129288816186366,0.24861111111111112,1.1716808909304013
U001,28.613346183131707,77.23241159980121,2025-02-21 21:51:45,21,21,4,2,0,0.477835419760952,0.4425,1.0798540559569536
U001,28.61162936718215,77.23032683122675,2025-02-21 21:54:21,21,21,4,2,0,0.2790304363864133,0.043333333333333335,6.439163916609537
U001,28.6067691410768,77.23268980983431,2025-02-21 21:57:48,21,21,4,2,0,0.5876021959355082,0.0575,10.21916862496536
U001,28.61056351244517,77.22617430363385,2025-02-21 22:17:29,22,21,4,2,0,0.7632542938214558,0.32805555555555554,2.3266007262974098
U001,28.60504438084749,77.2323218593323,2025-02-21 22:18:12,22,21,4,2,0,0.8583567362248975,0.011944444444444445,71.86242442813095
U001,28.610203588239493,77.23026433285436,2025-02-21 22:35:19,22,21,4,2,0,0.6078233747743396,0.2852777777777778,2.130636951497198
U001,28.605141987364995,77.2317554707469,2025-02-21 22:55:27,22,21,4,2,0,0.5813436364295712,0.33555555555555555,1.7324810357172653
U001,28.6135344163204,77.20988451685764,2025-02-21 23:20:11,23,21,4,2,0,2.3300488029301203,0.4122222222222222,5.652409494978729
U001,28.61203010076672,77.20832193103148,2025-02-21 23:40:58,23,21,4,2,0,0.2263761069635529,0.3463888888888889,0.6535316640487493
U001,28.6140392294894,77.20854148562024,2025-02-21 23:48:51,23,21,4,2,0,0.22443057497331678,0.1313888888888889,1.7081396826721784
U001,28.61191110230676,77.20898812820388,2025-02-21 23:53:38,23,21,4,2,0,0.24061987866516052,0.07972222222222222,3.0182284431866826
U001,28.61248877818385,77.2071476826952,2025-02-22 00:15:50,0,22,5,2,1,0.19079476965780123,0.37,0.5156615396156791
U001,28.61222961027703,77.20533053157044,2025-02-22 00:20:47,0,22,5,2,1,0.1797083030331805,0.0825,2.1782824610082483
U001,28.61665959498557,77.2066037307091,2025-02-22 00:32:54,0,22,5,2,1,0.5080282301899998,0.20194444444444445,2.5156831206107277
U001,28.6147802151524,77.21091742000462,2025-02-22 00:41:09,0,22,5,2,1,0.470076658781215,0.1375,3.4187393365906544
U001,28.61597658014524,77.20846598302383,2025-02-22 01:06:47,1,22,5,2,1,0.2737838187424877,0.4272222222222222,0.6408463897743535
U001,28.6136272640674,77.20968462188272,2025-02-22 01:21:54,1,22,5,2,1,0.2870411263343628,0.25194444444444447,1.1393032577769635
U001,28.61425605187434,77.20662101775343,2025-02-22 01:38:22,1,22,5,2,1,0.30711621198099315,0.27444444444444444,1.1190469262465337
U001,28.61021023337629,77.20462131478186,2025-02-22 01:43:48,1,22,5,2,1,0.49039900257298485,0.09055555555555556,5.415449108167931
U001,28.61380430158672,77.20996280362536,2025-02-22 01:49:29,1,22,5,2,1,0.6569533838990701,0.09472222222222222,6.935578246441795
U001,28.613866422729068,77.20871365373696,2025-02-22 02:07:20,2,22,5,2,1,0.1221305106089659,0.2975,0.41052272473601986
U001,28.612093079464497,77.20741095880683,2025-02-22 02:09:33,2,22,5,2,1,0.23463376899799188,0.036944444444444446,6.35098923603587
U001,28.61273248046756,77.20743115357801,2025-02-22 02:15:52,2,22,5,2,1,0.07112547171909754,0.10527777777777778,0.6755981482552801
U001,28.615457119175627,77.20835028449451,2025-02-22 02:24:11,2,22,5,2,1,0.3159716919115761,0.1386111111111111,2.279555292348044
U001,28.61416579712207,77.21323244472678,2025-02-22 02:40:52,2,22,5,2,1,0.49772638611861914,0.27805555555555556,1.7900249650619668
U001,28.61359740113921,77.20745118044559,2025-02-22 03:16:01,3,22,5,2,1,0.5678625495552587,0.5858333333333333,0.9693244089136707
U001,28.612989187159524,77.2078287286246,2025-02-22 03:18:14,3,22,5,2,1,0.07702012827397862,0.036944444444444446,2.084755351776865
U001,28.615432802647245,77.20635566017098,2025-02-22 03:26:39,3,22,5,2,1,0.3074193680124404,0.14027777777777778,2.1915044056332387
U001,28.61356697701598,77.20876841156334,2025-02-22 03:35:25,3,22,5,2,1,0.3138671198191548,0.1461111111111111,2.148139983553151
U001,28.612407452430425,77.20778829648926,2025-02-22 03:57:23,3,22,5,2,1,0.16055316685258042,0.3661111111111111,0.438536722814332
U001,28.61582458741607,77.20710494758855,2025-02-22 04:04:02,4,22,5,2,1,0.3857787309731495,0.11083333333333334,3.480710354644958
U001,28.61607609821993,77.21045604506823,2025-02-22 04:08:54,4,22,5,2,1,0.32830212563105365,0.0811111111111111,4.047560452985593
U001,28.61671623098185,77.2102739156193,2025-02-22 04:16:05,4,22,5,2,1,0.07336607881522633,0.11972222222222222,0.6128025144659276
U001,28.613227612304,77.20759023006278,2025-02-22 04:29:35,4,22,5,2,1,0.4680857247917753,0.225,2.0803809990745568
U001,28.61524340418811,77.21041486171177,2025-02-22 04:50:55,4,22,5,2,1,0.3553377153988999,0.35555555555555557,0.9993873245594059
U001,28.615946101704072,77.20323946848465,2025-02-22 05:00:37,5,22,5,2,1,0.7047548436989799,0.16166666666666665,4.359308311540082
U001,28.61366200430403,77.21013634607743,2025-02-22 05:30:31,5,22,5,2,1,0.7195430862215173,0.49833333333333335,1.4438991696752854
U001,28.612817322356623,77.20924511512199,2025-02-22 05:31:27,5,22,5,2,1,0.12802477092341324,0.015555555555555555,8.230163845076566
U001,28.613363204061034,77.2065550256983,2025-02-22 06:32:02,6,22,5,2,1,0.26951744496416097,1.0097222222222222,0.2669223664019201
U001,28.611336994803032,77.20952405532593,2025-02-22 06:33:01,6,22,5,2,1,0.36709672640800395,0.01638888888888889,22.399122289301935
U001,28.613838037575707,77.20798043619179,2025-02-22 06:39:13,6,22,5,2,1,0.3163009069093721,0.10333333333333333,3.0609765184777946
U001,28.61477797140747,77.20886233388003,2025-02-22 06:41:25,6,22,5,2,1,0.13540415475347398,0.03666666666666667,3.692840584185654
U001,28.613515484190845,77.21011516799504,2025-02-22 06:42:26,6,22,5,2,1,0.18618014506419034,0.016944444444444446,10.987680692312871
U001,28.61372131204732,77.20788905599922,2025-02-22 07:06:33,7,22,5,2,1,0.21850297979661873,0.40194444444444444,0.5436148771719609
U001,28.611233253906097,77.2077001279893,2025-02-22 07:41:49,7,22,5,2,1,0.27727345119894986,0.5877777777777777,0.4717317695256236
U001,28.610656284094684,77.20922628077015,2025-02-22 07:46:39,7,22,5,2,1,0.1622055033122173,0.08055555555555556,2.0135855583585593
U001,28.61261758566133,77.20586250397054,2025-02-22 07:51:49,7,22,5,2,1,0.39418533615260865,0.08611111111111111,4.577636161772229
U001,28.614096891237047,77.20896391435922,2025-02-22 08:13:12,8,22,5,2,1,0.34454479591960524,0.35638888888888887,0.9667663798211839
U001,28.61296081193518,77.20767034802402,2025-02-22 08:41:41,8,22,5,2,1,0.17861328240571803,0.4747222222222222,0.3762479910243329
U001,28.614418347976105,77.20599707546441,2025-02-22 08:57:31,8,22,5,2,1,0.23009876225897485,0.2638888888888889,0.8719532043497994
U001,28.61385689735974,77.20883813569272,2025-02-22 08:59:37,8,22,5,2,1,0.2842677433382558,0.035,8.121935523950164
U001,28.62493383027641,77.19536607518417,2025-02-22 09:04:08,9,22,5,2,1,1.8017491587831413,0.07527777777777778,23.93467517202697
U001,28.6244608660512,77.19628402834728,2025-02-22 09:13:25,9,22,5,2,1,0.10389086255711708,0.15472222222222223,0.6714669752345088
U001,28.62568750340272,77.19442033807427,2025-02-22 09:43:13,9,22,5,2,1,0.22736033610385153,0.49666666666666665,0.4577724887997011
U001,28.624951707614624,77.19700519446222,2025-02-22 09:49:42,9,22,5,2,1,0.2652263829991772,0.10805555555555556,2.4545372205579383
U001,28.626652561063008,77.1950198885692,2025-02-22 10:04:03,10,22,5,2,1,0.2707701459920128,0.23916666666666667,1.1321399832418655
U001,28.625376075535943,77.19620682518371,2025-02-22 10:46:21,10,22,5,2,1,0.1832143867385137,0.705,0.25987856274966487
U001,28.62103970156789,77.19528055632681,2025-02-22 10:48:19,10,22,5,2,1,0.49058541029032077,0.03277777777777778,14.967012517331819
U001,28.624131147400654,77.1950666848894,2025-02-22 11:24:24,11,22,5,2,1,0.34438635615037216,0.6013888888888889,0.5726516776634364
U001,28.628066337923265,77.1944360075994,2025-02-22 11:32:51,11,22,5,2,1,0.4418817313306996,0.14083333333333334,3.1376217609280443
U001,28.624792891587813,77.19325055374482,2025-02-22 11:45:12,11,22,5,2,1,0.38193778465113165,0.20583333333333334,1.8555681845399108
U001,28.62769505823561,77.19649515698241,2025-02-22 11:47:09,11,22,5,2,1,0.4521361967431125,0.0325,13.911882976711153
U001,28.623535063788648,77.19803984865621,2025-02-22 11:59:28,11,22,5,2,1,0.4865203175210473,0.20527777777777778,2.3700583803461033
U001,28.59849745318684,77.206929114323,2025-02-22 12:20:18,12,22,5,2,1,2.9161520350866823,0.3472222222222222,8.398517861049646
U001,28.602093665171733,77.20728960348107,2025-02-22 12:32:25,12,22,5,2,1,0.40142622819820317,0.20194444444444445,1.9878052565523128
U001,28.59819516243967,77.20712760828964,2025-02-22 12:53:17,12,22,5,2,1,0.43378212045484216,0.3477777777777778,1.2472968319787794
U001,28.6008685477451,77.20321186463806,2025-02-22 12:55:16,12,22,5,2,1,0.48426172555148533,0.03305555555555555,14.649934554498717
U001,28.59938181139988,77.20504112719591,2025-02-22 13:29:16,13,22,5,2,1,0.24335720326953267,0.5666666666666667,0.42945388812270474
U001,28.599851679221832,77.20627031222892,2025-02-22 13:43:27,13,22,5,2,1,0.13088283048089558,0.2363888888888889,0.5536758986265853
U001,28.59959764986594,77.20413625614036,2025-02-22 13:57:08,13,22,5,2,1,0.21024868697998325,0.22805555555555557,0.921918724881778
U001,28.59561202344553,77.20272056460672,2025-02-22 14:13:31,14,22,5,2,1,0.4642334348241823,0.27305555555555555,1.7001427928454285
U001,28.599137990643342,77.20395066287324,2025-02-22 14:22:37,14,22,5,2,1,0.41005026217566043,0.15166666666666667,2.7036281022571016
U001,28.598403330206807,77.20358661098109,2025-02-22 14:28:49,14,22,5,2,1,0.08908737084927686,0.10333333333333333,0.8621358469284857
U001,28.603315788285684,77.20546474738796,2025-02-22 14:30:42,14,22,5,2,1,0.5761926242338109,0.03138888888888889,18.356579179130257
U001,28.598365300608982,77.20419623926668,2025-02-22 14:48:53,14,22,5,2,1,0.5642274224345233,0.3030555555555556,1.8617953444218915
U001,28.60010103233502,77.20554241975505,2025-02-22 15:11:51,15,22,5,2,1,0.23350215235511315,0.3827777777777778,0.6100201367767832
U001,28.602594550503547,77.20579913549564,2025-02-22 15:43:10,15,22,5,2,1,0.2783969489036344,0.5219444444444444,0.5333842554832804
U001,28.59696031473869,77.20473785609693,2025-02-22 15:50:29,15,22,5,2,1,0.6350081262812386,0.12194444444444444,5.207355933057993
U001,28.6011656231189,77.20635251908169,2025-02-22 15:56:18,15,22,5,2,1,0.49346469768268947,0.09694444444444444,5.090180262629461
U001,28.639052494955944,77.2258133126417,2025-02-22 16:25:49,16,22,5,2,1,4.621273815283692,0.49194444444444446,9.393893695664195
U001,28.64264180798204,77.22851779743453,2025-02-22 16:26:24,16,22,5,2,1,0.4784870707190355,0.009722222222222222,49.21581298824365
U001,28.64006409101177,77.22486671320956,2025-02-22 16:39:57,16,22,5,2,1,0.4572848563008671,0.22583333333333333,2.0248775924761646
U001,28.63841655026375,77.2260861246484,2025-02-22 16:58:30,16,22,5,2,1,0.21845676382813498,0.30916666666666665,0.7065986970182264
U001,28.639921886771283,77.22624693906081,2025-02-22 16:58:50,16,22,5,2,1,0.16811990442095479,0.005555555555555556,30.26158279577186
U001,28.63959264676976,77.22486124438747,2025-02-22 17:36:04,17,22,5,2,1,0.14009827477258283,0.6205555555555555,0.22576266301759096
U001,28.63853482373775,77.22445116619859,2025-02-22 17:37:15,17,22,5,2,1,0.12424624525802845,0.01972222222222222,6.299809618716936
U001,28.639468708386232,77.22474857225306,2025-02-22 17:41:52,17,22,5,2,1,0.10782309090120182,0.07694444444444444,1.4013109286798793
U001,28.638220505630603,77.22545225564305,2025-02-22 17:48:21,17,22,5,2,1,0.15485393213156712,0.10805555555555556,1.433095515870544
U001,28.64127268859756,77.22369218873061,2025-02-22 17:51:33,17,22,5,2,1,0.3803775599641781,0.05333333333333334,7.132079249328339
U001,28.639104660632054,77.2270531276119,2025-02-22 18:02:09,18,22,5,2,1,0.40705820071815857,0.17666666666666667,2.304103022932973
U001,28.6388364896117,77.22637930702466,2025-02-22 18:12:47,18,22,5,2,1,0.0722039711630985,0.17722222222222223,0.4074205269391138
U001,28.639608550008585,77.22667686328798,2025-02-22 18:33:10,18,22,5,2,1,0.09062744662123218,0.3397222222222222,0.2667692623355976
U001,28.640804569488093,77.22350057148547,2025-02-22 18:40:36,18,22,5,2,1,0.33729885740491,0.1238888888888889,2.7225916741203497
U001,28.641972950024485,77.22626076097364,2025-02-22 18:57:18,18,22,5,2,1,0.2990574980302338,0.2783333333333333,1.0744580767553311
U001,28.639528737306303,77.2252850084456,2025-02-22 19:03:11,19,22,5,2,1,0.287982648582802,0.09805555555555556,2.936933526623476
U001,28.642575602088588,77.2244581958937,2025-02-22 19:11:38,19,22,5,2,1,0.3482717338189057,0.14083333333333334,2.4729353880632354
U001,28.63926500281692,77.22499761391809,2025-02-22 19:22:30,19,22,5,2,1,0.37186665126066076,0.1811111111111111,2.053251448678495
U001,28.63832408309284,77.22609141827084,2025-02-22 19:30:42,19,22,5,2,1,0.14946950481368762,0.13666666666666666,1.0936793035147876
U001,28.61668615364141,77.2070752069529,2025-02-22 20:01:45,20,22,5,2,1,3.0387102165411677,0.5175,5.871903800079552
U001,28.61680174013608,77.20487485947963,2025-02-22 20:11:47,20,22,5,2,1,0.21516385600761523,0.16722222222222222,1.2866941555272673
U001,28.613990182026143,77.2084631573843,2025-02-22 20:13:45,20,22,5,2,1,0.46949253618714204,0.03277777777777778,14.323501104014502
U001,28.61691580764896,77.2130906207943,2025-02-22 20:21:56,20,22,5,2,1,0.5566530727870592,0.1363888888888889,4.081366725118968
U001,28.615329305687524,77.20741277887608,2025-02-22 20:52:34,20,22,5,2,1,0.5816256911673012,0.5105555555555555,1.1392015713831798
U001,28.613924284386023,77.20634651361411,2025-02-22 21:06:09,21,22,5,2,1,0.18772659605219053,0.2263888888888889,0.8292217739728661
U001,28.61311156496832,77.20827197540667,2025-02-22 21:29:08,21,22,5,2,1,0.20855035836685454,0.38305555555555554,0.5444389340976623
U001,28.61433405786127,77.20727029075198,2025-02-22 21:51:05,21,22,5,2,1,0.1674486456548905,0.36583333333333334,0.4577183935896779
U001,28.61309021615412,77.2055833275322,2025-02-22 22:43:43,22,22,5,2,1,0.2150494025394527,0.8772222222222222,0.2451481472900664
U001,28.61379210039508,77.21023677046114,2025-02-22 22:46:46,22,22,5,2,1,0.46090069013725216,0.050833333333333335,9.066898822372174
U001,28.612887781679053,77.21207638712563,2025-02-22 22:50:35,22,22,5,2,1,0.20581115450132095,0.0636111111111111,3.235459197400679
U001,28.61321830764044,77.20752529596254,2025-02-22 23:11:00,23,22,5,2,1,0.4457729963834447,0.3402777777777778,1.31002676488196
U001,28.616758895768623,77.213422449657,2025-02-22 23:43:14,23,22,5,2,1,0.697394008299045,0.5372222222222223,1.2981481023146648
U001,28.607771970037096,77.20570696747578,2025-02-22 23:48:07,23,22,5,2,1,1.2513359333301257,0.08138888888888889,15.374775972656835
U001,28.61265528838295,77.2128848908046,2025-02-22 23:58:30,23,22,5,2,1,0.8864646999911461,0.17305555555555555,5.122428442966495
U001,28.61396149030478,77.20786009288625,2025-02-23 00:08:27,0,23,6,2,1,0.5115476107420868,0.16583333333333333,3.084709210505046
U001,28.61397232248945,77.21039246444725,2025-02-23 00:36:17,0,23,6,2,1,0.2471985466743865,0.4638888888888889,0.53288309462742
U001,28.614582643064644,77.20795915632874,2025-02-23 00:37:26,0,23,6,2,1,0.24702970928907414,0.019166666666666665,12.88850657160387
U001,28.61633435263632,77.21086046085202,2025-02-23 00:46:01,0,23,6,2,1,0.34372173670572637,0.14305555555555555,2.4027150527002235
U001,28.61592219665389,77.20633928741537,2025-02-23 00:55:31,0,23,6,2,1,0.44369522033478914,0.15833333333333333,2.8022856021144578
U001,28.614011343101115,77.2093595606616,2025-02-23 01:06:06,1,23,6,2,1,0.3634072053828884,0.1763888888888889,2.0602613218557453
U001,28.613490274783167,77.20559891572823,2025-02-23 01:33:24,1,23,6,2,1,0.3716377430295607,0.455,0.816786248416617
U001,28.61305892402215,77.20924977559103,2025-02-23 01:33:51,1,23,6,2,1,0.3595915742818607,0.0075,47.94554323758143
U001,28.614904741312152,77.20939470742663,2025-02-23 01:42:15,1,23,6,2,1,0.2057325254952539,0.14,1.4695180392518135
U001,28.614371793999307,77.20842964285922,2025-02-23 01:56:19,1,23,6,2,1,0.11129315025416481,0.23444444444444446,0.47471011956752757
U001,28.61544432143772,77.20725049300842,2025-02-23 02:17:45,2,23,6,2,1,0.16574394281071075,0.3572222222222222,0.46397993321816383
U001,28.613761389273005,77.2059787853674,2025-02-23 02:25:02,2,23,6,2,1,0.22456339166152375,0.1213888888888889,1.8499501372574039
U001,28.613531146089468,77.20578057783221,2025-02-23 02:27:52,2,23,6,2,1,0.03209047951948631,0.04722222222222222,0.679563095706769
U001,28.613457956370905,77.21288013915908,2025-02-23 02:46:08,2,23,6,2,1,0.6930694270957708,0.30444444444444446,2.27650541746786
U001,28.61316649530355,77.20999324197042,2025-02-23 03:05:55,3,23,6,2,1,0.28366161322850597,0.32972222222222225,0.8603048084436574
U001,28.61187221257052,77.20930016749914,2025-02-23 03:17:03,3,23,6,2,1,0.1590266689651504,0.18555555555555556,0.8570299525067985
U001,28.61483149338979,77.20938416137517,2025-02-23 03:31:06,3,23,6,2,1,0.3291591448235051,0.23416666666666666,1.4056618284277798
U001,28.61249595389986,77.2080193412187,2025-02-23 03:41:01,3,23,6,2,1,0.2918791094824387,0.16527777777777777,1.7659912506500495
U001,28.61532743430063,77.20896970744894,2025-02-23 03:57:27,3,23,6,2,1,0.32822906403966257,0.2738888888888889,1.198402262213778
U001,28.61388649751708,77.21024250437812,2025-02-23 04:09:03,4,23,6,2,1,0.2027515168058653,0.19333333333333333,1.0487147420993033
U001,28.617160827942264,77.20647509611581,2025-02-23 04:19:54,4,23,6,2,1,0.5174928790273661,0.18083333333333335,2.8617117734232225
U001,28.612299373505166,77.20520657041469,2025-02-23 04:37:44,4,23,6,2,1,0.5545697681739533,0.2972222222222222,1.8658422106787214
U001,28.614691594119453,77.21165323262179,2025-02-23 04:37:49,4,23,6,2,1,0.6831999929692005,0.001388888888888889,491.90399493782434
U001,28.614142822940668,77.20858391317203,2025-02-23 04:41:07,4,23,6,2,1,0.3057589366449578,0.055,5.5592533935446875
U001,28.61183687563388,77.21242805510714,2025-02-23 05:10:05,5,23,6,2,1,0.45448424307131313,0.48277777777777775,0.941394289445758
U001,28.61481669735442,77.2061745843789,2025-02-23 05:23:27,5,23,6,2,1,0.694560141480803,0.22277777777777777,3.1177263208614603
U001,28.61480220932134,77.20725492922092,2025-02-23 05:37:04,5,23,6,2,1,0.10546853617304536,0.22694444444444445,0.4647328399301876
U001,28.616923282684272,77.20906458457087,2025-02-23 05:56:16,5,23,6,2,1,0.2946691454573912,0.32,0.9208410795543475
U001,28.61522128475943,77.2091765643281,2025-02-23 06:01:20,6,23,6,2,1,0.1895689277783309,0.08444444444444445,2.244895197374971
U001,28.61176843716424,77.21187458697304,2025-02-23 06:21:33,6,23,6,2,1,0.4655870287632813,0.33694444444444444,1.3817916764615108
U001,28.611425143157103,77.21079806519998,2025-02-23 06:23:55,6,23,6,2,1,0.11180459018505556,0.03944444444444444,2.8344825680718313
U001,28.61530698084941,77.21016835782324,2025-02-23 06:26:28,6,23,6,2,1,0.43599549091819656,0.0425,10.25871743336933
U001,28.616331629008787,77.20555870288794,2025-02-23 06:39:52,6,23,6,2,1,0.46416107806501694,0.22333333333333333,2.0783331853657474
U001,28.61255975247462,77.20672114525792,2025-02-23 07:13:45,7,23,6,2,1,0.4344919518338998,0.5647222222222222,0.7693905689139396
U001,28.611515128061004,77.20849391243006,2025-02-23 07:18:31,7,23,6,2,1,0.20842008031209666,0.07944444444444444,2.623469542390028
U001,28.61493028482785,77.20765240494231,2025-02-23 07:32:54,7,23,6,2,1,0.3885308426070701,0.23972222222222223,1.620754383992413
U001,28.61442803267863,77.20692239452099,2025-02-23 07:43:01,7,23,6,2,1,0.09053632132291042,0.1686111111111111,0.5369534707783814
U001,28.62438627672673,77.19660995289496,2025-02-23 08:07:18,8,23,6,2,1,1.4964455179775984,0.4047222222222222,3.697463187865034
U001,28.627811346668192,77.19033505558436,2025-02-23 08:16:31,8,23,6,2,1,0.7212076925528991,0.15361111111111111,4.695022953328095
U001,28.625046678533963,77.19536304346965,2025-02-23 08:31:30,8,23,6,2,1,0.5790820733198538,0.24972222222222223,2.318904854228558
U001,28.625642285817072,77.19434646158138,2025-02-23 08:36:52,8,23,6,2,1,0.11929480554004897,0.08944444444444444,1.3337307451682494
U001,28.62359854205227,77.19806531604544,2025-02-23 08:44:00,8,23,6,2,1,0.42824789109180383,0.11888888888888889,3.602085065258163
U001,28.63095241971606,77.19422852505487,2025-02-23 09:29:51,9,23,6,2,1,0.8993830376901453,0.7641666666666667,1.1769461780023711
U001,28.62748439041042,77.19380514087362,2025-02-23 09:36:48,9,23,6,2,1,0.3878349164677865,0.11583333333333333,3.3482151061967182
U001,28.62562000132344,77.19613683450216,2025-02-23 09:52:35,9,23,6,2,1,0.3078474083297168,0.26305555555555554,1.170275258697973
U001,28.62551460386076,77.19496599788822,2025-02-23 09:52:50,9,23,6,2,1,0.1148771190455059,0.004166666666666667,27.57050857092142
U001,28.626328419553804,77.19626960992949,2025-02-23 10:12:12,10,23,6,2,1,0.15613455957365682,0.3227777777777778,0.4837215270784549
U001,28.62125656078709,77.19719858764654,2025-02-23 10:13:58,10,23,6,2,1,0.5712075569759125,0.029444444444444443,19.399501935030994
U001,28.624370743252573,77.19662226961891,2025-02-23 10:43:42,10,23,6,2,1,0.3508205155313719,0.4955555555555556,0.7079337757359522
U001,28.622042879702903,77.19058477376439,2025-02-23 10:48:40,10,23,6,2,1,0.6436372388507564,0.08277777777777778,7.77548342235813
U001,28.595325797392984,77.2086534947166,2025-02-23 11:11:48,11,23,6,2,1,3.4549756187754403,0.38555555555555554,8.961031864259068
U001,28.599144505479703,77.20645162021772,2025-02-23 11:32:06,11,23,6,2,1,0.4759353622369168,0.3383333333333333,1.4067055041485226
U001,28.600436158003514,77.20294147770569,2025-02-23 11:39:55,11,23,6,2,1,0.371567044277038,0.13027777777777777,2.852113772702211
U001,28.599822656123365,77.20646462436814,2025-02-23 12:13:05,12,23,6,2,1,0.3506544957058849,0.5527777777777778,0.6343498414779827
U001,28.601508390053866,77.20609080300864,2025-02-23 12:14:11,12,23,6,2,1,0.19096473513888704,0.018333333333333333,10.416258280302928
U001,28.59264069784979,77.20404048553239,2025-02-23 12:45:29,12,23,6,2,1,1.0061553491038167,0.5216666666666666,1.9287322986015656
U001,28.600103506709583,77.20433044832664,2025-02-23 13:13:23,13,23,6,2,1,0.8303092234967873,0.465,1.785611233326424
U001,28.59772007795607,77.20714701884653,2025-02-23 13:34:47,13,23,6,2,1,0.38190396471832655,0.3566666666666667,1.0707587795840932
U001,28.60155379129999,77.20577016202493,2025-02-23 13:38:20,13,23,6,2,1,0.4469801343579545,0.059166666666666666,7.554593820134442
U001,28.601981818197867,77.20425164554585,2025-02-23 14:17:16,14,23,6,2,1,0.15569885774050835,0.6488888888888888,0.23994686980557794
U001,28.59530846040774,77.20449716828061,2025-02-23 14:24:43,14,23,6,2,1,0.7424305773251053,0.12416666666666666,5.979306663020982
U001,28.59966273671229,77.20861067600096,2025-02-23 14:50:56,14,23,6,2,1,0.6290520859394336,0.43694444444444447,1.439661480853122
U001,28.63993617610437,77.2256019986445,2025-02-23 15:30:30,15,23,6,2,1,4.775450562996154,0.6594444444444445,7.241626801510595
U001,28.64050899849824,77.22899391917618,2025-02-23 15:35:51,15,23,6,2,1,0.3370895081221993,0.08916666666666667,3.780443081744291
U001,28.638164631539645,77.22308809822442,2025-02-23 15:44:02,15,23,6,2,1,0.6325645165128971,0.1363888888888889,4.637947575247311
U001,28.63650587117229,77.22389156814961,2025-02-23 15:55:00,15,23,6,2,1,0.2004215005416958,0.1827777777777778,1.0965310060031987
U001,28.638459304710707,77.22142365019455,2025-02-23 16:04:43,16,23,6,2,1,0.3243297103976974,0.16194444444444445,2.0027220539137405
U001,28.643989500289727,77.22643621068143,2025-02-23 16:29:48,16,23,6,2,1,0.7857647343280018,0.41805555555555557,1.8795701286251205
U001,28.64094477528664,77.2240984454594,2025-02-23 16:48:11,16,23,6,2,1,0.40825008309083377,0.3063888888888889,1.3324572068241176
U001,28.638761569609485,77.22501144103633,2025-02-23 16:54:39,16,23,6,2,1,0.2585958286680351,0.10777777777777778,2.3993427402188825
U001,28.6413416371381,77.22560782373736,2025-02-23 16:56:56,16,23,6,2,1,0.2927344688493424,0.03805555555555556,7.692292612099508
U001,28.640979011075707,77.22463693000033,2025-02-23 17:10:25,17,23,6,2,1,0.10297166406769728,0.2247222222222222,0.45821754096873946
U001,28.64175057960335,77.22392738337044,2025-02-23 17:27:20,17,23,6,2,1,0.11025153760526128,0.28194444444444444,0.39103993633393164
U001,28.641332460030675,77.22409005832705,2025-02-23 17:56:03,17,23,6,2,1,0.04912841312293844,0.4786111111111111,0.10264787419766593
U001,28.64082571979424,77.22170790917912,2025-02-23 18:45:29,18,23,6,2,1,0.23920299494706018,0.8238888888888889,0.2903340464630535
U001,28.63913371446626,77.22368208326014,2025-02-23 18:46:10,18,23,6,2,1,0.2692867848126133,0.01138888888888889,23.644693300619704
U001,28.63863353175117,77.2195722419425,2025-02-23 18:48:58,18,23,6,2,1,0.40492182374659086,0.04666666666666667,8.676896223141233
U001,28.641383133742856,77.2272452445907,2025-02-23 18:49:45,18,23,6,2,1,0.8088217690050383,0.013055555555555556,61.95230571102421
U001,28.639615967069044,77.22316556258971,2025-02-23 18:50:00,18,23,6,2,1,0.4439857630498721,0.004166666666666667,106.5565831319693
U001,28.6116095378366,77.20279909767241,2025-02-23 19:05:11,19,23,6,2,1,3.694532326077661,0.25305555555555553,14.59968866507089
U001,28.618687256937296,77.21329267661358,2025-02-23 19:28:12,19,23,6,2,1,1.2917404350021013,0.3836111111111111,3.3673175713306045
U001,28.614107737410723,77.21129734232281,2025-02-23 19:32:45,19,23,6,2,1,0.5451964251011465,0.07583333333333334,7.189403407927206
U001,28.615359951615574,77.2087788718749,2025-02-23 19:59:32,19,23,6,2,1,0.28253054185320714,0.4463888888888889,0.6329246737221815
U001,28.61340666961036,77.20866594667999,2025-02-23 20:01:23,20,23,6,2,1,0.21747459034526243,0.030833333333333334,7.053229957143646
U001,28.61342741408462,77.21000356595697,2025-02-23 20:11:10,20,23,6,2,1,0.13059179198600843,0.16305555555555556,0.8009036646501368
U001,28.613748586617326,77.21118825336416,2025-02-23 20:33:33,20,23,6,2,1,0.1210316590084481,0.37305555555555553,0.32443333762502846
U001,28.613466220188982,77.20519223543272,2025-02-23 21:06:58,21,23,6,2,1,0.586140485348741,0.5569444444444445,1.0524218190800336
U001,28.61395396585658,77.20666032914205,2025-02-23 21:13:44,21,23,6,2,1,0.15322658674379455,0.11277777777777778,1.358659389846454
U001,28.61560166529713,77.21139114530429,2025-02-23 21:17:15,21,23,6,2,1,0.49680935711539287,0.058611111111111114,8.476368178272105
U001,28.618336030654124,77.21270875616088,2025-02-23 21:32:50,21,23,6,2,1,0.33013098054107154,0.25972222222222224,1.271092545398778
U001,28.61536417576035,77.21288248347564,2025-02-23 22:14:03,22,23,6,2,1,0.33089000822633013,0.6869444444444445,0.4816837968519161
U001,28.61429039593894,77.21001698450054,2025-02-23 22:16:50,22,23,6,2,1,0.30412909692356155,0.04638888888888889,6.556076340867195
U001,28.614648431197907,77.20863879991829,2025-02-23 22:24:38,22,23,6,2,1,0.1402970091673764,0.13,1.0792077628259722
U001,28.612944938142327,77.20946449857165,2025-02-23 22:54:16,22,23,6,2,1,0.20585488113252975,0.4938888888888889,0.4168040337891491
U001,28.608366363597742,77.2105922205245,2025-02-23 23:01:47,23,23,6,2,1,0.5208801093615653,0.12527777777777777,4.157801316411608
U001,28.61218915481936,77.21304007943745,2025-02-23 23:17:49,23,23,6,2,1,0.48763504255637713,0.26722222222222225,1.8248296810841553
U001,28.61549712262526,77.20807859312303,2025-02-23 23:26:11,23,23,6,2,1,0.6081586171774298,0.13944444444444445,4.361296856252484
U001,28.61003460717384,77.20570945081528,2025-02-23 23:56:43,23,23,6,2,1,0.6499407745900002,0.5088888888888888,1.2771761946091709
U001,28.614971730110963,77.21349665334651,2025-02-24 00:30:02,0,24,0,2,0,0.9376643923516119,0.5552777777777778,1.6886402263460745
U001,28.611642619595408,77.20905735936921,2025-02-24 00:33:54,0,24,0,2,0,0.5699280306293846,0.06444444444444444,8.84371082011114
U001,28.613619756602525,77.2104634189901,2025-02-24 00:49:10,0,24,0,2,0,0.259174496657445,0.2544444444444444,1.0185897248545874
U001,28.615496990840587,77.21160096701193,2025-02-24 00:52:51,0,24,0,2,0,0.23643579722189578,0.06138888888888889,3.8514428506734153
U001,28.61090643928902,77.20817003412533,2025-02-24 00:55:12,0,24,0,2,0,0.6105081339194091,0.03916666666666667,15.587441717091295
U001,28.61377848166397,77.20860604784117,2025-02-24 01:08:06,1,24,0,2,0,0.3221802430201353,0.215,1.4985127582331876
U001,28.617208082770222,77.20930288663509,2025-02-24 01:09:02,1,24,0,2,0,0.3873729948518478,0.015555555555555555,24.902549669047357
U001,28.61350290374244,77.20958810302263,2025-02-24 01:27:26,1,24,0,2,0,0.4129367145388989,0.30666666666666664,1.3465327648007575
U001,28.611660544098967,77.20942210791286,2025-02-24 01:38:07,1,24,0,2,0,0.2055008710691084,0.17805555555555555,1.154139057486412
U001,28.61369744378773,77.2104406261898,2025-02-24 02:26:20,2,24,0,2,0,0.2473539974160531,0.8036111111111112,0.307803107742064
U001,28.614535421163243,77.2118103274659,2025-02-24 02:35:23,2,24,0,2,0,0.16296801741677208,0.15083333333333335,1.0804509441995938
U001,28.61498420833611,77.20839561094299,2025-02-24 02:57:47,2,24,0,2,0,0.3370374213016228,0.37333333333333335,0.9027788070579181
U001,28.613701023130343,77.20923178515734,2025-02-24 03:11:08,3,24,0,2,0,0.1643801239329739,0.2225,0.7387870738560625
U001,28.612810162156386,77.2063246772682,2025-02-24 03:33:42,3,24,0,2,0,0.3005697912176662,0.3761111111111111,0.7991515866939426
U001,28.614640572468257,77.2097488765368,2025-02-24 03:48:34,3,24,0,2,0,0.3913431687476378,0.2477777777777778,1.5794118918066098
U001,28.615636344017457,77.21377846096449,2025-02-24 04:23:42,4,24,0,2,0,0.40862791696145295,0.5855555555555556,0.6978465375053275
U001,28.61450811687752,77.20764703533112,2025-02-24 04:26:31,4,24,0,2,0,0.6115151276664291,0.04694444444444444,13.026357749107367
U001,28.611398898787595,77.20681490414681,2025-02-24 04:48:18,4,24,0,2,0,0.3551433926722696,0.3630555555555556,0.9782067433972229
U001,28.60959325808296,77.20960273840771,2025-02-24 04:50:32,4,24,0,2,0,0.33819045999576786,0.03722222222222222,9.08571385063257
U001,28.61400072697876,77.2079781792967,2025-02-24 05:01:28,5,24,0,2,0,0.5151069117506955,0.18222222222222223,2.826806223022109
U001,28.613593063396564,77.20666322036637,2025-02-24 05:20:26,5,24,0,2,0,0.13612804643285342,0.3161111111111111,0.4306335388034027
U001,28.61327164245973,77.20748258030824,2025-02-24 05:25:50,5,24,0,2,0,0.0876038596920207,0.09,0.97337621880023
U001,28.61448831162493,77.20874805112244,2025-02-24 05:34:07,5,24,0,2,0,0.18319903610990826,0.13805555555555554,1.3269950301723739
U001,28.6157590311468,77.20987611752034,2025-02-24 06:09:31,6,24,0,2,0,0.17913718772552276,0.59,0.3036223520771572
U001,28.611355293833533,77.20832777091262,2025-02-24 06:14:28,6,24,0,2,0,0.5124681336042016,0.0825,6.211734952778201
U001,28.613359509210728,77.20889416633639,2025-02-24 06:23:04,6,24,0,2,0,0.22961453547798985,0.14333333333333334,1.6019618754278362
U001,28.61271829247132,77.2069929052962,2025-02-24 07:01:36,7,24,0,2,0,0.19881658407003888,0.6422222222222222,0.30957599595680796
U001,28.613293683219894,77.2105014205713,2025-02-24 07:28:03,7,24,0,2,0,0.34840925397435657,0.44083333333333335,0.7903423530609223
U001,28.614053365920626,77.21328325620958,2025-02-24 07:40:23,7,24,0,2,0,0.2843831524880473,0.20555555555555555,1.3834856066986085
U001,28.630681326269688,77.22015866473694,2025-02-24 08:31:12,8,24,0,2,0,1.966964960671509,0.8469444444444445,2.3224250109601283
U001,28.63725551491078,77.21708899855132,2025-02-24 08:36:13,8,24,0,2,0,0.7900233384816976,0.08361111111111111,9.448784114731268
U001,28.628403395844405,77.21742977572201,2025-02-24 08:54:52,8,24,0,2,0,0.9848724574523224,0.31083333333333335,3.168490479739375
U001,28.62828694696472,77.22166063569742,2025-02-24 08:58:36,8,24,0,2,0,0.41313873934437734,0.06222222222222222,6.639729739463207
U001,28.629721716818366,77.218959881306,2025-02-24 09:03:08,9,24,0,2,0,0.30811483963384867,0.07555555555555556,4.077990524565644
U001,28.63197599463317,77.21923139882172,2025-02-24 09:22:24,9,24,0,2,0,0.2520611130828239,0.3211111111111111,0.7849654040641575
U001,28.633419229025325,77.21799668298621,2025-02-24 09:46:52,9,24,0,2,0,0.2006869404212705,0.4077777777777778,0.4921478102973936
U001,28.631205264137023,77.21639172275881,2025-02-24 09:55:06,9,24,0,2,0,0.29178998046484883,0.13722222222222222,2.1264047159381696
U001,28.628351367150728,77.21841169800504,2025-02-24 10:15:17,10,24,0,2,0,0.37359279433405174,0.3363888888888889,1.1105979022316979
U001,28.63288571106654,77.21353218858798,2025-02-24 10:17:48,10,24,0,2,0,0.6935507845458375,0.041944444444444444,16.534985591821293
U001,28.62608244140497,77.21729502667509,2025-02-24 10:23:19,10,24,0,2,0,0.840922148694905,0.09194444444444444,9.145981073418907
U001,28.62966831941284,77.21480208028123,2025-02-24 10:28:27,10,24,0,2,0,0.4671069611605632,0.08555555555555555,5.459691753824766
U001,28.63126218700422,77.21798183125955,2025-02-24 11:07:36,11,24,0,2,0,0.3573815599580591,0.6525,0.5477112030008568
U001,28.63182191612213,77.2180723243257,2025-02-24 11:10:44,11,24,0,2,0,0.06286255624230229,0.052222222222222225,1.2037510769802566
U001,28.62636936395402,77.21761544402861,2025-02-24 11:46:28,11,24,0,2,0,0.6079337293886194,0.5955555555555555,1.0207842471077566
U001,28.63354303829051,77.21493821182136,2025-02-24 11:52:20,11,24,0,2,0,0.8393825433468752,0.09777777777777778,8.584594193320314
U001,28.628280235666487,77.22323450037494,2025-02-24 11:55:26,11,24,0,2,0,0.999038767695335,0.051666666666666666,19.336234213458095
U001,28.63226136078418,77.21425834809399,2025-02-24 12:11:24,12,24,0,2,0,0.9815576738977497,0.26611111111111113,3.6885257056700405
U001,28.63688506974894,77.21736495650737,2025-02-24 12:41:48,12,24,0,2,0,0.5968724991478805,0.5066666666666667,1.1780378272655536
U001,28.633772822942728,77.21523452648245,2025-02-24 12:56:27,12,24,0,2,0,0.40372222837114136,0.24416666666666667,1.653469877287951
U001,28.6311756529361,77.21719258905551,2025-02-24 13:04:02,13,24,0,2,0,0.34629546512283427,0.12638888888888888,2.7399201636092383
U001,28.628620614973688,77.22111929122998,2025-02-24 13:11:12,13,24,0,2,0,0.4770669955373774,0.11944444444444445,3.9940492649640897
U001,28.62381272966575,77.21967341412523,2025-02-24 13:24:26,13,24,0,2,0,0.552924798451919,0.22055555555555556,2.5069638216963583
U001,28.6328520727833,77.21673333411638,2025-02-24 13:48:39,13,24,0,2,0,1.0452881848527131,0.4036111111111111,2.5898399624705903
U001,28.63565977259261,77.21627310368443,2025-02-24 13:58:41,13,24,0,2,0,0.31541647676087164,0.16722222222222222,1.886211488935445
U001,28.63121703643736,77.22010148040971,2025-02-24 14:24:11,14,24,0,2,0,0.619393777098266,0.425,1.4573971225841553
U001,28.6323016360094,77.22098867080166,2025-02-24 14:36:54,14,24,0,2,0,0.14846641778213956,0.21194444444444444,0.700496859784669
U001,28.626990714015804,77.21946741600647,2025-02-24 14:40:52,14,24,0,2,0,0.608926085178463,0.0661111111111111,9.210646666564987
U001,28.63223421213461,77.21671498096752,2025-02-24 14:53:46,14,24,0,2,0,0.6419607057167359,0.215,2.985863747519702
U001,28.632635017658743,77.22038406482535,2025-02-24 14:57:18,14,24,0,2,0,0.36085470652174706,0.058888888888888886,6.1277214315013655
U001,28.63114871630673,77.22019575097262,2025-02-24 15:11:01,15,24,0,2,0,0.16628795947070527,0.2286111111111111,0.72738354081961
U001,28.629261682166785,77.21775784176555,2025-02-24 15:45:39,15,24,0,2,0,0.3172420398930972,0.5772222222222222,0.5496012240688883
U001,28.62993048491259,77.21674150896425,2025-02-24 15:47:28,15,24,0,2,0,0.12397554282612701,0.03027777777777778,4.0946050841656625
U001,28.62835869423936,77.21775232292157,2025-02-24 15:54:55,15,24,0,2,0,0.20069698963283378,0.12416666666666666,1.6163515943583928
U001,28.630803379891763,77.21887522623257,2025-02-24 15:56:12,15,24,0,2,0,0.29309766976287127,0.021388888888888888,13.703267677225151
U001,28.63157056425342,77.21611785529689,2025-02-24 16:01:07,16,24,0,2,0,0.28231182117507475,0.08194444444444444,3.445161207560234
U001,28.63489708467733,77.22011822915444,2025-02-24 16:15:37,16,24,0,2,0,0.5378192280059066,0.24166666666666667,2.2254588745071997
U001,28.630360976896565,77.21529584008917,2025-02-24 16:38:19,16,24,0,2,0,0.6898718759994138,0.37833333333333335,1.8234498925094638
U001,28.63079018529671,77.21503714424983,2025-02-24 16:45:06,16,24,0,2,0,0.053992906735149004,0.11305555555555556,0.4775785362322762
U001,28.628210174214445,77.21425763029575,2025-02-24 16:45:49,16,24,0,2,0,0.29680084856414124,0.011944444444444445,24.848443135602523
U001,28.62725366852501,77.21350477480195,2025-02-24 17:04:06,17,24,0,2,0,0.12927269569251368,0.3047222222222222,0.4242312711878298
U001,28.630804565354826,77.21703626561329,2025-02-24 17:36:21,17,24,0,2,0,0.524118749278162,0.5375,0.9751046498198364
U001,28.629093861568315,77.21659134105026,2025-02-24 17:56:58,17,24,0,2,0,0.19511516304253096,0.3436111111111111,0.5678371761949164
U001,28.633945289701416,77.21845051277838,2025-02-24 18:01:11,18,24,0,2,0,0.5691532526920386,0.07027777777777777,8.098623358463792
U001,28.63093895581464,77.2159075403557,2025-02-24 18:03:53,18,24,0,2,0,0.41634821797862104,0.045,9.252182621747135
U001,28.629345293536524,77.21839040664096,2025-02-24 18:09:26,18,24,0,2,0,0.30020692429408025,0.0925,3.2454802626387056
U001,28.628778253459057,77.21770750752772,2025-02-24 18:20:12,18,24,0,2,0,0.09174924377627569,0.17944444444444443,0.5112960953476664
U001,28.6079830920422,77.22628909886126,2025-02-24 19:07:47,19,24,0,2,0,2.4593629006102664,0.7930555555555555,3.1011230970917545
U001,28.61198788561146,77.22877634986101,2025-02-24 19:48:46,19,24,0,2,0,0.5072035699970698,0.6830555555555555,0.7425509768155557
U001,28.608355105778983,77.23024363136787,2025-02-24 19:49:36,19,24,0,2,0,0.42858903334102516,0.013888888888888888,30.85841040055381
U001,28.609682470411528,77.23128399856975,2025-02-24 20:06:10,20,24,0,2,0,0.17916185070713597,0.2761111111111111,0.6488759180540137
U001,28.608783433866392,77.22826422596182,2025-02-24 20:36:17,20,24,0,2,0,0.31127570351589584,0.5019444444444444,0.6201397524389735
U001,28.60795901782524,77.22883906671352,2025-02-24 20:53:45,20,24,0,2,0,0.10748263524966202,0.2911111111111111,0.3692151592545642
U001,28.61454582722534,77.2037207833163,2025-02-24 21:16:21,21,24,0,2,0,2.55901891553532,0.37666666666666665,6.7938555279698765
U001,28.615204329675468,77.20853596092512,2025-02-24 21:17:19,21,24,0,2,0,0.47569520129093434,0.01611111111111111,29.5259090456442
U001,28.613226884184865,77.20924155132913,2025-02-24 21:55:06,21,24,0,2,0,0.2304167781080627,0.6297222222222222,0.36590225019365935
U001,28.612938473908805,77.20800708748415,2025-02-24 22:08:36,22,24,0,2,0,0.1246967338698769,0.225,0.5542077060883418
U001,28.617292877709588,77.20947992267197,2025-02-24 22:28:40,22,24,0,2,0,0.5050811105498492,0.33444444444444443,1.5102093006473896
U001,28.61250282339825,77.21041026904749,2025-02-24 22:31:08,22,24,0,2,0,0.5403162696443515,0.04111111111111111,13.142828180538281
U001,28.61155905652459,77.20702917540663,2025-02-24 22:56:15,22,24,0,2,0,0.3463311144162329,0.4186111111111111,0.8273337836087846
U001,28.61270104678281,77.20983899241295,2025-02-24 23:02:53,23,24,0,2,0,0.30225155712598994,0.11055555555555556,2.7339336825466427
U001,28.61378628541104,77.20714178623095,2025-02-24 23:39:48,23,24,0,2,0,0.28962451546280066,0.6152777777777778,0.47072156012012745
U001,28.61324399717513,77.20855031074565,2025-02-24 23:44:40,23,24,0,2,0,0.1501342520235082,0.0811111111111111,1.8509702304268134
U001,28.614951220091232,77.21129057859285,2025-02-24 23:45:57,23,24,0,2,0,0.32800529309475795,0.021388888888888888,15.335312404430242
U001,28.609948575826987,77.20965929572276,2025-02-24 23:48:44,23,24,0,2,0,0.5786119750255826,0.04638888888888889,12.47307251552154
U001,28.613207795841323,77.2083569233618,2025-02-25 00:03:12,0,25,1,2,0,0.38406105467487445,0.2411111111111111,1.5928799502644562
U001,28.61498118738443,77.20770581538699,2025-02-25 00:38:36,0,25,1,2,0,0.20718175230611546,0.59,0.35115551238324655
U001,28.615542646332912,77.20902036307501,2025-02-25 00:58:43,0,25,1,2,0,0.1426987731420421,0.3352777777777778,0.42561357358024154
U001,28.609311203642942,77.21177087885157,2025-02-25 01:40:21,1,25,1,2,0,0.7431055507273169,0.6938888888888889,1.0709287360361652
U001,28.612957998547973,77.2096835446162,2025-02-25 01:43:51,1,25,1,2,0,0.4538195180068399,0.058333333333333334,7.779763165831541
U001,28.613133138751536,77.2085946431388,2025-02-25 01:53:05,1,25,1,2,0,0.10806257969098414,0.15388888888888888,0.7022117091832905
U001,28.61364921217613,77.20625137588098,2025-02-25 02:04:13,2,25,1,2,0,0.23582597976511277,0.18555555555555556,1.270918453823961
U001,28.610616476921667,77.20898272780965,2025-02-25 02:17:18,2,25,1,2,0,0.42989381034486507,0.21805555555555556,1.9714875378872794
U001,28.617332828297545,77.20974503861869,2025-02-25 02:20:33,2,25,1,2,0,0.7505222118257616,0.05416666666666667,13.855794679860214
U001,28.611199379086088,77.21039859226323,2025-02-25 02:27:50,2,25,1,2,0,0.6849857174052346,0.1213888888888889,5.642902935146098
U001,28.61642375841599,77.21061885002175,2025-02-25 02:40:03,2,25,1,2,0,0.5813222097473524,0.2036111111111111,2.855061330273491
U001,28.61554741622285,77.2070056264204,2025-02-25 03:02:40,3,25,1,2,0,0.3659092097157527,0.37694444444444447,0.9707245062466541
U001,28.61601355397762,77.21169561013896,2025-02-25 03:08:14,3,25,1,2,0,0.4607263192418868,0.09277777777777778,4.965912422966444
U001,28.61138656714842,77.2063392406766,2025-02-25 03:22:20,3,25,1,2,0,0.7335459343853571,0.235,3.121472061214286
U001,28.615700108582708,77.208169021275,2025-02-25 03:28:32,3,25,1,2,0,0.5118213057242513,0.10333333333333333,4.95310941023469
U001,28.611316174448213,77.20527354176366,2025-02-25 03:36:06,3,25,1,2,0,0.5634841134275652,0.12611111111111112,4.4681559655049226
U001,28.612568469591903,77.20772050593405,2025-02-25 04:20:01,4,25,1,2,0,0.2764885031714999,0.7319444444444444,0.37774520357396574
U001,28.612271022578348,77.20996499833737,2025-02-25 04:42:39,4,25,1,2,0,0.2215801028916468,0.37722222222222224,0.5873993891089312
U001,28.615280852132617,77.21121714146871,2025-02-25 04:52:04,4,25,1,2,0,0.3562986366371234,0.15694444444444444,2.2702214015816713
U001,28.61461682972661,77.20831489253514,2025-02-25 04:52:21,4,25,1,2,0,0.2927621150068636,0.004722222222222222,61.996683177924055
U001,28.61541013087472,77.20918212294058,2025-02-25 04:53:55,4,25,1,2,0,0.12225939560355441,0.026111111111111113,4.682274725242509
U001,28.611358096659814,77.20957823169988,2025-02-25 05:04:49,5,25,1,2,0,0.4522217028614455,0.18166666666666667,2.489293777218966
U001,28.613830667700185,77.20799355683035,2025-02-25 05:22:52,5,25,1,2,0,0.3154666510791114,0.30083333333333334,1.0486426074651902
U001,28.61373810405372,77.210139681154,2025-02-25 05:34:16,5,25,1,2,0,0.2097454236611603,0.19,1.1039232824271594
U001,28.610298402588004,77.21076468094098,2025-02-25 06:15:46,6,25,1,2,0,0.38731272763262053,0.6916666666666667,0.5599702086254755
U001,28.612459737855097,77.20804406707649,2025-02-25 06:16:00,6,25,1,2,0,0.35817533998209683,0.0038888888888888888,92.10223028111062
U001,28.612436976141428,77.21102419865484,2025-02-25 06:28:24,6,25,1,2,0,0.2909185973196507,0.20666666666666667,1.4076706321918582
U001,28.6123669704312,77.20962569272264,2025-02-25 06:31:29,6,25,1,2,0,0.13673792908853014,0.05138888888888889,2.6608461876686946
U001,28.615639080967707,77.20937036246556,2025-02-25 07:13:33,7,25,1,2,0,0.36469475797718764,0.7011111111111111,0.5201668497297447
U001,28.616852081819776,77.20287011649127,2025-02-25 07:19:25,7,25,1,2,0,0.6486806464981174,0.09777777777777778,6.634233884639837
U001,28.61412943043545,77.20914629462234,2025-02-25 07:36:39,7,25,1,2,0,0.6833571756345003,0.2872222222222222,2.3791932613967126
U001,28.61102312395981,77.20971699741487,2025-02-25 07:37:13,7,25,1,2,0,0.349869289166612,0.009444444444444445,37.04498355881774
U001,28.614146543606417,77.20493812723414,2025-02-25 07:59:45,7,25,1,2,0,0.5815823252854138,0.37555555555555553,1.5485919904049479
U001,28.628671537966785,77.21683269893092,2025-02-25 08:02:03,8,25,1,2,0,1.9890907503515105,0.03833333333333333,51.88932392221332
U001,28.62564804040383,77.21763939706241,2025-02-25 08:06:03,8,25,1,2,0,0.345294187762048,0.06666666666666667,5.1794128164307205
U001,28.627613748557906,77.21631459830066,2025-02-25 08:31:53,8,25,1,2,0,0.25395914257773033,0.4305555555555556,0.589840589212793
U001,28.63130937833805,77.21665150288888,2025-02-25 09:15:49,9,25,1,2,0,0.4122487379045074,0.7322222222222222,0.5630104159545625
U001,28.630557476218243,77.2159601991498,2025-02-25 09:18:16,9,25,1,2,0,0.1074359191924458,0.04083333333333333,2.6310837353252032
U001,28.63184668213304,77.21889402726006,2025-02-25 09:22:50,9,25,1,2,0,0.3202166684319092,0.07611111111111112,4.20722630056523
U001,28.630260570242253,77.21816948942092,2025-02-25 09:51:24,9,25,1,2,0,0.1900156828681208,0.4761111111111111,0.3990994505981534
U001,28.629019584631685,77.22035900353006,2025-02-25 09:53:50,9,25,1,2,0,0.25437678690083443,0.04055555555555555,6.272304334541123
U001,28.630190890545407,77.21430784246115,2025-02-25 10:00:02,10,25,1,2,0,0.6047825181606056,0.10333333333333333,5.852734046715538
U001,28.63091654409797,77.22319818177253,2025-02-25 10:05:58,10,25,1,2,0,0.8714306171651371,0.09888888888888889,8.812219724141837
U001,28.630343773715985,77.22034848112673,2025-02-25 10:21:21,10,25,1,2,0,0.2853263263389203,0.2563888888888889,1.1128654115060814
U001,28.63130712522657,77.21623526123797,2025-02-25 11:40:23,11,25,1,2,0,0.41549048722369125,1.3172222222222223,0.3154293028269271
U001,28.632407872389987,77.21697223827805,2025-02-25 11:47:07,11,25,1,2,0,0.14196715521177267,0.11222222222222222,1.2650538583227267
U001,28.629959989692804,77.22131021763812,2025-02-25 11:49:37,11,25,1,2,0,0.503327495363097,0.041666666666666664,12.079859888714328
U001,28.633275784936885,77.21903426152305,2025-02-25 11:52:08,11,25,1,2,0,0.43044215962940885,0.041944444444444444,10.262197183217694
U001,28.63030927928155,77.21831730074398,2025-02-25 12:13:18,12,25,1,2,0,0.3372005213219806,0.3527777777777778,0.9558439974481339
U001,28.631070263926027,77.21845521608576,2025-02-25 12:23:46,12,25,1,2,0,0.08568153208008977,0.17444444444444446,0.4911680182935082
U001,28.627170316474643,77.21897662998467,2025-02-25 12:36:48,12,25,1,2,0,0.4366301810026516,0.21722222222222223,2.0100622143344573
U001,28.63142164224472,77.22022303767515,2025-02-25 12:46:30,12,25,1,2,0,0.4881273577726342,0.16166666666666665,3.019344481067841
U001,28.6297062673046,77.21328807337808,2025-02-25 12:53:27,12,25,1,2,0,0.7032073704976756,0.11583333333333333,6.070854997102235
U001,28.630543512381305,77.21854077626246,2025-02-25 13:19:27,13,25,1,2,0,0.5210444090902608,0.43333333333333335,1.2024101748236788
U001,28.628356922249782,77.21380317321402,2025-02-25 13:34:44,13,25,1,2,0,0.5224174536627157,0.25472222222222224,2.05093002528438
U001,28.633022781648865,77.2175901468149,2025-02-25 13:43:46,13,25,1,2,0,0.637009461597093,0.15055555555555555,4.231059154519437
U001,28.62821471342244,77.21756807868786,2025-02-25 13:48:12,13,25,1,2,0,0.5346371321684844,0.07388888888888889,7.235690510550916
U001,28.63230099737618,77.21702343799217,2025-02-25 13:48:45,13,25,1,2,0,0.45747282027213654,0.009166666666666667,49.90612584786944
U001,28.63303300505085,77.21988055017019,2025-02-25 14:38:41,14,25,1,2,0,0.29048220723184853,0.8322222222222222,0.34904404073252826
U001,28.63031224526876,77.21813794106828,2025-02-25 14:43:24,14,25,1,2,0,0.34706294221854744,0.07861111111111112,4.414934954016857
U001,28.62972414799173,77.21708489214225,2025-02-25 14:46:13,14,25,1,2,0,0.12181703848628835,0.04694444444444444,2.594919163021527
U001,28.63067064917562,77.21623804348928,2025-02-25 14:48:28,14,25,1,2,0,0.13382099137237827,0.0375,3.5685597699300873
U001,28.630246195866377,77.21724822493888,2025-02-25 14:59:04,14,25,1,2,0,0.10930723171088413,0.17666666666666667,0.6187201794955706
U001,28.63033264647072,77.21458722343449,2025-02-25 15:08:01,15,25,1,2,0,0.2598891944078907,0.14916666666666667,1.7422739289914462
U001,28.63089576954996,77.21850922745374,2025-02-25 15:12:44,15,25,1,2,0,0.3878705305341745,0.07861111111111112,4.934042084533668
U001,28.62977639039652,77.21978751574594,2025-02-25 15:27:35,15,25,1,2,0,0.1762316455895947,0.2475,0.7120470528872513
U001,28.63216511763349,77.21689828931869,2025-02-25 15:49:16,15,25,1,2,0,0.3873835276132716,0.36138888888888887,1.0719298227577079
U001,28.630709837303773,77.2151690973508,2025-02-25 15:50:23,15,25,1,2,0,0.23381085745695163,0.01861111111111111,12.562971445448149
U001,28.627403924066435,77.22302630156562,2025-02-25 16:07:51,16,25,1,2,0,0.8504189317437112,0.2911111111111111,2.9212864067532065
U001,28.62935040801334,77.21800551279418,2025-02-25 16:14:54,16,25,1,2,0,0.5357038611515209,0.1175,4.5591817970342206
U001,28.62932414376085,77.21905550170264,2025-02-25 16:25:32,16,25,1,2,0,0.10252050716442597,0.17722222222222223,0.5784856203635321
U001,28.62895215898362,77.21798208958212,2025-02-25 17:11:48,17,25,1,2,0,0.11263494681726986,0.7711111111111111,0.1460683748350762
U001,28.63242328534335,77.21775506538575,2025-02-25 17:12:36,17,25,1,2,0,0.38660710335581655,0.013333333333333334,28.99553275168624
U001,28.630021012847504,77.21672767706504,2025-02-25 17:41:48,17,25,1,2,0,0.2853203452380937,0.4866666666666667,0.5862746819960829
U001,28.6283859513358,77.21929859880349,2025-02-25 17:58:32,17,25,1,2,0,0.30986617522897214,0.2788888888888889,1.1110739350839638
U001,28.628508252254765,77.21717800240528,2025-02-25 18:01:42,18,25,1,2,0,0.2074182253749255,0.05277777777777778,3.9300295334196407
U001,28.630125804803296,77.21780194160657,2025-02-25 18:01:44,18,25,1,2,0,0.1898928850523681,0.0005555555555555556,341.8071930942626
U001,28.63002288392793,77.21931911690764,2025-02-25 18:29:08,18,25,1,2,0,0.1485168352257133,0.45666666666666667,0.32521934720959117
U001,28.61351877645644,77.21207627043681,2025-02-25 19:02:27,19,25,1,2,0,1.966632164905806,0.5552777777777778,3.541708751206054
U001,28.61421817140766,77.20883476619898,2025-02-25 19:24:34,19,25,1,2,0,0.325834317500668,0.3686111111111111,0.8839514265278107
U001,28.61622277283625,77.20798803213634,2025-02-25 19:34:14,19,25,1,2,0,0.23773197656163203,0.16111111111111112,1.4755777855549572
U001,28.61356128458881,77.20726908782189,2025-02-25 19:43:30,19,25,1,2,0,0.3041510852942186,0.15444444444444444,1.9693235738474586
U001,28.61454516004309,77.21216993353883,2025-02-25 19:46:25,19,25,1,2,0,0.49074208574016676,0.04861111111111111,10.095265763797716
U001,28.616487185954067,77.20832054012845,2025-02-25 20:00:22,20,25,1,2,0,0.4333817926143666,0.2325,1.8640077101693187
U001,28.610320233248025,77.21259711079239,2025-02-25 20:11:56,20,25,1,2,0,0.8028081429709574,0.19277777777777777,4.164422643653381
U001,28.617149907081423,77.20674891214445,2025-02-25 20:15:52,20,25,1,2,0,0.9500619899435101,0.06555555555555556,14.492471033036594
U001,28.61198660895386,77.20656921889851,2025-02-25 20:18:22,20,25,1,2,0,0.5744004374187673,0.041666666666666664,13.785610498050417
U001,28.61166001454112,77.20893209486505,2025-02-25 20:27:00,20,25,1,2,0,0.23349649870094946,0.1438888888888889,1.622755589427448
U001,28.616237467555845,77.2072571561905,2025-02-25 21:27:19,21,25,1,2,0,0.5346044746923058,1.0052777777777777,0.5317977642697709
U001,28.61359180741629,77.20299621579778,2025-02-25 21:30:58,21,25,1,2,0,0.5094484260071316,0.060833333333333336,8.374494674089833
U001,28.613869028996987,77.21108029395565,2025-02-25 21:40:31,21,25,1,2,0,0.7897250431315741,0.15916666666666668,4.961623307632926
U001,28.611251948186407,77.21027427717772,2025-02-25 21:58:09,21,25,1,2,0,0.301454914865189,0.29388888888888887,1.0257445118286206
U001,28.615704874543127,77.20799996756652,2025-02-25 22:19:49,22,25,1,2,0,0.5426353534023097,0.3611111111111111,1.5026825171140885
U001,28.613301832344924,77.21001179354784,2025-02-25 22:31:23,22,25,1,2,0,0.33160965434863793,0.19277777777777777,1.7201653539698798
U001,28.61474694272822,77.20444129237606,2025-02-25 22:32:25,22,25,1,2,0,0.5670061880729232,0.017222222222222222,32.92293995262135
U001,28.614463129851263,77.20769747826017,2025-02-25 22:48:40,22,25,1,2,0,0.3194111428958865,0.2708333333333333,1.1793642199232734
U001,28.61630737803144,77.20858606525125,2025-02-25 23:16:33,23,25,1,2,0,0.22266015282659896,0.4647222222222222,0.47912525413972284
U001,28.612354040367983,77.21148370545971,2025-02-25 23:27:27,23,25,1,2,0,0.5227279289559642,0.18166666666666667,2.8774014437942985
U001,28.614243388046567,77.2089685733307,2025-02-25 23:30:28,23,25,1,2,0,0.32313058697735486,0.050277777777777775,6.4269067023120305
U001,28.61405655702205,77.21011000478916,2025-02-26 00:07:57,0,26,2,2,0,0.1133400215500985,0.6247222222222222,0.18142466766578685
U001,28.612538731303065,77.20951812417977,2025-02-26 00:08:37,0,26,2,2,0,0.1783898727526354,0.011111111111111112,16.055088547737185
U001,28.61339238754428,77.21107201100949,2025-02-26 00:24:53,0,26,2,2,0,0.17893562831263288,0.27111111111111114,0.6600084650875803
U001,28.613621945629266,77.21091638677282,2025-02-26 00:26:01,0,26,2,2,0,0.029704108149462612,0.01888888888888889,1.5725704314421383
U001,28.61413605034891,77.21179531590377,2025-02-26 00:52:16,0,26,2,2,0,0.1030965752913411,0.4375,0.2356493149516368
U001,28.61714283369892,77.20702307167102,2025-02-26 01:22:54,1,26,2,2,0,0.5733949877767336,0.5105555555555555,1.1230804983657459
U001,28.614399058450203,77.20605260211892,2025-02-26 01:34:45,1,26,2,2,0,0.31946214688176505,0.1975,1.61752985762919
U001,28.615178470438305,77.20611887958196,2025-02-26 01:39:18,1,26,2,2,0,0.08690779692535637,0.07583333333333334,1.1460368825321718
U001,28.60919543707333,77.20525093985715,2025-02-26 01:57:36,1,26,2,2,0,0.6706561664863355,0.305,2.198872677004379
U001,28.6137282390615,77.20854048739062,2025-02-26 02:04:15,2,26,2,2,0,0.5976246934804287,0.11083333333333334,5.392102497567778
U001,28.61661348287408,77.20680660838669,2025-02-26 02:15:10,2,26,2,2,0,0.36273089575256723,0.18194444444444444,1.993635457571362
U001,28.61282209710594,77.20934506976562,2025-02-26 02:43:31,2,26,2,2,0,0.48901037651509605,0.4725,1.0349425957991452
U001,28.613011128876323,77.21001342180404,2025-02-26 03:12:52,3,26,2,2,0,0.06854376732128027,0.4891666666666667,0.14012354477944858
U001,28.612885323454464,77.21084666376889,2025-02-26 03:26:41,3,26,2,2,0,0.08253128875498324,0.23027777777777778,0.3583988413967909
U001,28.61293664109714,77.20744608902967,2025-02-26 03:30:53,3,26,2,2,0,0.3319970150080798,0.07,4.742814500115426
U001,28.614460522057648,77.21035850842341,2025-02-26 03:52:05,3,26,2,2,0,0.3309620698084497,0.35333333333333333,0.9366851032314615
U001,28.61159995256434,77.20553123066372,2025-02-26 03:55:37,3,26,2,2,0,0.5685238558690577,0.058888888888888886,9.654178684568905
U001,28.61225680128796,77.21029557723813,2025-02-26 04:13:57,4,26,2,2,0,0.4707774877612526,0.3055555555555556,1.5407263235822812
U001,28.61399240106322,77.20593834195392,2025-02-26 04:38:39,4,26,2,2,0,0.4670676751485095,0.4116666666666667,1.1345773485388895
U001,28.61353651902456,77.20883040833489,2025-02-26 04:52:05,4,26,2,2,0,0.2868225636502662,0.2238888888888889,1.281093336403174
U001,28.618800017073777,77.20963815635683,2025-02-26 04:58:22,4,26,2,2,0,0.5905613323064114,0.10472222222222222,5.6393124570373505
U001,28.618210871373904,77.20912169359018,2025-02-26 05:01:52,5,26,2,2,0,0.08266152336458482,0.058333333333333334,1.4170546862500255
U001,28.61619915957068,77.20832941243391,2025-02-26 05:06:32,5,26,2,2,0,0.2366832610423759,0.07777777777777778,3.0430704991162614
U001,28.614467445703024,77.2092011891683,2025-02-26 05:20:10,5,26,2,2,0,0.21052306569577012,0.22722222222222221,0.9265073795901864
U001,28.61571523946453,77.208576236963,2025-02-26 05:43:57,5,26,2,2,0,0.15156694970746493,0.3963888888888889,0.38236931951427733
U001,28.6171084365577,77.20806653624905,2025-02-26 06:01:13,6,26,2,2,0,0.16270973479647058,0.2877777777777778,0.5654006228448785
U001,28.614163734092767,77.207957138661,2025-02-26 06:09:17,6,26,2,2,0,0.3276100576449509,0.13444444444444445,2.43676902380542
U001,28.61539407486378,77.2123410573273,2025-02-26 06:11:10,6,26,2,2,0,0.4492662773715937,0.03138888888888889,14.312907951661392
U001,28.61179397673755,77.20874180297177,2025-02-26 06:22:12,6,26,2,2,0,0.5326254829078986,0.18388888888888888,2.896452777142651
U001,28.612393440207324,77.20876072827835,2025-02-26 06:43:37,6,26,2,2,0,0.06668289224273552,0.35694444444444445,0.18681588488237189
U001,28.613349010576943,77.21102986938592,2025-02-26 07:18:11,7,26,2,2,0,0.2456696115243578,0.5761111111111111,0.4264274838417011
U001,28.615432918598746,77.20662313945046,2025-02-26 07:39:17,7,26,2,2,0,0.4886001124961849,0.3516666666666667,1.3893842061502888
U001,28.61031691650724,77.20921429064236,2025-02-26 07:43:48,7,26,2,2,0,0.6225701884123719,0.07527777777777778,8.270305085920807
U001,28.627990437605163,77.217636994693,2025-02-26 08:03:00,8,26,2,2,0,2.1302443497285886,0.32,6.657013592901839
U001,28.631970781305096,77.21926425941872,2025-02-26 08:13:39,8,26,2,2,0,0.4702268352889182,0.1775,2.649165269233342
U001,28.63150878295837,77.21836041230691,2025-02-26 08:29:56,8,26,2,2,0,0.10208173795651579,0.2713888888888889,0.3761456055716037
U001,28.629069898568247,77.2210538135658,2025-02-26 09:20:17,9,26,2,2,0,0.3776868615611014,0.8391666666666666,0.450073717848383
U001,28.63237663620197,77.2138731148294,2025-02-26 09:23:37,9,26,2,2,0,0.7914265540982576,0.05555555555555555,14.245677973768638
U001,28.63162027347202,77.21778330506426,2025-02-26 09:28:16,9,26,2,2,0,0.39078247793454324,0.0775,5.042354553994106
U001,28.62774312854653,77.215652962254,2025-02-26 09:40:36,9,26,2,2,0,0.478638167101013,0.20555555555555555,2.328510002113036
U001,28.629503673534813,77.21363858635749,2025-02-26 09:44:58,9,26,2,2,0,0.27744675691929677,0.07277777777777777,3.812245514921635
U001,28.63005893651292,77.21548121578685,2025-02-26 10:17:48,10,26,2,2,0,0.19014335851518116,0.5472222222222223,0.3474700967790112
U001,28.63059414802146,77.2196979937513,2025-02-26 10:30:37,10,26,2,2,0,0.4158342575351966,0.2136111111111111,1.9466883317642494
U001,28.63213785996319,77.21368692435333,2025-02-26 10:48:32,10,26,2,2,0,0.6112652295471488,0.2986111111111111,2.0470277454602193
U001,28.63326172521113,77.21688034262358,2025-02-26 11:04:42,11,26,2,2,0,0.33578820182173036,0.26944444444444443,1.2462242541837416
U001,28.633533495632825,77.21375636192458,2025-02-26 11:25:02,11,26,2,2,0,0.3063826390321709,0.3388888888888889,0.9040799184555862
U001,28.631856523524583,77.21607203688353,2025-02-26 11:27:12,11,26,2,2,0,0.29299920823040493,0.03611111111111111,8.113824227918906
U001,28.63284446510695,77.21559414959223,2025-02-26 11:48:22,11,26,2,2,0,0.11934510205590669,0.3527777777777778,0.3383010766939087
U001,28.633201913476054,77.21868442316251,2025-02-26 12:06:26,12,26,2,2,0,0.30420778689033895,0.3011111111111111,1.0102841631044468
U001,28.631485991273028,77.21835609385687,2025-02-26 12:09:08,12,26,2,2,0,0.19347393243197272,0.045,4.299420720710505
U001,28.63200288167995,77.2153414390483,2025-02-26 12:16:18,12,26,2,2,0,0.2997847916803468,0.11944444444444445,2.5098261629052288
U001,28.62988952711348,77.21908912403372,2025-02-26 12:37:17,12,26,2,2,0,0.43475146988248986,0.3497222222222222,1.2431336708315834
U001,28.632662527382628,77.21874367640154,2025-02-26 13:08:17,13,26,2,2,0,0.31018132965311024,0.5166666666666667,0.600350960618923
U001,28.631122200485137,77.21723623407263,2025-02-26 13:10:14,13,26,2,2,0,0.22578919501865852,0.0325,6.947359846727954
U001,28.63073069954332,77.2180572658339,2025-02-26 13:54:13,13,26,2,2,0,0.09119302713522753,0.7330555555555556,0.12440124959712737
U001,28.6314060881682,77.2175868995977,2025-02-26 14:14:21,14,26,2,2,0,0.08801948142041822,0.33555555555555555,0.262309712842306
U001,28.632908765003435,77.21911817381181,2025-02-26 14:32:31,14,26,2,2,0,0.22417377956316376,0.30277777777777776,0.740390464612284
U001,28.63000030130333,77.21847204703772,2025-02-26 14:50:31,14,26,2,2,0,0.3294971250314383,0.3,1.0983237501047944
U001,28.63036319687,77.21715404586088,2025-02-26 15:04:53,15,26,2,2,0,0.1348164688425537,0.23944444444444443,0.5630386169758623
U001,28.628817973093163,77.21470886399058,2025-02-26 15:12:19,15,26,2,2,0,0.2940678198154715,0.1238888888888889,2.3736415949230882
U001,28.634155860589853,77.2179561798258,2025-02-26 15:24:46,15,26,2,2,0,0.6728613759547861,0.2075,3.242705426288126
U001,28.63200215385723,77.21895568597259,2025-02-26 15:41:40,15,26,2,2,0,0.25858644044805584,0.2816666666666667,0.9180583684546361
U001,28.6268830041132,77.21852406652096,2025-02-26 16:07:32,16,26,2,2,0,0.5707801426067394,0.4311111111111111,1.3239745575929522
U001,28.63094206567584,77.2177054601212,2025-02-26 16:17:01,16,26,2,2,0,0.45836402571626567,0.15805555555555556,2.9000184403841063
U001,28.63206973581584,77.21677641845457,2025-02-26 16:22:23,16,26,2,2,0,0.15474000556075826,0.08944444444444444,1.7300124845302167
U001,28.63072348946516,77.21615528919827,2025-02-26 16:33:29,16,26,2,2,0,0.16150458042791277,0.185,0.8729977320427718
U001,28.62958909314564,77.21643541503263,2025-02-26 16:38:21,16,26,2,2,0,0.1290680268901735,0.0811111111111111,1.59124964659118
U001,28.630594090619866,77.21586464622932,2025-02-26 17:01:54,17,26,2,2,0,0.12486564536980474,0.3925,0.31812903278931143
U001,28.63094512161053,77.2182864472233,2025-02-26 17:37:56,17,26,2,2,0,0.23956575052926446,0.6005555555555555,0.39890689264817397
U001,28.63069613611264,77.21628005450846,2025-02-26 17:55:07,17,26,2,2,0,0.1977686174951811,0.2863888888888889,0.6905596731160543
U001,28.627603392423964,77.21734235181832,2025-02-26 18:02:11,18,26,2,2,0,0.3591866500762153,0.11777777777777777,3.0496979723452244
U001,28.627048572485208,77.22289698118023,2025-02-26 18:38:00,18,26,2,2,0,0.5456410336424048,0.5969444444444445,0.9140566408155687
U001,28.630107393294875,77.21752301317224,2025-02-26 18:43:15,18,26,2,2,0,0.625130903527182,0.0875,7.144353183167795
U001,28.630560421780608,77.21553401234837,2025-02-26 18:56:51,18,26,2,2,0,0.20055410862214143,0.22666666666666666,0.8847975380388593
U001,28.60655454788825,77.22787014569889,2025-02-26 19:05:02,19,26,2,2,0,2.9283543552348923,0.1363888888888889,21.47062256384035
U001,28.610881168014625,77.22947866580981,2025-02-26 19:43:39,19,26,2,2,0,0.5060746091016535,0.6436111111111111,0.7863049601924698
U001,28.61208721839099,77.22949709870782,2025-02-26 19:55:28,19,26,2,2,0,0.13411875388545494,0.19694444444444445,0.6809979040728318
U001,28.610687679041995,77.22847154329209,2025-02-26 19:56:21,19,26,2,2,0,0.18504156139433706,0.014722222222222222,12.56886077395497
U001,28.61042953952171,77.22544609021425,2025-02-26 20:08:27,20,26,2,2,0,0.29672857306936956,0.20166666666666666,1.4713813540629896
U001,28.61221051946689,77.23004429760448,2025-02-26 20:21:16,20,26,2,2,0,0.49060708958506444,0.2136111111111111,2.2967301983175967
U001,28.60886000172916,77.23029136252815,2025-02-26 20:35:17,20,26,2,2,0,0.3733403970848934,0.2336111111111111,1.5981277401969278
U001,28.60841200722189,77.23260653464217,2025-02-26 20:54:09,20,26,2,2,0,0.231430137829037,0.31444444444444447,0.7359969047566548
U001,28.61657408769777,77.208082825937,2025-02-26 21:03:41,21,26,2,2,0,2.560166158762085,0.15888888888888889,16.1129338663348
U001,28.611917640804247,77.20391920120032,2025-02-26 21:14:17,21,26,2,2,0,0.6582347473945679,0.17666666666666667,3.7258570607239694
U001,28.616646442883383,77.2072737727463,2025-02-26 21:38:35,21,26,2,2,0,0.6194440517229914,0.405,1.5294914857357813
U001,28.612539331888485,77.2089618860795,2025-02-26 22:16:34,22,26,2,2,0,0.4855091133615037,0.6330555555555556,0.7669297095662191
U001,28.6165701928794,77.21106432554889,2025-02-26 22:39:49,22,26,2,2,0,0.49296193080557194,0.3875,1.272159821433734
U001,28.606737269543856,77.20973636206338,2025-02-26 22:57:58,22,26,2,2,0,1.101028957457253,0.3025,3.639765148619018
U001,28.614855934410016,77.21311049091338,2025-02-26 23:02:25,23,26,2,2,0,0.9609641158550213,0.07416666666666667,12.956819539618264
U001,28.61530059818938,77.21090614300523,2025-02-26 23:11:21,23,26,2,2,0,0.22078133660245017,0.14888888888888888,1.4828597234492924
U001,28.618905337025684,77.20579082518827,2025-02-26 23:21:14,23,26,2,2,0,0.6402946359137257,0.16472222222222221,3.8871175198809658
U001,28.610951045764025,77.20850367740937,2025-02-26 23:46:12,23,26,2,2,0,0.9232680884810993,0.4161111111111111,2.2188018147743374
U001,28.61124854858989,77.21027893651342,2025-02-26 23:50:49,23,26,2,2,0,0.17642454845803518,0.07694444444444444,2.292882218227172
U001,28.61451316370177,77.2077927257684,2025-02-27 00:24:53,0,27,3,2,0,0.4366632102274209,0.5677777777777778,0.7690741471715827
U001,28.61328857460307,77.209152385103,2025-02-27 00:43:34,0,27,3,2,0,0.19014979306837185,0.3113888888888889,0.6106505397378579
U001,28.612780220423875,77.20792115782135,2025-02-27 00:55:43,0,27,3,2,0,0.13281570395639936,0.2025,0.6558800195377745
U001,28.61171689300815,77.209081653178,2025-02-27 01:06:21,1,27,3,2,0,0.1637463948593981,0.17722222222222223,0.9239608487364156
U001,28.69908744805222,77.35286755070601,2025-02-27 01:07:00,1,27,3,2,0,17.065333521405538,0.010833333333333334,1575.2615558220496
U001,28.614288082346054,77.20875466657807,2025-02-27 01:20:45,1,27,3,2,0,16.930552594018696,0.22916666666666666,73.87877495571794
U001,28.61502791568926,77.20843676506904,2025-02-27 01:24:05,1,27,3,2,0,0.08792384798128068,0.05555555555555555,1.5826292636630523
U001,28.60745495251952,77.21001556643924,2025-02-27 01:28:55,1,27,3,2,0,0.8560623027669044,0.08055555555555556,10.626980310209847
U001,28.613730192428697,77.20887801302563,2025-02-27 01:56:21,1,27,3,2,0,0.7065555359160945,0.4572222222222222,1.5453219497557353
U001,28.69896058055573,77.35073065330249,2025-02-27 02:11:00,2,27,3,2,0,16.774898613025837,0.24416666666666667,68.7026564356007
U001,28.61380237182192,77.20511278939553,2025-02-27 02:14:49,2,27,3,2,0,17.074844037666157,0.0636111111111111,268.42549578863833
U001,28.61467632374264,77.2091377216009,2025-02-27 02:21:32,2,27,3,2,0,0.4047297497362314,0.11194444444444444,3.615451858685938
U001,28.61678664477064,77.20720083550928,2025-02-27 02:57:11,2,27,3,2,0,0.3013458300216756,0.5941666666666666,0.5071739074698608
U001,28.61392294434028,77.21002627176892,2025-02-27 03:01:06,3,27,3,2,0,0.4212626696860432,0.06527777777777778,6.453385578169172
U001,28.697421682704128,77.34777103814137,2025-02-27 03:18:00,3,27,3,2,0,16.33559811098148,0.2816666666666667,57.99620631117685
U001,28.61616905101371,77.21016514279776,2025-02-27 03:24:40,3,27,3,2,0,16.183585464216247,0.1111111111111111,145.65226917794624
U001,28.60646044964276,77.20881628815346,2025-02-27 03:46:28,3,27,3,2,0,1.0875474204325548,0.36333333333333334,2.9932497810070315
U001,28.614184499851337,77.20800628780846,2025-02-27 04:24:49,4,27,3,2,0,0.8625072297885817,0.6391666666666667,1.34942460983872
U001,28.615203216595592,77.21272698892427,2025-02-27 04:39:51,4,27,3,2,0,0.4745233229437919,0.25055555555555553,1.8938846591991696
U001,28.615618221618178,77.2080434541935,2025-02-27 04:45:36,4,27,3,2,0,0.45949663555435194,0.09583333333333334,4.794747501436715
U001,28.61140292363727,77.20869790732408,2025-02-27 05:12:17,5,27,3,2,0,0.47305327456771035,0.44472222222222224,1.0637050521197733
U001,28.614935703815554,77.20919441620782,2025-02-27 05:31:15,5,27,3,2,0,0.3958058337012638,0.3161111111111111,1.2521098429916957
U001,28.617129656942176,77.20652330371988,2025-02-27 05:42:00,5,27,3,2,0,0.3570668730483951,0.17916666666666667,1.9929313844561585
U001,28.614558323957464,77.20859453258056,2025-02-27 06:13:28,6,27,3,2,0,0.35017949341462246,0.5244444444444445,0.6677151357482207
U001,28.612081194874666,77.20811502312776,2025-02-27 06:20:07,6,27,3,2,0,0.27939294755290595,0.11083333333333334,2.520838624537497
U001,28.61481472298769,77.20221469648203,2025-02-27 06:30:22,6,27,3,2,0,0.6512426766765121,0.17083333333333334,3.8121522537161687
U001,28.613527377470955,77.2082087658788,2025-02-27 06:45:37,6,27,3,2,0,0.6023615359756924,0.25416666666666665,2.3699470267896094
U001,28.61544592014908,77.21002633689025,2025-02-27 07:27:04,7,27,3,2,0,0.2774679950234335,0.6908333333333333,0.40164245359242484
U001,28.618382036666947,77.21106806391371,2025-02-27 07:45:20,7,27,3,2,0,0.3419499469799511,0.30444444444444446,1.123193256503489
U001,28.614591721973195,77.20874217240969,2025-02-27 07:57:13,7,27,3,2,0,0.4787238123122879,0.19805555555555557,2.4171188279442304
U001,28.625720522356712,77.21300906955729,2025-02-27 08:31:13,8,27,3,2,0,1.305673252292022,0.5666666666666667,2.304129268750627
U001,28.62117827491281,77.21196889602237,2025-02-27 08:31:52,8,27,3,2,0,0.5151779104445944,0.010833333333333334,47.55488404103948
U001,28.62089906365928,77.20901969758677,2025-02-27 08:50:09,8,27,3,2,0,0.2895338782003184,0.3047222222222222,0.9501567561724213
U001,28.623398628267136,77.21212378304358,2025-02-27 08:56:50,8,27,3,2,0,0.41115274012945113,0.11138888888888888,3.6911467941796112
U001,28.629145980197567,77.21695102860036,2025-02-27 09:35:07,9,27,3,2,0,0.7939796122522297,0.6380555555555556,1.2443737936909127
U001,28.630517721532605,77.21854285053342,2025-02-27 09:37:02,9,27,3,2,0,0.2177215377879164,0.03194444444444444,6.81563074814347
U001,28.63186855084276,77.21622321170122,2025-02-27 09:53:54,9,27,3,2,0,0.27168973540265073,0.2811111111111111,0.9664852247525125
U001,28.631085350833963,77.2196309030036,2025-02-27 10:23:20,10,27,3,2,0,0.34379689885746945,0.4905555555555556,0.7008317304002775
U001,28.625930603925784,77.21212423088005,2025-02-27 10:23:46,10,27,3,2,0,0.9302275877841892,0.007222222222222222,128.80074292396466
U001,28.63298436984036,77.21798387561459,2025-02-27 10:43:52,10,27,3,2,0,0.9707029378697646,0.335,2.8976207100589986
U001,28.6326115573048,77.21821454759473,2025-02-27 10:55:42,10,27,3,2,0,0.047173441377799774,0.19722222222222222,0.23918928022546365
U001,28.62960908603464,77.2206940734599,2025-02-27 10:57:18,10,27,3,2,0,0.41234094204753663,0.02666666666666667,15.462785326782623
U001,28.63594243018058,77.21868842441543,2025-02-27 11:20:51,11,27,3,2,0,0.7309336780157686,0.3925,1.862251408957372
U001,28.632110417608448,77.21647490974604,2025-02-27 11:29:40,11,27,3,2,0,0.4777344374420236,0.14694444444444443,3.2511228256924105
U001,28.631601181328733,77.2192638446785,2025-02-27 11:32:56,11,27,3,2,0,0.27802090142901825,0.05444444444444444,5.1065063527778864
U001,28.628833933604323,77.22021623856654,2025-02-27 11:50:03,11,27,3,2,0,0.3214372833333848,0.2852777777777778,1.1267519182085541
U001,28.632277313526448,77.21589166870831,2025-02-27 11:58:36,11,27,3,2,0,0.5698663368902677,0.1425,3.9990620132650365
U001,28.629294877767144,77.21863788758432,2025-02-27 12:31:10,12,27,3,2,0,0.42640144583722855,0.5427777777777778,0.7855912001095305
U001,28.63193925891224,77.21960105740222,2025-02-27 12:45:49,12,27,3,2,0,0.3087026938817262,0.24416666666666667,1.2643113742596295
U001,28.629903495195183,77.21531370672156,2025-02-27 12:49:31,12,27,3,2,0,0.475744756043996,0.06166666666666667,7.714779827740476
U001,28.62849937865798,77.21619769477125,2025-02-27 13:02:02,13,27,3,2,0,0.17838316445167837,0.2086111111111111,0.8550990572916674
U001,28.63495796221154,77.22034215211303,2025-02-27 13:04:27,13,27,3,2,0,0.8242379676486051,0.04027777777777778,20.463839196792954
U001,28.629701088351872,77.21774048844243,2025-02-27 13:20:04,13,27,3,2,0,0.6373046388217112,0.2602777777777778,2.4485557094537462
U001,28.63150615549476,77.21607846163575,2025-02-27 13:48:20,13,27,3,2,0,0.2580676518970646,0.4711111111111111,0.5477851101588636
U001,28.630258824188008,77.21956649992138,2025-02-27 14:06:12,14,27,3,2,0,0.36759719568775273,0.29777777777777775,1.2344681944737965
U001,28.63081465818652,77.21691414437619,2025-02-27 14:15:32,14,27,3,2,0,0.2661429046045806,0.15555555555555556,1.7109186724580183
U001,28.63155423117735,77.21619504680086,2025-02-27 14:34:14,14,27,3,2,0,0.10811333709960005,0.31166666666666665,0.3468877126190376
U001,28.63044494782135,77.21894791932674,2025-02-27 15:08:18,15,27,3,2,0,0.2956369909240359,0.5677777777777778,0.5206913734474213
U001,28.630628918210192,77.21518499391499,2025-02-27 15:09:34,15,27,3,2,0,0.3678265508753101,0.021111111111111112,17.4233629361989
U001,28.630412331918823,77.21771742675581,2025-02-27 15:10:06,15,27,3,2,0,0.24833317645313807,0.008888888888888889,27.937482350978033
U001,28.631821305882973,77.21767919641235,2025-02-27 15:31:28,15,27,3,2,0,0.15671518099808282,0.3561111111111111,0.4400738311958644
U001,28.62950091958008,77.2183791780174,2025-02-27 15:51:54,15,27,3,2,0,0.266906525756779,0.34055555555555556,0.7837385748159905
U001,28.630256391244867,77.21837923701297,2025-02-27 16:21:44,16,27,3,2,0,0.08400461654522559,0.49722222222222223,0.1689478321579956
U001,28.63052160640074,77.21510116071406,2025-02-27 16:42:20,16,27,3,2,0,0.32129328263495366,0.3433333333333333,0.935805677577535
U001,28.63161551602929,77.21608578666537,2025-02-27 16:49:42,16,27,3,2,0,0.15501746259991633,0.12277777777777778,1.2625856682346126
U001,28.6320567880258,77.21717669347024,2025-02-27 17:03:10,17,27,3,2,0,0.11723242614383668,0.22444444444444445,0.5223226907398664
U001,28.628863611798177,77.21799980663897,2025-02-27 17:19:04,17,27,3,2,0,0.3640396402177558,0.265,1.3737344913877576
U001,28.63066985161665,77.2177064439879,2025-02-27 17:52:37,17,27,3,2,0,0.20287530848136812,0.5591666666666667,0.3628172431857552
U001,28.630000383595835,77.21404864062704,2025-02-27 18:02:26,18,27,3,2,0,0.36467686432515506,0.16361111111111112,2.2289248074203023
U001,28.63153614576084,77.22113230076998,2025-02-27 18:17:49,18,27,3,2,0,0.7121339348051877,0.2563888888888889,2.7775538085576117
U001,28.63209868300022,77.21621090110989,2025-02-27 18:49:03,18,27,3,2,0,0.4843730593990789,0.5205555555555555,0.9304925367324888
U001,28.63192303107,77.2191242544804,2025-02-27 18:57:35,18,27,3,2,0,0.2850060455777517,0.14222222222222222,2.003948757968567
U001,28.622291456175223,77.21153659726993,2025-02-27 19:03:48,19,27,3,2,0,1.3020938375938516,0.10361111111111111,12.567125510289184
U001,28.619651428080555,77.21276355584166,2025-02-27 19:43:20,19,27,3,2,0,0.3170469397128953,0.6588888888888889,0.4811842255339052
U001,28.618894296951872,77.21162966858228,2025-02-27 19:45:02,19,27,3,2,0,0.13905908372681539,0.028333333333333332,4.907967660946426
U001,28.62245690993452,77.21325697296825,2025-02-27 19:56:49,19,27,3,2,0,0.4268020186576238,0.1963888888888889,2.1732493170685228
U001,28.61287865553212,77.20769008724662,2025-02-27 20:01:26,20,27,3,2,0,1.1956627582894106,0.07694444444444444,15.539299385710752
U001,28.61845555694469,77.20966038667449,2025-02-27 20:01:45,20,27,3,2,0,0.6492627309422555,0.005277777777777778,123.01820165221683
U001,28.617660612228462,77.2082994169689,2025-02-27 20:16:36,20,27,3,2,0,0.15956576510899254,0.2475,0.6447101620565355
U001,28.617686215388325,77.20680702155285,2025-02-27 20:22:28,20,27,3,2,0,0.14570177063440531,0.09777777777777778,1.4901317451245997
U001,28.61660539314732,77.20916508713543,2025-02-27 20:43:03,20,27,3,2,0,0.25966078295098083,0.34305555555555556,0.7569059260109563
U001,28.612935312776724,77.20643697708233,2025-02-27 21:41:07,21,27,3,2,0,0.48729549501674324,0.9677777777777777,0.5035200292939942
U001,28.611007348773345,77.20940095159399,2025-02-27 21:48:12,21,27,3,2,0,0.3600993593897689,0.11805555555555555,3.050253397183925
U001,28.61339206214293,77.20868973891531,2025-02-27 21:50:45,21,27,3,2,0,0.27410583337749383,0.0425,6.449549020646914
U001,28.61139067059228,77.20700119442485,2025-02-27 21:56:39,21,27,3,2,0,0.2769377786932669,0.09833333333333333,2.81631639349085
U001,28.614730165241628,77.20873483225122,2025-02-27 21:58:45,21,27,3,2,0,0.4080785735818274,0.035,11.659387816623639
U001,28.61336895315928,77.20649586413843,2025-02-27 22:07:43,22,27,3,2,0,0.2658498327992484,0.14944444444444444,1.7789208142700637
U001,28.61642904919214,77.20540335292826,2025-02-27 22:16:52,22,27,3,2,0,0.3565874700969584,0.1525,2.3382784924390716
U001,28.613266248279967,77.20956801037482,2025-02-27 22:34:01,22,27,3,2,0,0.5375387603164351,0.28583333333333333,1.880602076908811
U001,28.612791244378844,77.20865086780283,2025-02-27 22:41:54,22,27,3,2,0,0.10394627703018387,0.1313888888888889,0.7911344551980168
U001,28.614632359135364,77.20781106788596,2025-02-27 23:03:09,23,27,3,2,0,0.2205255627120144,0.3541666666666667,0.6226604123633347
U001,28.612738176695206,77.20791013200055,2025-02-27 23:11:18,23,27,3,2,0,0.21084534629673432,0.13583333333333333,1.5522356782581668
U001,28.611078361079333,77.21141964490708,2025-02-27 23:53:42,23,27,3,2,0,0.38913775998997424,0.7066666666666667,0.5506666414952466
U001,28.61558362787624,77.20980958409858,2025-02-27 23:56:53,23,27,3,2,0,0.5250379494446373,0.05305555555555556,9.896003235605729
U001,28.615358729245948,77.21048224150715,2025-02-28 00:10:08,0,28,4,2,0,0.07026107163820564,0.22083333333333333,0.3181633432673463
U001,28.61282668135888,77.20826684882933,2025-02-28 00:12:14,0,28,4,2,0,0.3550162752939093,0.035,10.14332215125455
U001,28.6152290851153,77.20990024750722,2025-02-28 00:28:57,0,28,4,2,0,0.3111000095070411,0.2786111111111111,1.1166102036145045
U001,28.61194389956607,77.20915424434034,2025-02-28 00:31:17,0,28,4,2,0,0.37248357673603905,0.03888888888888889,9.578149116069575
U001,28.617060749524907,77.20528447826933,2025-02-28 00:45:12,0,28,4,2,0,0.6829448652473725,0.23194444444444445,2.94443295196472
U001,28.61232221735986,77.20914372790818,2025-02-28 01:03:43,1,28,4,2,0,0.6477181242395514,0.3086111111111111,2.0988166041965663
U001,28.61215052402253,77.20962032966571,2025-02-28 01:18:11,1,28,4,2,0,0.050288726485429903,0.2411111111111111,0.20857075500869546
U001,28.614556644502443,77.2073752657968,2025-02-28 01:41:46,1,28,4,2,0,0.345846132565256,0.39305555555555555,0.8798912206607219
U001,28.612047142811747,77.20740743256209,2025-02-28 01:53:36,1,28,4,2,0,0.2790615221065329,0.19722222222222222,1.4149598303993218
U001,28.615366244106173,77.20888278530137,2025-02-28 02:09:17,2,28,4,2,0,0.39617064479259456,0.2613888888888889,1.515636898250096
U001,28.61521270341246,77.2072899879948,2025-02-28 02:12:41,2,28,4,2,0,0.15641237262683358,0.056666666666666664,2.760218340473534
U001,28.614166904332283,77.20708484362532,2025-02-28 02:39:00,2,28,4,2,0,0.11799911273963755,0.4386111111111111,0.2690290094127265
U001,28.6149792377228,77.21174722219537,2025-02-28 02:43:35,2,28,4,2,0,0.4639892566693883,0.0763888888888889,6.074041178217446
U001,28.614261540228423,77.21025344691603,2025-02-28 03:28:13,3,28,4,2,0,0.16622312192633912,0.7438888888888889,0.2234515455320466
U001,28.611309275354262,77.21395417096561,2025-02-28 03:31:34,3,28,4,2,0,0.4881244761597977,0.05583333333333333,8.742527931220257
U001,28.614558029799625,77.21018773957016,2025-02-28 03:58:41,3,28,4,2,0,0.515434410706124,0.4519444444444444,1.1404817938180984
U001,28.612363342602315,77.20653035717348,2025-02-28 04:02:17,4,28,4,2,0,0.43245104044688226,0.06,7.207517340781371
U001,28.61478271461485,77.20707819876687,2025-02-28 04:16:40,4,28,4,2,0,0.2742856306956089,0.23972222222222223,1.1441810782203847
U001,28.61044828917562,77.21426121963934,2025-02-28 04:39:00,4,28,4,2,0,0.850844795832126,0.37222222222222223,2.2858516902952637
U001,28.617585309244568,77.2100614719748,2025-02-28 04:44:24,4,28,4,2,0,0.8932328006662582,0.09,9.924808896291758
U001,28.613775667534465,77.20971723525629,2025-02-28 04:56:19,4,28,4,2,0,0.42494342655829226,0.1986111111111111,2.1395752945592337
U001,28.614205372010737,77.20726735291578,2025-02-28 05:00:27,5,28,4,2,0,0.24387005041610052,0.06888888888888889,3.5400491189433945
U001,28.614590457465503,77.2087318426248,2025-02-28 05:03:49,5,28,4,2,0,0.14922971119531317,0.05611111111111111,2.659539407441225
U001,28.61426072853488,77.20982443918584,2025-02-28 05:18:04,5,28,4,2,0,0.11277867624608719,0.2375,0.47485758419405133
U001,28.61560303239246,77.21081609332667,2025-02-28 05:22:22,5,28,4,2,0,0.17789816025702576,0.07166666666666667,2.48229991056315
U001,28.61415652068536,77.20891513072345,2025-02-28 06:07:17,6,28,4,2,0,0.2455674154463281,0.7486111111111111,0.32803068482626385
U001,28.613843890979247,77.20725407462055,2025-02-28 06:22:19,6,28,4,2,0,0.1658273839209583,0.25055555555555553,0.661838782833093
U001,28.614810373598548,77.20806451936511,2025-02-28 06:33:36,6,28,4,2,0,0.13344611948965038,0.18805555555555556,0.7096100888666785
U001,28.61590566281448,77.20578524632508,2025-02-28 06:46:02,6,28,4,2,0,0.2536400101707156,0.20722222222222222,1.224000049081201
U001,28.61054833968048,77.21007424339972,2025-02-28 06:46:11,6,28,4,2,0,0.7281152521874266,0.0025,291.24610087497064
U001,28.614908239569,77.21110688573704,2025-02-28 07:12:15,7,28,4,2,0,0.49516748022205415,0.43444444444444447,1.1397716936057511
U001,28.613743399127948,77.21115238014728,2025-02-28 07:26:33,7,28,4,2,0,0.12960045547873106,0.23833333333333334,0.5437781348757946
U001,28.611792199084302,77.20601136531617,2025-02-28 07:48:47,7,28,4,2,0,0.5467346111550758,0.3705555555555556,1.4754457272550772
U001,28.62986735944944,77.22060398292389,2025-02-28 08:12:16,8,28,4,2,0,2.463401735295226,0.3913888888888889,6.294000175346213
U001,28.630328493111847,77.21980681014503,2025-02-28 08:46:43,8,28,4,2,0,0.0931803763204764,0.5741666666666667,0.16228802842463233
U001,28.628537373874085,77.22048329937824,2025-02-28 08:55:13,8,28,4,2,0,0.20982227316447394,0.14166666666666666,1.4810983988080513
U001,28.630908118217604,77.22020821854485,2025-02-28 09:12:31,9,28,4,2,0,0.26497837000740015,0.28833333333333333,0.9190001271932954
U001,28.63057292337585,77.21607408660795,2025-02-28 09:24:45,9,28,4,2,0,0.4052036618981687,0.2038888888888889,1.9873749084923804
U001,28.629571564173187,77.21727413062493,2025-02-28 09:44:14,9,28,4,2,0,0.1616039919862513,0.32472222222222225,0.49766840988067124
U001,28.63060751440154,77.21782955714676,2025-02-28 10:38:58,10,28,4,2,0,0.12731037685029853,0.9122222222222223,0.1395607054388169
U001,28.63248305049402,77.22144672513937,2025-02-28 10:44:16,10,28,4,2,0,0.41002682105034327,0.08833333333333333,4.641813068494452
U001,28.633327349803466,77.21753358068194,2025-02-28 10:56:01,10,28,4,2,0,0.39327971193529443,0.19583333333333333,2.008236826903631
U001,28.628450344729607,77.21897827061437,2025-02-28 11:15:34,11,28,4,2,0,0.560328704497499,0.3258333333333333,1.7196788884833731
U001,28.631542947241563,77.21722952380006,2025-02-28 11:24:08,11,28,4,2,0,0.383907708731055,0.14277777777777778,2.6888477654315137
U001,28.632903945573823,77.21645441493156,2025-02-28 11:29:35,11,28,4,2,0,0.16919018521281134,0.09083333333333334,1.8626442408749873
U001,28.62848527105176,77.21580995861024,2025-02-28 12:36:17,12,28,4,2,0,0.49534377796394,1.1116666666666666,0.445586606864114
U001,28.63400333769639,77.21951507035955,2025-02-28 12:38:24,12,28,4,2,0,0.71221141869753,0.035277777777777776,20.188670136307937
U001,28.62915112747482,77.21528631140731,2025-02-28 12:39:31,12,28,4,2,0,0.6792943491476986,0.01861111111111111,36.499397864652465
U001,28.6319609499075,77.21854781944867,2025-02-28 12:43:44,12,28,4,2,0,0.44603225162762933,0.07027777777777777,6.346703975729113
U001,28.629696489067463,77.21402169778422,2025-02-28 13:11:45,13,28,4,2,0,0.5084668124416467,0.46694444444444444,1.0889235721534374
U001,28.631537736090586,77.21774112934243,2025-02-28 13:31:18,13,28,4,2,0,0.4167674573861877,0.3258333333333333,1.2790817106481465
U001,28.63265399670118,77.21875095204975,2025-02-28 13:58:01,13,28,4,2,0,0.15849196258387432,0.4452777777777778,0.35593952919647387
U001,28.62422973107492,77.21906936931873,2025-02-28 14:03:19,14,28,4,2,0,0.9372509855856067,0.08833333333333333,10.610388516063471
U001,28.630247194732657,77.21732058444017,2025-02-28 14:26:43,14,28,4,2,0,0.6905384881953986,0.39,1.7706115081933298
U001,28.630380931691874,77.21857788285905,2025-02-28 14:31:21,14,28,4,2,0,0.12360895138635261,0.07722222222222222,1.6006914568016886
U001,28.628550905922424,77.21842017043161,2025-02-28 14:35:34,14,28,4,2,0,0.20407093185435593,0.07027777777777777,2.9037761054374758
U001,28.63110213151484,77.21900703240065,2025-02-28 15:07:32,15,28,4,2,0,0.2894079222108778,0.5327777777777778,0.543205693409364
U001,28.631709032806963,77.21657112186011,2025-02-28 15:10:16,15,28,4,2,0,0.24713258512280062,0.04555555555555556,5.424861624646843
U001,28.62699364694571,77.21641257815283,2025-02-28 15:17:06,15,28,4,2,0,0.5245552664171578,0.11388888888888889,4.60585111976041
U001,28.62965155936353,77.21961857378398,2025-02-28 15:37:23,15,28,4,2,0,0.4304174387867631,0.33805555555555555,1.2732151024094882
U001,28.631339258837457,77.21959054991494,2025-02-28 15:50:31,15,28,4,2,0,0.1876835494612085,0.21888888888888888,0.857437535609582
U001,28.630974042524706,77.21712579238392,2025-02-28 16:08:47,16,28,4,2,0,0.24395991368111636,0.30444444444444446,0.8013281836241047
U001,28.63400909253293,77.21718815785246,2025-02-28 16:40:56,16,28,4,2,0,0.3375370470134754,0.5358333333333334,0.6299291701651174
U001,28.629463053636137,77.2155209866342,2025-02-28 16:47:55,16,28,4,2,0,0.5310385316878893,0.11638888888888889,4.562622229299287
U001,28.629046232634902,77.2171016971909,2025-02-28 16:59:15,16,28,4,2,0,0.16108911663931919,0.18888888888888888,0.8528247351493369
U001,28.63082435018978,77.21834398049562,2025-02-28 17:27:22,17,28,4,2,0,0.2319329565882285,0.4686111111111111,0.4949369553749986
U001,28.62657496245232,77.21890268266402,2025-02-28 17:40:02,17,28,4,2,0,0.47564642479076286,0.2111111111111111,2.2530620121667715
U001,28.625591392340088,77.21664056148484,2025-02-28 17:41:33,17,28,4,2,0,0.2463930063174603,0.025277777777777777,9.74741563453689
U001,28.63217056306853,77.21841077362261,2025-02-28 17:50:14,17,28,4,2,0,0.7516953622576594,0.14472222222222222,5.194056245926245
U001,28.63096712584848,77.21823463566213,2025-02-28 17:51:34,17,28,4,2,0,0.13491579694142156,0.022222222222222223,6.07121086236397
U001,28.629224171937143,77.21447222401726,2025-02-28 18:29:54,18,28,4,2,0,0.4152151298043951,0.6388888888888888,0.6499019423025315
U001,28.63014813760083,77.21708715603563,2025-02-28 18:37:48,18,28,4,2,0,0.27512000789467195,0.13166666666666665,2.089519047301306
U001,28.630034087392985,77.2221984626633,2025-02-28 18:47:19,18,28,4,2,0,0.49902103820561516,0.15861111111111112,3.1461921848340006
U001,28.60988291651509,77.23033867704231,2025-02-28 19:03:32,19,28,4,2,0,2.377412685673516,0.2702777777777778,8.796182598586492
U001,28.611606567472187,77.23055318218047,2025-02-28 19:04:32,19,28,4,2,0,0.19280168644681106,0.016666666666666666,11.568101186808663
U001,28.61185089224836,77.22800726547295,2025-02-28 19:11:20,19,28,4,2,0,0.25000363529042813,0.11333333333333333,2.2059144290331894
U001,28.610862527014405,77.23049680327752,2025-02-28 19:12:32,19,28,4,2,0,0.2667156169402331,0.02,13.335780847011655
U001,28.61086434355287,77.23001791215422,2025-02-28 19:30:20,19,28,4,2,0,0.04674842711339581,0.2966666666666667,0.15757896779796338
U001,28.610733615738777,77.23271268323649,2025-02-28 20:03:07,20,28,4,2,0,0.2634573827864317,0.5463888888888889,0.4821792465842166
U001,28.612671379138707,77.2314967761678,2025-02-28 20:12:20,20,28,4,2,0,0.24599793558919167,0.15361111111111111,1.6014332154088426
U001,28.61198154477742,77.23110534084114,2025-02-28 20:21:35,20,28,4,2,0,0.08569625307037573,0.15416666666666667,0.5558675874835183
U001,28.60802247986244,77.2304552511957,2025-02-28 20:23:09,20,28,4,2,0,0.44477843729953537,0.026111111111111113,17.034067811471566
U001,28.61160577931818,77.22734717601388,2025-02-28 20:40:47,20,28,4,2,0,0.5008118257368551,0.29388888888888887,1.7040856074221915
U001,28.616421991628,77.20690910523567,2025-02-28 21:01:47,21,28,4,2,0,2.0656747306524803,0.35,5.90192780186423
U001,28.61461467809238,77.20796408761535,2025-02-28 21:02:10,21,28,4,2,0,0.22581277827726529,0.006388888888888889,35.344608773832825
U001,28.61325183050732,77.21022733951459,2025-02-28 21:30:14,21,28,4,2,0,0.267905003063144,0.4677777777777778,0.5727185338642033
U001,28.615010232512347,77.20925031716976,2025-02-28 21:47:05,21,28,4,2,0,0.21754502202831452,0.2808333333333333,0.7746410279939984
U001,28.61339768198847,77.20772531215412,2025-02-28 22:02:27,22,28,4,2,0,0.23304726739129306,0.2561111111111111,0.9099459464302114
U001,28.61494143309336,77.21050055798027,2025-02-28 22:14:25,22,28,4,2,0,0.3207096923446812,0.19944444444444445,1.608015170530435
U001,28.61421285884128,77.20951680118081,2025-02-28 22:45:52,22,28,4,2,0,0.12563691584511832,0.5241666666666667,0.2396888696568235
U001,28.612389561124456,77.20945590435933,2025-02-28 22:47:00,22,28,4,2,0,0.20282858343319318,0.01888888888888889,10.737983828816109
U001,28.614352220872053,77.21062465555997,2025-02-28 23:17:23,23,28,4,2,0,0.2462593876028643,0.5063888888888889,0.48630487952293555
U001,28.610811562047527,77.20976448487541,2025-02-28 23:26:32,23,28,4,2,0,0.402557553243773,0.1525,2.639721660614905
U001,28.61139070494446,77.2096177007538,2025-02-28 23:26:40,23,28,4,2,0,0.06597256781835437,0.0022222222222222222,29.687655518259465
U001,28.61385731786776,77.21053612712768,2025-02-28 23:27:34,23,28,4,2,0,0.2885555246817775,0.015,19.237034978785164
U001,28.611232035550884,77.20717824486356,2025-03-01 00:04:40,0,1,5,3,1,0.4389270911212108,0.6183333333333333,0.7098551338887507
U001,28.61503839613254,77.20846443862169,2025-03-01 00:43:41,0,1,5,3,1,0.44147721123526806,0.6502777777777777,0.6789055790034024
U001,28.61495402508877,77.21359665666924,2025-03-01 00:45:22,0,1,5,3,1,0.5010606668340752,0.028055555555555556,17.85958812477892
U001,28.610397068660752,77.2091719389707,2025-03-01 00:52:11,0,1,5,3,1,0.6658161492575091,0.11361111111111111,5.860484443342378
U001,28.616299907478385,77.20504497656209,2025-03-01 00:59:52,0,1,5,3,1,0.7701339876996601,0.12805555555555556,6.014061509151358
U001,28.61476841361064,77.2111318726137,2025-03-01 01:08:10,1,1,5,3,1,0.6180818477048662,0.13833333333333334,4.468061549673731
U001,28.614184828842163,77.20683512189719,2025-03-01 01:23:30,1,1,5,3,1,0.42441239714598833,0.25555555555555554,1.6607441627451718
U001,28.6130712909319,77.20701255201817,2025-03-01 01:29:07,1,1,5,3,1,0.1250252330144393,0.09361111111111112,1.3355811241898559
U001,28.61313954839796,77.20881615338467,2025-03-01 01:56:21,1,1,5,3,1,0.1762222065118741,0.4538888888888889,0.38824965938968586
U001,28.612095723075548,77.2105399671388,2025-03-01 02:22:13,2,1,5,3,1,0.2044185055719273,0.4311111111111111,0.47416663663591385
U001,28.61401255396272,77.21020366727986,2025-03-01 02:53:55,2,1,5,3,1,0.21565512080787758,0.5283333333333333,0.40818003938399544
U001,28.61515006370833,77.21168576558303,2025-03-01 02:55:58,2,1,5,3,1,0.1921687834880381,0.034166666666666665,5.6244521996498955
U001,28.614900677956737,77.2051967143282,2025-03-01 03:15:37,3,1,5,3,1,0.6340243609059479,0.3275,1.9359522470410624
U001,28.61443961171064,77.21264819550152,2025-03-01 03:35:16,3,1,5,3,1,0.7291706327740575,0.3275,2.226475214577275
U001,28.61597916515455,77.20858242796962,2025-03-01 03:42:49,3,1,5,3,1,0.4322196000525934,0.12583333333333332,3.434857748762332
U001,28.6139342174668,77.21022647718085,2025-03-01 03:53:06,3,1,5,3,1,0.27831532016243954,0.1713888888888889,1.6238819328764704
U001,28.614228994690613,77.20935675464206,2025-03-01 03:57:21,3,1,5,3,1,0.09100506227167278,0.07083333333333333,1.2847773497177335
U001,28.615298439618307,77.20820051923735,2025-03-01 04:18:46,4,1,5,3,1,0.16394984070414872,0.35694444444444445,0.4593147288209614
U001,28.61741347942904,77.21051960874442,2025-03-01 04:41:31,4,1,5,3,1,0.3264265624320571,0.37916666666666665,0.8609052196010297
U001,28.61575943426413,77.20927583122153,2025-03-01 04:50:26,4,1,5,3,1,0.2203788837083719,0.1486111111111111,1.4829233296264277
U001,28.617018914220296,77.20930218218717,2025-03-01 05:10:35,5,1,5,3,1,0.14007140008245664,0.3358333333333333,0.4170860548360992
U001,28.614935464158755,77.21012679331167,2025-03-01 05:10:56,5,1,5,3,1,0.24525408779853175,0.005833333333333334,42.04355790831973
U001,28.6134519213134,77.21142185703285,2025-03-01 05:23:33,5,1,5,3,1,0.2078309896849989,0.21027777777777779,0.9883640196380397
U001,28.61144304788198,77.21063327855369,2025-03-01 06:29:28,6,1,5,3,1,0.2362681343850877,1.0986111111111112,0.21506075443396097
U001,28.61081163318832,77.21214293710887,2025-03-01 06:29:30,6,1,5,3,1,0.16323862428103036,0.0005555555555555556,293.8295237058547
U001,28.613589840399847,77.21294691141443,2025-03-01 06:38:25,6,1,5,3,1,0.3187355620301707,0.1486111111111111,2.144762660389934
U001,28.613996434653508,77.20895540868402,2025-03-01 07:02:50,7,1,5,3,1,0.39224259882634954,0.40694444444444444,0.9638725977985382
U001,28.614255655474818,77.2059223396719,2025-03-01 07:16:08,7,1,5,3,1,0.297470160440328,0.22166666666666668,1.3419706486029832
U001,28.61051344672144,77.2086336191583,2025-03-01 07:23:41,7,1,5,3,1,0.4931512821061392,0.12583333333333332,3.91908303660508
U001,28.615082706947675,77.20621152797776,2025-03-01 07:35:27,7,1,5,3,1,0.5603967576171904,0.19611111111111112,2.8575472059800076
U001,28.618554664066547,77.20897744587977,2025-03-01 07:46:47,7,1,5,3,1,0.47110266788568,0.18888888888888888,2.4940729476300705
U001,28.610847517966725,77.20430402864538,2025-03-01 08:18:57,8,1,5,3,1,0.9708500433743135,0.5361111111111111,1.8109119980039008
U001,28.612359566300952,77.2086557642515,2025-03-01 08:21:37,8,1,5,3,1,0.4568636062560213,0.044444444444444446,10.27943114076048
U001,28.61544765325172,77.20863452347943,2025-03-01 08:32:54,8,1,5,3,1,0.3433858617467124,0.18805555555555556,1.8259809487269787
U001,28.61450008536153,77.20992325840821,2025-03-01 08:46:19,8,1,5,3,1,0.16409386002679113,0.22361111111111112,0.7338358957719852
U001,28.626474501336133,77.19493135678493,2025-03-01 09:08:26,9,1,5,3,1,1.9784387178996234,0.3686111111111111,5.367279114121058
U001,28.62231553197442,77.19995314734759,2025-03-01 09:36:14,9,1,5,3,1,0.6738787811317571,0.4633333333333333,1.4544146355361665
U001,28.627870013614217,77.19352312996152,2025-03-01 09:49:11,9,1,5,3,1,0.880535345173711,0.21583333333333332,4.079700440959279
U001,28.627946214429137,77.19607658263091,2025-03-01 09:53:24,9,1,5,3,1,0.24936433214395107,0.07027777777777777,3.548267176751873
U001,28.624813797303723,77.1936301272936,2025-03-01 09:58:13,9,1,5,3,1,0.42229767054134626,0.08027777777777778,5.260455411587704
U001,28.628172058028937,77.19666946537195,2025-03-01 10:30:04,10,1,5,3,1,0.47691019246394983,0.5308333333333334,0.8984179449870325
U001,28.62577459938496,77.19577070984653,2025-03-01 10:30:30,10,1,5,3,1,0.2806467094808184,0.007222222222222222,38.858775158882544
U001,28.627118450267982,77.1935754416059,2025-03-01 10:51:20,10,1,5,3,1,0.26122447859795384,0.3472222222222222,0.7523264983621071
U001,28.62784236778362,77.19394023695827,2025-03-01 11:02:57,11,1,5,3,1,0.08801869087163529,0.19361111111111112,0.4546159069410144
U001,28.627533260359552,77.19140358525856,2025-03-01 11:19:15,11,1,5,3,1,0.24995551334883467,0.27166666666666667,0.9200816442288393
U001,28.62305603387712,77.19312230250056,2025-03-01 11:31:15,11,1,5,3,1,0.5253481357095146,0.2,2.6267406785475726
U001,28.62475570623784,77.1985657384665,2025-03-01 11:32:27,11,1,5,3,1,0.5639201731884892,0.02,28.19600865942446
U001,28.62617940698589,77.19500864691555,2025-03-01 11:34:57,11,1,5,3,1,0.38157418687633443,0.041666666666666664,9.157780485032028
U001,28.59982794436692,77.20371638268035,2025-03-01 12:12:39,12,1,5,3,1,3.050948202923157,0.6283333333333333,4.85562048210582
U001,28.59724696083785,77.19979273710628,2025-03-01 12:25:26,12,1,5,3,1,0.4786434804249907,0.21305555555555555,2.246566531329813
U001,28.60230867017253,77.20729592846276,2025-03-01 12:33:45,12,1,5,3,1,0.9237784946429276,0.1386111111111111,6.664534229888857
U001,28.599842856950204,77.20447903566522,2025-03-01 13:02:45,13,1,5,3,1,0.38833541950325684,0.48333333333333334,0.8034525920757039
U001,28.5998811351802,77.20354832036136,2025-03-01 13:03:03,13,1,5,3,1,0.09096293353157289,0.005,18.19258670631458
U001,28.600457466103308,77.20615492255885,2025-03-01 13:16:51,13,1,5,3,1,0.26242031735442045,0.23,1.1409579015409583
U001,28.59931274718916,77.20649021137285,2025-03-01 13:58:30,13,1,5,3,1,0.1314284480322755,0.6941666666666667,0.189332698245775
U001,28.603084424612305,77.2105166329325,2025-03-01 14:18:12,14,1,5,3,1,0.5748079379606515,0.3283333333333333,1.7506840750070607
U001,28.60095204591485,77.20544218424345,2025-03-01 14:40:45,14,1,5,3,1,0.5492150596172433,0.37583333333333335,1.4613261009771439
U001,28.60133435333112,77.20465838096528,2025-03-01 14:45:56,14,1,5,3,1,0.087535271416891,0.08638888888888889,1.013270022832179
U001,28.59916047291782,77.20412715351027,2025-03-01 14:53:29,14,1,5,3,1,0.24722541129846967,0.12583333333333332,1.964705255352077
U001,28.60005453866668,77.20619343733473,2025-03-01 14:55:42,14,1,5,3,1,0.22489327121387495,0.036944444444444446,6.087336664435712
U001,28.60091063026561,77.20475078749716,2025-03-01 15:03:10,15,1,5,3,1,0.16999407411089185,0.12444444444444444,1.3660238098196666
U001,28.601636573711342,77.2053646618437,2025-03-01 15:10:48,15,1,5,3,1,0.10053625368289437,0.1272222222222222,0.7902412953240606
U001,28.598269371788785,77.20539094530571,2025-03-01 15:15:51,15,1,5,3,1,0.37442456339882013,0.08416666666666667,4.448608674045388
U001,28.600070534932744,77.204726778769,2025-03-01 15:39:13,15,1,5,3,1,0.21051496337138875,0.3894444444444444,0.5405519744201138
U001,28.5998899977175,77.20275880788986,2025-03-01 15:40:05,15,1,5,3,1,0.19317355721027182,0.014444444444444444,13.373553960711126
U001,28.6400840955874,77.22501187761752,2025-03-01 16:04:13,16,1,5,3,1,4.969239571734803,0.4022222222222222,12.354463023650062
U001,28.64533487411489,77.22388891685546,2025-03-01 16:47:33,16,1,5,3,1,0.5940553251731878,0.7222222222222222,0.8225381425474908
U001,28.639042875184668,77.22865966048992,2025-03-01 16:58:20,16,1,5,3,1,0.8403849808565217,0.17972222222222223,4.6760215318137215
U001,28.64154124975079,77.22453062388887,2025-03-01 17:06:16,17,1,5,3,1,0.48943506393013264,0.1322222222222222,3.701609727202684
U001,28.63876291920391,77.22149062637378,2025-03-01 17:13:39,17,1,5,3,1,0.42831829639872826,0.12305555555555556,3.4806904447752185
U001,28.640059483179822,77.2215444890508,2025-03-01 17:19:49,17,1,5,3,1,0.1442671303029308,0.10277777777777777,1.4036801867312187
U001,28.64280450562061,77.22724825757062,2025-03-01 17:48:09,17,1,5,3,1,0.6348202200630287,0.4722222222222222,1.3443251718981786
U001,28.639722943403218,77.22429699686548,2025-03-01 17:51:13,17,1,5,3,1,0.4476178443356888,0.051111111111111114,8.75774043265478
U001,28.64197420750192,77.22382031170666,2025-03-01 18:12:20,18,1,5,3,1,0.254614870825081,0.35194444444444445,0.7234518823759207
U001,28.638199191776742,77.2252316090154,2025-03-01 18:16:01,18,1,5,3,1,0.44178023239028286,0.06138888888888889,7.196420075135829
U001,28.63936510515863,77.22556049760264,2025-03-01 18:23:24,18,1,5,3,1,0.13355774243278182,0.12305555555555556,1.0853450852325384
U001,28.64074269714549,77.22868682310828,2025-03-01 18:31:26,18,1,5,3,1,0.34139329472223895,0.1338888888888889,2.549825437759461
U001,28.64086072972632,77.21918766693734,2025-03-01 18:59:48,18,1,5,3,1,0.9271091214376869,0.4727777777777778,1.9609828655556243
U001,28.638280392617222,77.2246730439039,2025-03-01 19:19:45,19,1,5,3,1,0.6073642701160289,0.3325,1.8266594589955756
U001,28.640333667587896,77.219519516571,2025-03-01 19:26:24,19,1,5,3,1,0.5523334163323921,0.11083333333333334,4.983459395480229
U001,28.64527401248977,77.22345572526305,2025-03-01 19:31:27,19,1,5,3,1,0.6703190040289245,0.08416666666666667,7.964186186482271
U001,28.640408495226577,77.22676406551845,2025-03-01 19:46:28,19,1,5,3,1,0.6300295401207529,0.25027777777777777,2.5173211369974586
U001,28.64125567628393,77.22605058028496,2025-03-01 19:52:00,19,1,5,3,1,0.11714176051777164,0.09222222222222222,1.2702118610360782
U001,28.613077892824755,77.21011988030352,2025-03-01 20:02:56,20,1,5,3,1,3.4978170104126898,0.18222222222222223,19.19533725226476
U001,28.60980327357052,77.2079159206086,2025-03-01 20:33:16,20,1,5,3,1,0.42293107155912757,0.5055555555555555,0.8365669547323403
U001,28.61776932274677,77.20666819930042,2025-03-01 20:38:49,20,1,5,3,1,0.8941185140459972,0.0925,9.666146097794565
U001,28.61249769559825,77.20907644071102,2025-03-01 20:52:23,20,1,5,3,1,0.6315581211244258,0.22611111111111112,2.793131739616625
U001,28.61613931906015,77.209258651639,2025-03-01 21:01:15,21,1,5,3,1,0.4053204927733075,0.14777777777777779,2.742770251849449
U001,28.613247393818696,77.20650210263119,2025-03-01 21:02:24,21,1,5,3,1,0.419294474865192,0.019166666666666665,21.876233471227412
U001,28.6154760914779,77.2107248367356,2025-03-01 21:19:26,21,1,5,3,1,0.4809589697492856,0.2838888888888889,1.694180323970086
U001,28.61323220522281,77.20810415128174,2025-03-01 21:21:06,21,1,5,3,1,0.3573459476654063,0.027777777777777776,12.864454115954628
U001,28.612792050660914,77.2091853083512,2025-03-01 21:40:25,21,1,5,3,1,0.11633374030496013,0.3219444444444444,0.36134725202576057
U001,28.61320609171348,77.20811225436718,2025-03-01 22:18:20,22,1,5,3,1,0.114417708228571,0.6319444444444444,0.18105659324081566
U001,28.60921241109488,77.2096709129373,2025-03-01 22:30:34,22,1,5,3,1,0.4694192442494796,0.2038888888888889,2.302328718389818
U001,28.615153200718485,77.2109654435048,2025-03-01 22:34:53,22,1,5,3,1,0.6725637463519851,0.07194444444444445,9.34837639717045
U001,28.614783259383948,77.21175193043914,2025-03-01 22:48:40,22,1,5,3,1,0.08709775597007356,0.22972222222222222,0.3791437986605379
U001,28.614563023762805,77.21050965748358,2025-03-01 23:20:12,23,1,5,3,1,0.1237108386913227,0.5255555555555556,0.23539060216107913
U001,28.61466113551285,77.21061030896655,2025-03-01 23:29:57,23,1,5,3,1,0.01468154217317835,0.1625,0.0903479518349437
U001,28.615358849533006,77.20687057492505,2025-03-01 23:32:25,23,1,5,3,1,0.37320088756318665,0.04111111111111111,9.077859427212648
U001,28.61405196704692,77.21107013769316,2025-03-01 23:41:08,23,1,5,3,1,0.4349295677143448,0.14527777777777778,2.9937790511886067
U001,28.60888721778108,77.21167498870992,2025-03-01 23:49:56,23,1,5,3,1,0.5773210858717382,0.14666666666666667,3.9362801309436697
