user_id,latitude,longitude,timestamp,hour,day,weekday,month,is_weekend
U001,28.61214116729188,77.209172671956,2025-01-01 00:05:41,0,1,2,1,0
U001,28.616413955520496,77.21004263194476,2025-01-01 00:10:54,0,1,2,1,0
U001,28.61225695760356,77.21194991936737,2025-01-01 00:16:37,0,1,2,1,0
U001,28.61189849015428,77.21083362063878,2025-01-01 00:27:13,0,1,2,1,0
U001,28.612701488796684,77.21023553816045,2025-01-01 00:43:46,0,1,2,1,0
U001,28.61500428819639,77.21102394874116,2025-01-01 01:09:24,1,1,2,1,0
U001,28.612283086899755,77.21027589565601,2025-01-01 01:19:27,1,1,2,1,0
U001,28.618810537364222,77.20806813981791,2025-01-01 01:46:32,1,1,2,1,0
U001,28.61470454377795,77.20955234017401,2025-01-01 01:53:39,1,1,2,1,0
U001,28.61486650404624,77.20909620583187,2025-01-01 02:14:40,2,1,2,1,0
U001,28.614190270299325,77.20954401477694,2025-01-01 02:46:49,2,1,2,1,0
U001,28.610934199904865,77.21037542146807,2025-01-01 02:56:25,2,1,2,1,0
U001,28.61556184941005,77.20826951462125,2025-01-01 03:28:33,3,1,2,1,0
U001,28.6136047532486,77.20703118804029,2025-01-01 03:33:20,3,1,2,1,0
U001,28.61319527538727,77.20934249393227,2025-01-01 03:34:38,3,1,2,1,0
U001,28.616028310865783,77.2077673377158,2025-01-01 03:39:29,3,1,2,1,0
U001,28.613155720821464,77.20790484799748,2025-01-01 03:47:46,3,1,2,1,0
U001,28.61454297022797,77.20918419698073,2025-01-01 04:02:13,4,1,2,1,0
U001,28.61504719757691,77.20789419372034,2025-01-01 04:06:05,4,1,2,1,0
U001,28.61224357493605,77.20809148221319,2025-01-01 04:24:23,4,1,2,1,0
U001,28.614231546357857,77.21030826681458,2025-01-01 04:26:39,4,1,2,1,0
U001,28.612920031034964,77.21102867094918,2025-01-01 05:07:26,5,1,2,1,0
U001,28.61017360264326,77.20580412135045,2025-01-01 05:09:14,5,1,2,1,0
U001,28.612346156753283,77.20844548207836,2025-01-01 05:15:46,5,1,2,1,0
U001,28.61499499610412,77.20651986003173,2025-01-01 05:18:20,5,1,2,1,0
U001,28.61543977606461,77.20877209349938,2025-01-01 05:30:55,5,1,2,1,0
U001,28.614561966660663,77.20936225708508,2025-01-01 06:07:26,6,1,2,1,0
U001,28.61408541487584,77.20763889512048,2025-01-01 06:32:10,6,1,2,1,0
U001,28.614310358020205,77.21153528149785,2025-01-01 06:37:04,6,1,2,1,0
U001,28.61742983076459,77.20847253340514,2025-01-01 06:39:25,6,1,2,1,0
U001,28.61096807450788,77.21035267958904,2025-01-01 07:08:17,7,1,2,1,0
U001,28.612276809730435,77.20812645462935,2025-01-01 07:19:38,7,1,2,1,0
U001,28.611123716806446,77.20985705115606,2025-01-01 07:55:17,7,1,2,1,0
U001,28.636165523669607,77.21851997260485,2025-01-01 08:03:04,8,1,2,1,0
U001,28.630924067418757,77.21610860029791,2025-01-01 08:09:33,8,1,2,1,0
U001,28.63013217936261,77.21972776978055,2025-01-01 08:32:30,8,1,2,1,0
U001,28.6343868166988,77.21799377897486,2025-01-01 09:08:07,9,1,2,1,0
U001,28.627241391438925,77.21512736646748,2025-01-01 09:16:18,9,1,2,1,0
U001,28.62690584465782,77.21668533905549,2025-01-01 09:53:32,9,1,2,1,0
U001,28.628926862988145,77.21920380997318,2025-01-01 10:08:32,10,1,2,1,0
U001,28.63160335546734,77.21647260484558,2025-01-01 10:54:15,10,1,2,1,0
U001,28.631448852427702,77.21727321827012,2025-01-01 10:57:18,10,1,2,1,0
U001,28.634547773147187,77.21812024735166,2025-01-01 11:26:57,11,1,2,1,0
U001,28.63117084077741,77.2204610625441,2025-01-01 11:53:19,11,1,2,1,0
U001,28.63305140996583,77.21814538451356,2025-01-01 11:59:13,11,1,2,1,0
U001,28.62984619664398,77.21981215953407,2025-01-01 12:04:49,12,1,2,1,0
U001,28.63007292037636,77.21837554942655,2025-01-01 12:19:57,12,1,2,1,0
U001,28.626707473713104,77.22215569111466,2025-01-01 12:22:15,12,1,2,1,0
U001,28.629045118932652,77.21867418684779,2025-01-01 12:43:51,12,1,2,1,0
U001,28.62852972287833,77.21698838838168,2025-01-01 13:07:54,13,1,2,1,0
U001,28.625716886428105,77.21758871480147,2025-01-01 13:13:16,13,1,2,1,0
U001,28.630472975683983,77.21654652713373,2025-01-01 13:41:01,13,1,2,1,0
U001,28.62856239702701,77.21708107162601,2025-01-01 14:00:57,14,1,2,1,0
U001,28.630523919950654,77.21801254405636,2025-01-01 14:08:37,14,1,2,1,0
U001,28.63117500643826,77.22066112009998,2025-01-01 14:25:27,14,1,2,1,0
U001,28.62980012698642,77.21834981707215,2025-01-01 14:31:16,14,1,2,1,0
U001,28.63146640191173,77.22035036793305,2025-01-01 14:58:17,14,1,2,1,0
U001,28.62925377875433,77.21580162144811,2025-01-01 15:47:55,15,1,2,1,0
U001,28.63014425254263,77.21602964530248,2025-01-01 15:49:14,15,1,2,1,0
U001,28.62660330889476,77.22321045961021,2025-01-01 15:52:06,15,1,2,1,0
U001,28.628412201168903,77.21735565282329,2025-01-01 16:09:16,16,1,2,1,0
U001,28.634796878191903,77.22465363515239,2025-01-01 16:16:13,16,1,2,1,0
U001,28.6315117443867,77.21832180030619,2025-01-01 16:19:18,16,1,2,1,0
U001,28.631134718049164,77.22141859089214,2025-01-01 16:52:03,16,1,2,1,0
U001,28.63100612084728,77.21900175614547,2025-01-01 17:03:11,17,1,2,1,0
U001,28.63049083110075,77.2177001442097,2025-01-01 17:10:47,17,1,2,1,0
U001,28.630276488816467,77.22035740296596,2025-01-01 17:23:46,17,1,2,1,0
U001,28.63101609071993,77.21546145370507,2025-01-01 17:34:05,17,1,2,1,0
U001,28.628976120076278,77.21562421807728,2025-01-01 17:51:37,17,1,2,1,0
U001,28.6336250025612,77.21483624549393,2025-01-01 18:26:28,18,1,2,1,0
U001,28.629749050416063,77.21746943090793,2025-01-01 18:34:45,18,1,2,1,0
U001,28.63105808380252,77.2168731218524,2025-01-01 18:47:22,18,1,2,1,0
U001,28.633376470088898,77.2125082747184,2025-01-01 18:49:31,18,1,2,1,0
U001,28.627463749181263,77.21645317287124,2025-01-01 18:50:49,18,1,2,1,0
U001,28.614618614420635,77.23313916475101,2025-01-01 19:19:46,19,1,2,1,0
U001,28.608097262324097,77.22939559002734,2025-01-01 19:21:43,19,1,2,1,0
U001,28.608456832479497,77.23218962091006,2025-01-01 19:32:32,19,1,2,1,0
U001,28.611122811389443,77.23211774269537,2025-01-01 19:56:27,19,1,2,1,0
U001,28.60955927633417,77.23270754497445,2025-01-01 20:02:11,20,1,2,1,0
U001,28.607493904407324,77.23008104335706,2025-01-01 20:26:46,20,1,2,1,0
U001,28.611725465011933,77.22628818500235,2025-01-01 20:38:05,20,1,2,1,0
U001,28.608582914904844,77.23413201346669,2025-01-01 20:43:08,20,1,2,1,0
U001,28.6144921686777,77.2091401468089,2025-01-01 21:05:00,21,1,2,1,0
U001,28.61588469987247,77.21160591052053,2025-01-01 21:07:42,21,1,2,1,0
U001,28.60979942710395,77.20782521436746,2025-01-01 21:34:54,21,1,2,1,0
U001,28.612474130691783,77.2115253562825,2025-01-01 21:35:02,21,1,2,1,0
U001,28.615947681092248,77.20951104533184,2025-01-01 21:47:49,21,1,2,1,0
U001,28.61445675637968,77.21045192341292,2025-01-01 22:31:18,22,1,2,1,0
U001,28.61658634070196,77.20765164275248,2025-01-01 22:33:25,22,1,2,1,0
U001,28.61455424454425,77.2069106600529,2025-01-01 22:44:53,22,1,2,1,0
U001,28.61596746226949,77.20902797649583,2025-01-01 22:56:55,22,1,2,1,0
U001,28.61473869589781,77.20999999451236,2025-01-01 23:00:57,23,1,2,1,0
U001,28.610812592088276,77.20658819004507,2025-01-01 23:38:32,23,1,2,1,0
U001,28.616138054648594,77.20836147511038,2025-01-01 23:43:51,23,1,2,1,0
U001,28.61540825605292,77.21533566563944,2025-01-01 23:59:00,23,1,2,1,0
U001,28.61590441051311,77.2080381577621,2025-01-02 00:05:26,0,2,3,1,0
U001,28.61529685483793,77.2071430073612,2025-01-02 00:17:36,0,2,3,1,0
U001,28.61568228449365,77.20935099976913,2025-01-02 00:52:40,0,2,3,1,0
U001,28.6131930481769,77.20949082442833,2025-01-02 01:14:03,1,2,3,1,0
U001,28.61375214836982,77.21004341910158,2025-01-02 01:17:38,1,2,3,1,0
U001,28.61022066610488,77.20320709925845,2025-01-02 01:49:35,1,2,3,1,0
U001,28.612560611317097,77.20961103033152,2025-01-02 02:11:44,2,2,3,1,0
U001,28.61606787540963,77.20758712655538,2025-01-02 02:36:12,2,2,3,1,0
U001,28.615212426305536,77.21181038538266,2025-01-02 02:37:03,2,2,3,1,0
U001,28.612927222400007,77.2107112602395,2025-01-02 02:41:48,2,2,3,1,0
U001,28.61237725937662,77.20520714711265,2025-01-02 02:50:32,2,2,3,1,0
U001,28.61466577635023,77.21179433654387,2025-01-02 03:15:37,3,2,3,1,0
U001,28.61371148948772,77.20950136617913,2025-01-02 03:26:55,3,2,3,1,0
U001,28.616167663587685,77.208295644801,2025-01-02 03:32:17,3,2,3,1,0
U001,28.612088915437127,77.21018441934764,2025-01-02 03:46:10,3,2,3,1,0
U001,28.61399649167783,77.20922278475399,2025-01-02 03:54:27,3,2,3,1,0
U001,28.61384368157761,77.20968356026674,2025-01-02 04:18:36,4,2,3,1,0
U001,28.61752153756116,77.21106758832359,2025-01-02 04:24:54,4,2,3,1,0
U001,28.610690595347144,77.20727005961119,2025-01-02 04:25:09,4,2,3,1,0
U001,28.613043004632534,77.20840134728385,2025-01-02 05:05:33,5,2,3,1,0
U001,28.61961909035073,77.20949113681615,2025-01-02 05:11:25,5,2,3,1,0
U001,28.61332124448537,77.21081486969543,2025-01-02 05:35:38,5,2,3,1,0
U001,28.61740577627158,77.21130105226163,2025-01-02 06:10:25,6,2,3,1,0
U001,28.61374817925492,77.20854438269603,2025-01-02 06:44:32,6,2,3,1,0
U001,28.61353105152639,77.20958512016972,2025-01-02 06:47:51,6,2,3,1,0
U001,28.610782526735345,77.20842871927393,2025-01-02 06:50:28,6,2,3,1,0
U001,28.61244972903988,77.21013357226434,2025-01-02 06:53:15,6,2,3,1,0
U001,28.61253723565814,77.2101326413788,2025-01-02 07:04:58,7,2,3,1,0
U001,28.614081103386443,77.2088432497414,2025-01-02 07:08:41,7,2,3,1,0
U001,28.60977492900585,77.20824373899603,2025-01-02 07:14:35,7,2,3,1,0
U001,28.61120044952454,77.2065298867021,2025-01-02 07:25:49,7,2,3,1,0
U001,28.615263479501213,77.20759562328774,2025-01-02 07:40:12,7,2,3,1,0
U001,28.62511364860436,77.21266478991375,2025-01-02 08:08:49,8,2,3,1,0
U001,28.624427623105568,77.20859903080638,2025-01-02 08:10:11,8,2,3,1,0
U001,28.620836404271508,77.21374375607265,2025-01-02 08:17:00,8,2,3,1,0
U001,28.623349302764854,77.2091985999521,2025-01-02 08:45:18,8,2,3,1,0
U001,28.62130157363923,77.21613960316616,2025-01-02 08:59:38,8,2,3,1,0
U001,28.63534482954256,77.21748837822233,2025-01-02 09:19:28,9,2,3,1,0
U001,28.630038280203944,77.21816216422629,2025-01-02 09:33:38,9,2,3,1,0
U001,28.63176724151876,77.21849442717475,2025-01-02 09:43:21,9,2,3,1,0
U001,28.627949687414144,77.2175849735921,2025-01-02 10:20:40,10,2,3,1,0
U001,28.630159479477197,77.21671633950899,2025-01-02 10:23:00,10,2,3,1,0
U001,28.630536433729404,77.21565775070763,2025-01-02 10:35:01,10,2,3,1,0
U001,28.627213606052287,77.21542428880441,2025-01-02 10:54:17,10,2,3,1,0
U001,28.627609232723355,77.21571365270643,2025-01-02 11:04:06,11,2,3,1,0
U001,28.630841358084854,77.21431775078763,2025-01-02 11:24:16,11,2,3,1,0
U001,28.629594711450807,77.21476113547928,2025-01-02 11:30:42,11,2,3,1,0
U001,28.62990405358232,77.21841382773518,2025-01-02 11:48:36,11,2,3,1,0
U001,28.63109115615878,77.22275469610616,2025-01-02 12:39:24,12,2,3,1,0
U001,28.632011810570607,77.21817933678763,2025-01-02 12:44:29,12,2,3,1,0
U001,28.629326631500984,77.22006858768522,2025-01-02 12:46:19,12,2,3,1,0
U001,28.63174378978016,77.21959457202185,2025-01-02 12:58:13,12,2,3,1,0
U001,28.627502172616666,77.21545250681575,2025-01-02 12:58:57,12,2,3,1,0
U001,28.630482613060774,77.21839191443193,2025-01-02 13:06:36,13,2,3,1,0
U001,28.631366484040655,77.215842047886,2025-01-02 13:14:02,13,2,3,1,0
U001,28.63099961539849,77.2161764813128,2025-01-02 13:44:43,13,2,3,1,0
U001,28.63144493526494,77.21581158006741,2025-01-02 13:55:39,13,2,3,1,0
U001,28.63453116706661,77.22423762357708,2025-01-02 14:01:15,14,2,3,1,0
U001,28.629734163262608,77.21708619133449,2025-01-02 14:14:53,14,2,3,1,0
U001,28.629641692688026,77.22021021788207,2025-01-02 14:40:31,14,2,3,1,0
U001,28.635515066348795,77.21812850633073,2025-01-02 15:26:42,15,2,3,1,0
U001,28.631269428584776,77.21848683968192,2025-01-02 15:32:52,15,2,3,1,0
U001,28.63127299646784,77.21524432575193,2025-01-02 15:46:24,15,2,3,1,0
U001,28.62983360155252,77.21474030398245,2025-01-02 16:04:56,16,2,3,1,0
U001,28.6300525138042,77.22102754678845,2025-01-02 16:23:29,16,2,3,1,0
U001,28.63088649976922,77.21637629637962,2025-01-02 16:54:04,16,2,3,1,0
U001,28.63122941930753,77.21680063719994,2025-01-02 17:23:13,17,2,3,1,0
U001,28.63099948139068,77.22178851634324,2025-01-02 17:51:14,17,2,3,1,0
U001,28.629692939083565,77.21753149101761,2025-01-02 17:57:44,17,2,3,1,0
U001,28.63098428533036,77.21616860167357,2025-01-02 17:59:43,17,2,3,1,0
U001,28.63240446482731,77.21923403320334,2025-01-02 18:33:14,18,2,3,1,0
U001,28.62940755138014,77.21660795333041,2025-01-02 18:47:56,18,2,3,1,0
U001,28.6297745863436,77.21712102038897,2025-01-02 18:59:10,18,2,3,1,0
U001,28.619213063791324,77.21213029723704,2025-01-02 19:44:06,19,2,3,1,0
U001,28.62395200525344,77.2090879350482,2025-01-02 19:46:30,19,2,3,1,0
U001,28.62405446730688,77.2115784327206,2025-01-02 19:51:06,19,2,3,1,0
U001,28.624404580061835,77.21285357071832,2025-01-02 19:59:26,19,2,3,1,0
U001,28.61118836924164,77.22939181683844,2025-01-02 20:06:16,20,2,3,1,0
U001,28.611185286279948,77.22997501816597,2025-01-02 20:12:57,20,2,3,1,0
U001,28.60996881648551,77.22945633057745,2025-01-02 20:18:17,20,2,3,1,0
U001,28.61182350753515,77.22631305574403,2025-01-02 20:29:27,20,2,3,1,0
U001,28.611211573767683,77.22756806161806,2025-01-02 21:05:00,21,2,3,1,0
U001,28.60976056964404,77.23035485533009,2025-01-02 21:11:08,21,2,3,1,0
U001,28.6085695568498,77.23057217645079,2025-01-02 21:14:54,21,2,3,1,0
U001,28.61188447106458,77.22838065680432,2025-01-02 21:42:36,21,2,3,1,0
U001,28.613350794916418,77.23064803224806,2025-01-02 21:54:28,21,2,3,1,0
U001,28.613929415923074,77.20823125287865,2025-01-02 22:00:52,22,2,3,1,0
U001,28.61499340206664,77.2097565045672,2025-01-02 22:27:43,22,2,3,1,0
U001,28.61776574491275,77.21146008971142,2025-01-02 22:46:32,22,2,3,1,0
U001,28.61527823340933,77.21018620085303,2025-01-02 22:48:17,22,2,3,1,0
U001,28.61851153305209,77.21032450521447,2025-01-02 22:50:29,22,2,3,1,0
U001,28.61392591589167,77.2094360402812,2025-01-02 23:07:52,23,2,3,1,0
U001,28.617933652724933,77.21217098823145,2025-01-02 23:39:42,23,2,3,1,0
U001,28.61404670196244,77.20802423582211,2025-01-02 23:51:01,23,2,3,1,0
U001,28.613803813284047,77.2111685996634,2025-01-03 00:07:58,0,3,4,1,0
U001,28.61618065916145,77.21120877243209,2025-01-03 00:11:01,0,3,4,1,0
U001,28.613568461181128,77.20736241337285,2025-01-03 00:24:31,0,3,4,1,0
U001,28.61455404125661,77.20601332487803,2025-01-03 00:26:35,0,3,4,1,0
U001,28.614249062517995,77.20906203244064,2025-01-03 00:34:34,0,3,4,1,0
U001,28.61461873050726,77.2097910512234,2025-01-03 01:15:36,1,3,4,1,0
U001,28.612736357918926,77.2095770405912,2025-01-03 01:25:21,1,3,4,1,0
U001,28.61452621928911,77.20638827996892,2025-01-03 01:31:38,1,3,4,1,0
U001,28.613621380935346,77.20637833320475,2025-01-03 01:36:31,1,3,4,1,0
U001,28.613491118324497,77.20783072784823,2025-01-03 01:43:08,1,3,4,1,0
U001,28.614838291049274,77.21270032367362,2025-01-03 02:05:43,2,3,4,1,0
U001,28.612134490725715,77.20578423634599,2025-01-03 02:15:10,2,3,4,1,0
U001,28.61190757900478,77.20663324084317,2025-01-03 02:26:06,2,3,4,1,0
U001,28.61398055141781,77.20869357842096,2025-01-03 02:52:43,2,3,4,1,0
U001,28.613097185681323,77.21355263781005,2025-01-03 03:05:00,3,3,4,1,0
U001,28.613680664199503,77.20930810385032,2025-01-03 03:12:58,3,3,4,1,0
U001,28.6125793346656,77.21145014368692,2025-01-03 03:19:00,3,3,4,1,0
U001,28.61575068275677,77.20746241695063,2025-01-03 03:22:36,3,3,4,1,0
U001,28.614102025314704,77.20733169650735,2025-01-03 04:11:05,4,3,4,1,0
U001,28.615061945750423,77.20728817870064,2025-01-03 04:18:40,4,3,4,1,0
U001,28.613925600943983,77.20961613936859,2025-01-03 04:20:22,4,3,4,1,0
U001,28.613290713313763,77.2081243113462,2025-01-03 04:28:11,4,3,4,1,0
U001,28.61388303501155,77.20869570428954,2025-01-03 05:02:39,5,3,4,1,0
U001,28.61532711655238,77.20912413899364,2025-01-03 05:15:07,5,3,4,1,0
U001,28.614487073002177,77.21146648296379,2025-01-03 05:29:18,5,3,4,1,0
U001,28.61092091266909,77.20978723973381,2025-01-03 05:45:36,5,3,4,1,0
U001,28.61294746159908,77.21215411385643,2025-01-03 06:01:45,6,3,4,1,0
U001,28.61216730474046,77.20678979882905,2025-01-03 06:27:09,6,3,4,1,0
U001,28.61459910856359,77.20918398084432,2025-01-03 06:44:17,6,3,4,1,0
U001,28.61305554092133,77.2090797773919,2025-01-03 06:44:36,6,3,4,1,0
U001,28.608684863425363,77.20544779307899,2025-01-03 06:56:17,6,3,4,1,0
U001,28.61270557807796,77.21089559559375,2025-01-03 07:06:38,7,3,4,1,0
U001,28.611397066823223,77.21037611497587,2025-01-03 07:24:07,7,3,4,1,0
U001,28.612152970236348,77.2077797020226,2025-01-03 07:53:42,7,3,4,1,0
U001,28.621743947795697,77.21794960992526,2025-01-03 08:04:52,8,3,4,1,0
U001,28.6197480692561,77.21316659539623,2025-01-03 08:08:09,8,3,4,1,0
U001,28.625323831074013,77.21783684154288,2025-01-03 08:21:07,8,3,4,1,0
U001,28.621671871535337,77.21350585647117,2025-01-03 08:27:31,8,3,4,1,0
U001,28.621643996284167,77.21197000992669,2025-01-03 08:43:14,8,3,4,1,0
U001,28.63276397497606,77.21900885393184,2025-01-03 09:01:22,9,3,4,1,0
U001,28.629745258287876,77.21831819038758,2025-01-03 09:07:04,9,3,4,1,0
U001,28.63594255047253,77.21769525579082,2025-01-03 09:09:54,9,3,4,1,0
U001,28.621245064732697,77.21337532604278,2025-01-03 09:27:49,9,3,4,1,0
U001,28.627292751878954,77.21579650468964,2025-01-03 09:59:49,9,3,4,1,0
U001,28.62875726861237,77.21739205646146,2025-01-03 10:17:37,10,3,4,1,0
U001,28.63060166742176,77.21615726493741,2025-01-03 10:38:46,10,3,4,1,0
U001,28.631527958150937,77.21587184241626,2025-01-03 10:47:37,10,3,4,1,0
U001,28.630466912342023,77.21715329380928,2025-01-03 10:52:03,10,3,4,1,0
U001,28.630801212482,77.21898605068876,2025-01-03 11:27:36,11,3,4,1,0
U001,28.62720371463688,77.21870120689128,2025-01-03 11:43:42,11,3,4,1,0
U001,28.629556631308464,77.21635451580173,2025-01-03 11:50:44,11,3,4,1,0
U001,28.62862443374937,77.21811856915288,2025-01-03 11:57:58,11,3,4,1,0
U001,28.635273611274656,77.22127109306976,2025-01-03 12:10:17,12,3,4,1,0
U001,28.63210067233372,77.21855195199872,2025-01-03 12:19:39,12,3,4,1,0
U001,28.632009492414745,77.21795434164447,2025-01-03 12:23:23,12,3,4,1,0
U001,28.63040569946643,77.21834778707166,2025-01-03 12:41:24,12,3,4,1,0
U001,28.630289089189496,77.2163355905037,2025-01-03 12:43:53,12,3,4,1,0
U001,28.630014697682743,77.21722608399462,2025-01-03 13:11:53,13,3,4,1,0
U001,28.62955369210194,77.21263706002169,2025-01-03 13:17:56,13,3,4,1,0
U001,28.626353221914982,77.21514482394971,2025-01-03 13:19:47,13,3,4,1,0
U001,28.63270097089012,77.22031370426494,2025-01-03 13:32:43,13,3,4,1,0
U001,28.63112045592323,77.21863423613007,2025-01-03 13:40:16,13,3,4,1,0
U001,28.631514261935976,77.21648753982257,2025-01-03 14:31:23,14,3,4,1,0
U001,28.62918608657195,77.21945344991438,2025-01-03 14:42:51,14,3,4,1,0
U001,28.63207075927827,77.21889842205553,2025-01-03 14:50:50,14,3,4,1,0
U001,28.626966388148908,77.2171357244291,2025-01-03 15:20:18,15,3,4,1,0
U001,28.62954472508371,77.21856312020606,2025-01-03 15:37:47,15,3,4,1,0
U001,28.63059680219112,77.21843954165954,2025-01-03 15:45:35,15,3,4,1,0
U001,28.62768810375056,77.2205983557734,2025-01-03 15:50:13,15,3,4,1,0
U001,28.627845972586208,77.21833449638095,2025-01-03 16:06:23,16,3,4,1,0
U001,28.630120161136563,77.21611576535945,2025-01-03 16:08:49,16,3,4,1,0
U001,28.62969239186431,77.21945515671673,2025-01-03 16:21:24,16,3,4,1,0
U001,28.62910076932439,77.2182514938692,2025-01-03 16:34:09,16,3,4,1,0
U001,28.62827141542781,77.21860079313173,2025-01-03 17:08:13,17,3,4,1,0
U001,28.634264748410587,77.21835633798396,2025-01-03 17:25:23,17,3,4,1,0
U001,28.630552635324182,77.21797214541857,2025-01-03 17:37:55,17,3,4,1,0
U001,28.630417721438285,77.21935623807835,2025-01-03 18:09:24,18,3,4,1,0
U001,28.63106634549976,77.21629291610975,2025-01-03 18:10:25,18,3,4,1,0
U001,28.63383111634093,77.22082208303112,2025-01-03 18:41:42,18,3,4,1,0
U001,28.63381800614372,77.22210161196914,2025-01-03 18:47:38,18,3,4,1,0
U001,28.625104949558484,77.21240834500738,2025-01-03 19:44:15,19,3,4,1,0
U001,28.625427122507,77.21546228765942,2025-01-03 19:47:40,19,3,4,1,0
U001,28.619289861315977,77.21275318123674,2025-01-03 19:49:13,19,3,4,1,0
U001,28.613450722013614,77.20834098406105,2025-01-03 20:05:25,20,3,4,1,0
U001,28.6144890283148,77.20900406607556,2025-01-03 20:18:31,20,3,4,1,0
U001,28.61354176506223,77.2059192611857,2025-01-03 20:44:48,20,3,4,1,0
U001,28.613960008410796,77.20885686695163,2025-01-03 21:32:32,21,3,4,1,0
U001,28.609391865731936,77.20511002102398,2025-01-03 21:44:31,21,3,4,1,0
U001,28.617369080622,77.20858588746042,2025-01-03 21:49:32,21,3,4,1,0
U001,28.61542526035588,77.20927250763532,2025-01-03 22:20:10,22,3,4,1,0
U001,28.61333575570957,77.20860452306891,2025-01-03 22:27:11,22,3,4,1,0
U001,28.615557896723388,77.2101365377287,2025-01-03 22:37:12,22,3,4,1,0
U001,28.613102953500128,77.2099905775287,2025-01-03 22:41:58,22,3,4,1,0
U001,28.61772987772177,77.20262740228802,2025-01-03 22:55:23,22,3,4,1,0
U001,28.61374134225546,77.2060078555097,2025-01-03 23:01:36,23,3,4,1,0
U001,28.612430013382404,77.20655924433005,2025-01-03 23:33:27,23,3,4,1,0
U001,28.61901501527885,77.21275024303742,2025-01-03 23:44:00,23,3,4,1,0
U001,28.61388610879549,77.20720281404134,2025-01-04 00:16:37,0,4,5,1,1
U001,28.61121271307297,77.21073934490698,2025-01-04 00:23:44,0,4,5,1,1
U001,28.615269404638298,77.20868502384172,2025-01-04 00:40:35,0,4,5,1,1
U001,28.61210312796442,77.20833943178377,2025-01-04 01:01:12,1,4,5,1,1
U001,28.613396509605703,77.2104715490726,2025-01-04 01:05:27,1,4,5,1,1
U001,28.611275476755047,77.2070197818213,2025-01-04 01:20:12,1,4,5,1,1
U001,28.616839730306268,77.2093833229794,2025-01-04 01:20:21,1,4,5,1,1
U001,28.61297912248532,77.20804564737922,2025-01-04 01:31:10,1,4,5,1,1
U001,28.617006173289397,77.20998916701372,2025-01-04 02:06:11,2,4,5,1,1
U001,28.61078512418705,77.20734499884242,2025-01-04 02:12:44,2,4,5,1,1
U001,28.612029500492845,77.20204885227595,2025-01-04 02:36:24,2,4,5,1,1
U001,28.61456577408477,77.20992596272298,2025-01-04 02:51:08,2,4,5,1,1
U001,28.61510200389125,77.20783331213181,2025-01-04 02:59:27,2,4,5,1,1
U001,28.614028523985084,77.20822086028319,2025-01-04 03:40:24,3,4,5,1,1
U001,28.614701538454398,77.20986848635333,2025-01-04 03:47:34,3,4,5,1,1
U001,28.611051962470217,77.21076666291124,2025-01-04 03:48:55,3,4,5,1,1
U001,28.61407282278507,77.20965330792703,2025-01-04 03:48:57,3,4,5,1,1
U001,28.611310829202537,77.21335347003495,2025-01-04 03:58:06,3,4,5,1,1
U001,28.615350348982403,77.2081850306928,2025-01-04 04:20:29,4,4,5,1,1
U001,28.617041366772828,77.20812920944418,2025-01-04 04:27:57,4,4,5,1,1
U001,28.612264963551876,77.20758339198944,2025-01-04 04:34:22,4,4,5,1,1
U001,28.61255237978609,77.21006719318981,2025-01-04 04:43:44,4,4,5,1,1
U001,28.617389398106525,77.21229047106046,2025-01-04 04:45:10,4,4,5,1,1
U001,28.608736983870813,77.21104007870484,2025-01-04 05:20:43,5,4,5,1,1
U001,28.610638870094693,77.20894287667984,2025-01-04 05:27:00,5,4,5,1,1
U001,28.614732385078145,77.20850100325596,2025-01-04 05:36:02,5,4,5,1,1
U001,28.612229847290354,77.2090625511568,2025-01-04 05:50:23,5,4,5,1,1
U001,28.61113849465636,77.21241690248492,2025-01-04 06:22:14,6,4,5,1,1
U001,28.6131832239172,77.20835584132921,2025-01-04 06:22:50,6,4,5,1,1
U001,28.612451804398347,77.20908023179248,2025-01-04 06:29:46,6,4,5,1,1
U001,28.61564032609408,77.20575677562107,2025-01-04 06:33:08,6,4,5,1,1
U001,28.61473649497222,77.21002657711719,2025-01-04 06:51:34,6,4,5,1,1
U001,28.610881280339417,77.21141979163625,2025-01-04 07:03:01,7,4,5,1,1
U001,28.614835857019685,77.21203901879528,2025-01-04 07:13:49,7,4,5,1,1
U001,28.61384951242984,77.20545330094191,2025-01-04 07:34:09,7,4,5,1,1
U001,28.611695533321143,77.21050309089028,2025-01-04 07:56:21,7,4,5,1,1
U001,28.621765637845645,77.19474797362336,2025-01-04 08:02:34,8,4,5,1,1
U001,28.629638233409768,77.19616873526218,2025-01-04 08:11:11,8,4,5,1,1
U001,28.62311848696796,77.1965344997823,2025-01-04 08:27:33,8,4,5,1,1
U001,28.62433768793636,77.19370182453186,2025-01-04 09:08:25,9,4,5,1,1
U001,28.6240739235188,77.19615832096734,2025-01-04 09:28:56,9,4,5,1,1
U001,28.62571531432252,77.19335648857408,2025-01-04 09:31:53,9,4,5,1,1
U001,28.62444533655476,77.19293008901906,2025-01-04 09:34:38,9,4,5,1,1
U001,28.62446466775823,77.1942036151938,2025-01-04 10:03:04,10,4,5,1,1
U001,28.62864443117905,77.19841677309813,2025-01-04 10:03:30,10,4,5,1,1
U001,28.62618200850276,77.19404610207314,2025-01-04 10:07:16,10,4,5,1,1
U001,28.62709604351061,77.19602348608518,2025-01-04 10:17:07,10,4,5,1,1
U001,28.627370503340256,77.19395586064563,2025-01-04 10:54:58,10,4,5,1,1
U001,28.598540081799342,77.20545199004256,2025-01-04 11:11:23,11,4,5,1,1
U001,28.6005114770332,77.20578022722087,2025-01-04 11:21:55,11,4,5,1,1
U001,28.60388779139168,77.20823461402776,2025-01-04 11:23:32,11,4,5,1,1
U001,28.60397285210308,77.20354101038016,2025-01-04 11:43:26,11,4,5,1,1
U001,28.599682182984264,77.2016180184359,2025-01-04 11:45:28,11,4,5,1,1
U001,28.60166403045885,77.20449608551534,2025-01-04 12:09:50,12,4,5,1,1
U001,28.60326793360009,77.20410466536185,2025-01-04 12:12:39,12,4,5,1,1
U001,28.59924438348472,77.2059039926268,2025-01-04 12:56:20,12,4,5,1,1
U001,28.60299820914045,77.20633886125572,2025-01-04 13:07:20,13,4,5,1,1
U001,28.59998188689539,77.20605696078069,2025-01-04 13:21:53,13,4,5,1,1
U001,28.59656864346736,77.20775951373679,2025-01-04 13:30:47,13,4,5,1,1
U001,28.597756635421025,77.20532502235845,2025-01-04 14:13:45,14,4,5,1,1
U001,28.60175568783141,77.20436195047753,2025-01-04 14:19:47,14,4,5,1,1
U001,28.597953711526973,77.20685092698197,2025-01-04 14:22:36,14,4,5,1,1
U001,28.599490458664214,77.205950253552,2025-01-04 14:56:50,14,4,5,1,1
U001,28.63438826116844,77.22263175825572,2025-01-04 15:01:29,15,4,5,1,1
U001,28.640643940254066,77.2301636366804,2025-01-04 15:14:13,15,4,5,1,1
U001,28.6406760465446,77.22239270721478,2025-01-04 15:30:28,15,4,5,1,1
U001,28.639361639477983,77.22599985839301,2025-01-04 16:28:29,16,4,5,1,1
U001,28.64394502646206,77.22578957041083,2025-01-04 16:38:11,16,4,5,1,1
U001,28.643595784353348,77.22472009310938,2025-01-04 16:53:42,16,4,5,1,1
U001,28.639543008197872,77.22460999356613,2025-01-04 17:22:36,17,4,5,1,1
U001,28.64026192468828,77.22769147199205,2025-01-04 17:31:12,17,4,5,1,1
U001,28.638933577249816,77.22965642282765,2025-01-04 17:33:06,17,4,5,1,1
U001,28.637415353164585,77.22226694208848,2025-01-04 17:37:47,17,4,5,1,1
U001,28.63766331296756,77.22625818722118,2025-01-04 17:46:39,17,4,5,1,1
U001,28.639961586271813,77.22394583213702,2025-01-04 18:10:22,18,4,5,1,1
U001,28.63855168767531,77.22542347496218,2025-01-04 18:16:48,18,4,5,1,1
U001,28.64086198439243,77.22703152115429,2025-01-04 18:17:19,18,4,5,1,1
U001,28.637566637448263,77.2255819640004,2025-01-04 18:31:49,18,4,5,1,1
U001,28.614672545583502,77.21026228799856,2025-01-04 19:11:16,19,4,5,1,1
U001,28.61448702329588,77.20862368616949,2025-01-04 19:16:14,19,4,5,1,1
U001,28.613831612410237,77.21216702554274,2025-01-04 19:20:23,19,4,5,1,1
U001,28.610941438235265,77.20758193130096,2025-01-04 19:34:44,19,4,5,1,1
U001,28.614231754619784,77.20787221386698,2025-01-04 19:51:21,19,4,5,1,1
U001,28.615970007298387,77.20654329861341,2025-01-04 20:04:29,20,4,5,1,1
U001,28.61061904487573,77.20188528027425,2025-01-04 20:29:37,20,4,5,1,1
U001,28.612773572238723,77.21186310027387,2025-01-04 20:38:26,20,4,5,1,1
U001,28.611284383568453,77.20975634826178,2025-01-04 20:53:44,20,4,5,1,1
U001,28.616121625121632,77.20861449788111,2025-01-04 21:07:23,21,4,5,1,1
U001,28.615052653714518,77.20982708977083,2025-01-04 21:25:20,21,4,5,1,1
U001,28.61322253206749,77.21118099278193,2025-01-04 21:46:58,21,4,5,1,1
U001,28.615069000744867,77.20636725794152,2025-01-04 21:59:06,21,4,5,1,1
U001,28.61506275760657,77.21021940557596,2025-01-04 22:03:00,22,4,5,1,1
U001,28.612906335817385,77.20525907032108,2025-01-04 22:11:44,22,4,5,1,1
U001,28.61427237445609,77.20682688435582,2025-01-04 22:40:57,22,4,5,1,1
U001,28.610903667473742,77.20904744127994,2025-01-04 23:33:15,23,4,5,1,1
U001,28.61386849463081,77.20546054542483,2025-01-04 23:46:45,23,4,5,1,1
U001,28.612899274039595,77.2071658880096,2025-01-04 23:59:48,23,4,5,1,1
U001,28.61242040142059,77.20831573418971,2025-01-05 00:09:21,0,5,6,1,1
U001,28.615401101800504,77.20880690722156,2025-01-05 00:21:58,0,5,6,1,1
U001,28.613451689421805,77.20711849113533,2025-01-05 00:26:28,0,5,6,1,1
U001,28.613739754791712,77.20682397675448,2025-01-05 00:43:47,0,5,6,1,1
U001,28.61662674348462,77.21204414820694,2025-01-05 01:24:58,1,5,6,1,1
U001,28.615932564624877,77.20976039141061,2025-01-05 01:43:07,1,5,6,1,1
U001,28.61434030603654,77.21191156145035,2025-01-05 01:58:09,1,5,6,1,1
U001,28.612882095533163,77.20976440532604,2025-01-05 02:11:46,2,5,6,1,1
U001,28.611128783721984,77.20950529855511,2025-01-05 02:30:23,2,5,6,1,1
U001,28.614026352557307,77.20790995569907,2025-01-05 02:36:16,2,5,6,1,1
U001,28.615593451206625,77.21161291665841,2025-01-05 03:02:05,3,5,6,1,1
U001,28.6078948573176,77.21307409527768,2025-01-05 03:09:23,3,5,6,1,1
U001,28.61074311080808,77.20685006918016,2025-01-05 03:55:30,3,5,6,1,1
U001,28.613915784959268,77.20861160065809,2025-01-05 04:06:42,4,5,6,1,1
U001,28.614297787572077,77.21052403576736,2025-01-05 04:32:44,4,5,6,1,1
U001,28.607833806833344,77.21062929063778,2025-01-05 04:59:43,4,5,6,1,1
U001,28.616248950793665,77.20864118126286,2025-01-05 05:14:18,5,5,6,1,1
U001,28.617287199600973,77.21042711090496,2025-01-05 05:30:49,5,5,6,1,1
U001,28.614202895892703,77.21462112381104,2025-01-05 05:40:26,5,5,6,1,1
U001,28.610707746776463,77.20979130050291,2025-01-05 05:47:17,5,5,6,1,1
U001,28.61789428054617,77.21164626425498,2025-01-05 05:57:23,5,5,6,1,1
U001,28.61390371840279,77.20952438148352,2025-01-05 06:13:05,6,5,6,1,1
U001,28.613190823715826,77.2052072792013,2025-01-05 06:17:38,6,5,6,1,1
U001,28.611003605081677,77.20924490491387,2025-01-05 06:30:46,6,5,6,1,1
U001,28.60997169721299,77.21140441492868,2025-01-05 06:46:17,6,5,6,1,1
U001,28.6106310498356,77.21007357746431,2025-01-05 07:03:13,7,5,6,1,1
U001,28.6137233364243,77.21009082183255,2025-01-05 07:33:48,7,5,6,1,1
U001,28.612625490126057,77.21027592541631,2025-01-05 07:42:18,7,5,6,1,1
U001,28.61113161283876,77.20932441200593,2025-01-05 07:44:24,7,5,6,1,1
U001,28.61352747318309,77.20568397294403,2025-01-05 07:51:51,7,5,6,1,1
U001,28.61237736497875,77.20303553631412,2025-01-05 08:18:11,8,5,6,1,1
U001,28.614230359709197,77.20356786966447,2025-01-05 08:20:56,8,5,6,1,1
U001,28.614949769416462,77.20668264321723,2025-01-05 08:40:54,8,5,6,1,1
U001,28.61301043834655,77.20950969472035,2025-01-05 08:55:31,8,5,6,1,1
U001,28.61245627366751,77.2091804817999,2025-01-05 08:58:34,8,5,6,1,1
U001,28.61642691908509,77.2104814425238,2025-01-05 09:05:11,9,5,6,1,1
U001,28.612564324515105,77.20918491812269,2025-01-05 09:07:01,9,5,6,1,1
U001,28.61381948150265,77.20844016366439,2025-01-05 09:07:02,9,5,6,1,1
U001,28.625275538281933,77.19403832145423,2025-01-05 10:04:10,10,5,6,1,1
U001,28.62541561923244,77.19434873391334,2025-01-05 10:38:50,10,5,6,1,1
U001,28.621658427735625,77.19670982733172,2025-01-05 10:45:14,10,5,6,1,1
U001,28.62675226274057,77.19237850628812,2025-01-05 10:56:42,10,5,6,1,1
U001,28.623256892492204,77.19349784754526,2025-01-05 11:12:26,11,5,6,1,1
U001,28.623334350189023,77.19389881073126,2025-01-05 11:17:09,11,5,6,1,1
U001,28.623613073077767,77.1948097591879,2025-01-05 11:37:33,11,5,6,1,1
U001,28.623572169431203,77.19937109561236,2025-01-05 11:40:25,11,5,6,1,1
U001,28.62856840840259,77.19973224903792,2025-01-05 11:41:14,11,5,6,1,1
U001,28.623859080726653,77.19518203178134,2025-01-05 12:46:13,12,5,6,1,1
U001,28.622705717983266,77.19799176252964,2025-01-05 12:55:29,12,5,6,1,1
U001,28.627237558057303,77.19559344894584,2025-01-05 12:57:27,12,5,6,1,1
U001,28.59806213304319,77.2063552653201,2025-01-05 13:04:24,13,5,6,1,1
U001,28.599989310723377,77.20537031709203,2025-01-05 13:28:25,13,5,6,1,1
U001,28.595638648569302,77.20582610857002,2025-01-05 13:30:32,13,5,6,1,1
U001,28.5990879174305,77.20520562609269,2025-01-05 14:11:19,14,5,6,1,1
U001,28.59922694045316,77.20422312540427,2025-01-05 14:21:45,14,5,6,1,1
U001,28.598801332246065,77.2048925658361,2025-01-05 14:58:09,14,5,6,1,1
U001,28.60007940036795,77.20692179088284,2025-01-05 15:13:14,15,5,6,1,1
U001,28.600426672109403,77.20498890971167,2025-01-05 15:54:21,15,5,6,1,1
U001,28.60141634329562,77.20698830355536,2025-01-05 15:59:40,15,5,6,1,1
U001,28.62571577934371,77.21940958403853,2025-01-05 16:06:31,16,5,6,1,1
U001,28.6286005447201,77.21907835879844,2025-01-05 16:19:12,16,5,6,1,1
U001,28.627967048205228,77.21707113703124,2025-01-05 16:56:25,16,5,6,1,1
U001,28.63942601634383,77.22827981674493,2025-01-05 17:16:10,17,5,6,1,1
U001,28.6360996822006,77.22506258035284,2025-01-05 17:20:31,17,5,6,1,1
U001,28.640018994866832,77.22651978463857,2025-01-05 17:30:47,17,5,6,1,1
U001,28.64071038700725,77.22599145576548,2025-01-05 17:47:56,17,5,6,1,1
U001,28.641102300857323,77.22577923362769,2025-01-05 18:15:38,18,5,6,1,1
U001,28.640413346902548,77.22445047845174,2025-01-05 18:27:47,18,5,6,1,1
U001,28.63792676587892,77.22770001992654,2025-01-05 18:31:35,18,5,6,1,1
U001,28.64128877001881,77.22548572505232,2025-01-05 18:55:34,18,5,6,1,1
U001,28.640816041227136,77.22420843275884,2025-01-05 18:59:32,18,5,6,1,1
U001,28.639194397331277,77.2251789066008,2025-01-05 19:18:43,19,5,6,1,1
U001,28.637701715103,77.22105234296009,2025-01-05 19:32:08,19,5,6,1,1
U001,28.64279873693915,77.22180706496185,2025-01-05 19:43:33,19,5,6,1,1
U001,28.641255640703204,77.22419096300081,2025-01-05 19:54:19,19,5,6,1,1
U001,28.637627820381063,77.22544526894691,2025-01-05 20:19:25,20,5,6,1,1
U001,28.642396057826044,77.22316835429969,2025-01-05 20:31:47,20,5,6,1,1
U001,28.639575628373112,77.22407357572904,2025-01-05 20:37:35,20,5,6,1,1
U001,28.61407962761026,77.20842713634141,2025-01-05 21:12:30,21,5,6,1,1
U001,28.613550578798066,77.21066373123345,2025-01-05 21:24:25,21,5,6,1,1
U001,28.6123050416104,77.20817775370071,2025-01-05 21:27:09,21,5,6,1,1
U001,28.615303605875614,77.21051934239316,2025-01-05 21:57:11,21,5,6,1,1
U001,28.60724968415048,77.20765570389118,2025-01-05 22:04:50,22,5,6,1,1
U001,28.61110147980019,77.2113831013713,2025-01-05 22:32:18,22,5,6,1,1
U001,28.61178029439018,77.20741875409183,2025-01-05 22:38:33,22,5,6,1,1
U001,28.61678837185564,77.20885902869215,2025-01-05 22:42:43,22,5,6,1,1
U001,28.6132738965093,77.20766091647602,2025-01-05 22:58:10,22,5,6,1,1
U001,28.61110876799666,77.20920765726059,2025-01-05 23:12:46,23,5,6,1,1
U001,28.612844613241112,77.2039886002848,2025-01-05 23:14:05,23,5,6,1,1
U001,28.61238096724489,77.21248883427508,2025-01-05 23:41:39,23,5,6,1,1
U001,28.613814256130123,77.20600767286386,2025-01-05 23:44:05,23,5,6,1,1
U001,28.61181803936705,77.2108452881794,2025-01-06 00:20:01,0,6,0,1,0
U001,28.613753029338987,77.20828606332077,2025-01-06 00:29:07,0,6,0,1,0
U001,28.612586499253485,77.20936828718503,2025-01-06 00:50:47,0,6,0,1,0
U001,28.61356313153385,77.20795230601266,2025-01-06 00:57:40,0,6,0,1,0
U001,28.61468053596336,77.20927253445512,2025-01-06 01:24:00,1,6,0,1,0
U001,28.613275870315253,77.20921304445115,2025-01-06 01:41:24,1,6,0,1,0
U001,28.61528416328059,77.20559617517372,2025-01-06 01:41:36,1,6,0,1,0
U001,28.612487611934128,77.20661722074261,2025-01-06 02:22:37,2,6,0,1,0
U001,28.614527300992915,77.21161353383144,2025-01-06 02:30:05,2,6,0,1,0
U001,28.612648273087004,77.20715577996525,2025-01-06 02:45:15,2,6,0,1,0
U001,28.614403061238026,77.20884843790918,2025-01-06 02:46:14,2,6,0,1,0
U001,28.612289765096,77.20840613011998,2025-01-06 02:48:00,2,6,0,1,0
U001,28.61572149118359,77.20897180903323,2025-01-06 03:00:28,3,6,0,1,0
U001,28.61618723572221,77.21020380773986,2025-01-06 03:11:00,3,6,0,1,0
U001,28.61393946269449,77.20687638330678,2025-01-06 03:32:24,3,6,0,1,0
U001,28.61385435671673,77.2079268174825,2025-01-06 03:43:55,3,6,0,1,0
U001,28.61188442029698,77.21061080660456,2025-01-06 03:57:32,3,6,0,1,0
U001,28.616180173279812,77.2067263637128,2025-01-06 04:11:33,4,6,0,1,0
U001,28.615067176331387,77.21238894248941,2025-01-06 04:12:21,4,6,0,1,0
U001,28.610109716321247,77.21045541082447,2025-01-06 04:15:51,4,6,0,1,0
U001,28.61302806105155,77.2113860104478,2025-01-06 04:30:24,4,6,0,1,0
U001,28.61323229525536,77.20919135180961,2025-01-06 04:51:13,4,6,0,1,0
U001,28.610935229388065,77.21102464165155,2025-01-06 05:15:12,5,6,0,1,0
U001,28.612131994382143,77.21017431855515,2025-01-06 05:27:27,5,6,0,1,0
U001,28.617895558681926,77.20951240896333,2025-01-06 05:33:29,5,6,0,1,0
U001,28.61259182693842,77.20662792403691,2025-01-06 06:48:53,6,6,0,1,0
U001,28.614376543806,77.20966310963507,2025-01-06 06:56:40,6,6,0,1,0
U001,28.61533202979783,77.20895199037396,2025-01-06 06:59:48,6,6,0,1,0
U001,28.61334457676477,77.20671612972237,2025-01-06 07:04:54,7,6,0,1,0
U001,28.61246906479589,77.20919652754017,2025-01-06 07:19:05,7,6,0,1,0
U001,28.613992555698303,77.20689299763485,2025-01-06 07:45:14,7,6,0,1,0
U001,28.609984110832062,77.20733788801745,2025-01-06 07:54:22,7,6,0,1,0
U001,28.62423517612378,77.21369673218936,2025-01-06 08:26:04,8,6,0,1,0
U001,28.62405444022731,77.21546348765523,2025-01-06 08:46:10,8,6,0,1,0
U001,28.623675430284248,77.2136696107846,2025-01-06 08:55:01,8,6,0,1,0
U001,28.621210888079837,77.2120870623463,2025-01-06 08:59:20,8,6,0,1,0
U001,28.632136692023263,77.21707073623708,2025-01-06 09:02:05,9,6,0,1,0
U001,28.6324317712006,77.2191600270402,2025-01-06 09:11:15,9,6,0,1,0
U001,28.629926068006277,77.21781463607408,2025-01-06 09:27:15,9,6,0,1,0
U001,28.62813382100048,77.21597291074468,2025-01-06 09:44:47,9,6,0,1,0
U001,28.631324530245728,77.21939734855728,2025-01-06 09:45:16,9,6,0,1,0
U001,28.63075531986999,77.21890798588231,2025-01-06 10:15:34,10,6,0,1,0
U001,28.62935977403264,77.21859177509367,2025-01-06 10:21:56,10,6,0,1,0
U001,28.631289030017783,77.21994939510056,2025-01-06 10:25:45,10,6,0,1,0
U001,28.63035484105476,77.21801136923983,2025-01-06 10:30:03,10,6,0,1,0
U001,28.6301972814034,77.21699093331253,2025-01-06 10:50:13,10,6,0,1,0
U001,28.63089798678215,77.21648779522478,2025-01-06 11:15:52,11,6,0,1,0
U001,28.628485783307152,77.21526847618802,2025-01-06 11:17:15,11,6,0,1,0
U001,28.62948707384668,77.2180190992887,2025-01-06 11:20:35,11,6,0,1,0
U001,28.62940477407705,77.21589870104113,2025-01-06 11:20:42,11,6,0,1,0
U001,28.6288875203948,77.2162405327115,2025-01-06 11:56:06,11,6,0,1,0
U001,28.628494548531098,77.21717013432851,2025-01-06 12:05:20,12,6,0,1,0
U001,28.6299287571262,77.2203768874931,2025-01-06 12:11:36,12,6,0,1,0
U001,28.63053634918469,77.21896866529593,2025-01-06 12:18:18,12,6,0,1,0
U001,28.628037113350228,77.2166792455419,2025-01-06 12:27:54,12,6,0,1,0
U001,28.63204439449746,77.2192705935361,2025-01-06 12:59:45,12,6,0,1,0
U001,28.62973560705929,77.220552202856,2025-01-06 13:24:51,13,6,0,1,0
U001,28.62904635778885,77.2153495657197,2025-01-06 13:35:38,13,6,0,1,0
U001,28.62884046161245,77.21602644272129,2025-01-06 13:52:31,13,6,0,1,0
U001,28.63012681047058,77.21772132110905,2025-01-06 14:15:39,14,6,0,1,0
U001,28.631908711320207,77.21662757868438,2025-01-06 14:22:07,14,6,0,1,0
U001,28.63271306598844,77.2170700866915,2025-01-06 14:23:00,14,6,0,1,0
U001,28.62945440339471,77.21739003420228,2025-01-06 14:23:19,14,6,0,1,0
U001,28.63064013049126,77.21570920668073,2025-01-06 15:04:42,15,6,0,1,0
U001,28.63377941291662,77.2181286981823,2025-01-06 15:05:32,15,6,0,1,0
U001,28.630415816992823,77.21756245161737,2025-01-06 15:26:33,15,6,0,1,0
U001,28.627598149707637,77.2182969753533,2025-01-06 15:26:44,15,6,0,1,0
U001,28.633989259635293,77.22264148976457,2025-01-06 15:59:41,15,6,0,1,0
U001,28.62817923590924,77.21385999708477,2025-01-06 16:05:16,16,6,0,1,0
U001,28.630163619572983,77.21533466942073,2025-01-06 16:11:40,16,6,0,1,0
U001,28.629358397300248,77.21504417408177,2025-01-06 16:17:12,16,6,0,1,0
U001,28.63315798186134,77.21609089392254,2025-01-06 16:25:01,16,6,0,1,0
U001,28.63090193674842,77.21990685428885,2025-01-06 17:05:19,17,6,0,1,0
U001,28.6257455169803,77.21972066357002,2025-01-06 17:18:44,17,6,0,1,0
U001,28.63180786580879,77.21644804558409,2025-01-06 17:37:02,17,6,0,1,0
U001,28.63151203310697,77.21478764118565,2025-01-06 18:21:48,18,6,0,1,0
U001,28.630568535637003,77.21362994089966,2025-01-06 18:29:01,18,6,0,1,0
U001,28.630583258517728,77.21744145876434,2025-01-06 18:53:36,18,6,0,1,0
U001,28.631410003615414,77.21734431284567,2025-01-06 18:59:44,18,6,0,1,0
U001,28.62132090851533,77.21034007777384,2025-01-06 19:19:12,19,6,0,1,0
U001,28.6227354052625,77.21484605198977,2025-01-06 19:33:33,19,6,0,1,0
U001,28.623756747297985,77.2185963319557,2025-01-06 19:44:25,19,6,0,1,0
U001,28.624141960686767,77.21384929457595,2025-01-06 19:49:34,19,6,0,1,0
U001,28.613489100690323,77.20834198167657,2025-01-06 20:17:41,20,6,0,1,0
U001,28.616087609586963,77.21506597673067,2025-01-06 20:43:55,20,6,0,1,0
U001,28.61321511985846,77.20958193307216,2025-01-06 20:50:32,20,6,0,1,0
U001,28.61392651403465,77.21155912592579,2025-01-06 20:51:16,20,6,0,1,0
U001,28.613815026409576,77.23043984687287,2025-01-06 21:02:08,21,6,0,1,0
U001,28.61082950317402,77.22934722302973,2025-01-06 21:05:52,21,6,0,1,0
U001,28.610706237158663,77.23346182921432,2025-01-06 21:24:08,21,6,0,1,0
U001,28.6100197863228,77.22597500709166,2025-01-06 21:25:19,21,6,0,1,0
U001,28.609516927831724,77.23074938648986,2025-01-06 21:49:24,21,6,0,1,0
U001,28.61194546233892,77.2297500596532,2025-01-06 22:02:19,22,6,0,1,0
U001,28.61041200680957,77.22994690464695,2025-01-06 22:41:57,22,6,0,1,0
U001,28.61098828461776,77.2288192723309,2025-01-06 22:44:49,22,6,0,1,0
U001,28.61669609385451,77.23201921981473,2025-01-06 22:50:06,22,6,0,1,0
U001,28.61413947355373,77.20951696770851,2025-01-06 23:23:47,23,6,0,1,0
U001,28.613808082502533,77.2094874964692,2025-01-06 23:36:35,23,6,0,1,0
U001,28.61812504017847,77.20631420773904,2025-01-06 23:52:19,23,6,0,1,0
U001,28.616157829408294,77.21012657332577,2025-01-06 23:58:15,23,6,0,1,0
U001,28.613708330096923,77.20839494839564,2025-01-07 00:03:40,0,7,1,1,0
U001,28.61328779016129,77.2076056722598,2025-01-07 00:20:06,0,7,1,1,0
U001,28.60745929558715,77.21033195832722,2025-01-07 00:50:05,0,7,1,1,0
U001,28.61356663024184,77.2088395232231,2025-01-07 00:51:54,0,7,1,1,0
U001,28.61294705923808,77.21109398779917,2025-01-07 01:28:50,1,7,1,1,0
U001,28.61644150900373,77.20889817801435,2025-01-07 01:35:03,1,7,1,1,0
U001,28.61148216926977,77.20944980410388,2025-01-07 01:35:22,1,7,1,1,0
U001,28.61507376891254,77.20794626656631,2025-01-07 01:43:51,1,7,1,1,0
U001,28.61296557611833,77.20861241518057,2025-01-07 01:59:19,1,7,1,1,0
U001,28.60905161272444,77.20790508470245,2025-01-07 02:06:16,2,7,1,1,0
U001,28.61176598723352,77.20493992816299,2025-01-07 02:11:37,2,7,1,1,0
U001,28.610243044676967,77.20590449748275,2025-01-07 02:19:05,2,7,1,1,0
U001,28.612298636796798,77.20764131253846,2025-01-07 02:53:48,2,7,1,1,0
U001,28.617559134074703,77.20594305025935,2025-01-07 03:03:54,3,7,1,1,0
U001,28.611591652297065,77.20764596070711,2025-01-07 03:20:47,3,7,1,1,0
U001,28.613238223636717,77.21265357645096,2025-01-07 03:26:49,3,7,1,1,0
U001,28.61551997153911,77.2120103418569,2025-01-07 03:51:19,3,7,1,1,0
U001,28.614156710599158,77.20839219827955,2025-01-07 03:56:13,3,7,1,1,0
U001,28.613733741687884,77.20908985075208,2025-01-07 04:11:23,4,7,1,1,0
U001,28.61323739527689,77.20988935774501,2025-01-07 04:29:48,4,7,1,1,0
U001,28.615441227003483,77.21070718736765,2025-01-07 04:38:30,4,7,1,1,0
U001,28.61408383221985,77.21104353124306,2025-01-07 04:39:55,4,7,1,1,0
U001,28.6133254717557,77.20996444043512,2025-01-07 04:40:29,4,7,1,1,0
U001,28.612801792284987,77.20779032217548,2025-01-07 05:07:21,5,7,1,1,0
U001,28.615290954432563,77.20903389283689,2025-01-07 05:08:20,5,7,1,1,0
U001,28.61437247570925,77.2098421317163,2025-01-07 05:09:17,5,7,1,1,0
U001,28.612193741336853,77.20722091428573,2025-01-07 05:25:51,5,7,1,1,0
U001,28.60941000400077,77.20946789962973,2025-01-07 05:54:55,5,7,1,1,0
U001,28.61503107392617,77.207874779543,2025-01-07 06:02:57,6,7,1,1,0
U001,28.613719098017587,77.20879380271393,2025-01-07 06:10:46,6,7,1,1,0
U001,28.616516573047324,77.20899572637421,2025-01-07 06:18:29,6,7,1,1,0
U001,28.616127736975116,77.2079192742649,2025-01-07 06:30:40,6,7,1,1,0
U001,28.613655972814502,77.20461743792701,2025-01-07 06:33:32,6,7,1,1,0
U001,28.61323466710068,77.2076970485488,2025-01-07 07:01:14,7,7,1,1,0
U001,28.61420866887368,77.21025081364378,2025-01-07 07:17:32,7,7,1,1,0
U001,28.615911948294176,77.21232989317971,2025-01-07 07:41:51,7,7,1,1,0
U001,28.626275582223546,77.21285511159478,2025-01-07 08:09:36,8,7,1,1,0
U001,28.62305265835943,77.21325738806277,2025-01-07 08:17:49,8,7,1,1,0
U001,28.625598703343613,77.21468347233831,2025-01-07 08:39:32,8,7,1,1,0
U001,28.62395936626321,77.21362816674545,2025-01-07 08:43:05,8,7,1,1,0
U001,28.62994000754605,77.2204489967532,2025-01-07 09:20:50,9,7,1,1,0
U001,28.632082871592683,77.21849463526138,2025-01-07 09:26:51,9,7,1,1,0
U001,28.631224563399936,77.21854710617448,2025-01-07 09:46:43,9,7,1,1,0
U001,28.629804459990886,77.21916308386912,2025-01-07 09:54:33,9,7,1,1,0
U001,28.63257542815673,77.21995898571099,2025-01-07 10:08:29,10,7,1,1,0
U001,28.63000997051702,77.22022687082338,2025-01-07 10:42:44,10,7,1,1,0
U001,28.62659566690918,77.21745477749185,2025-01-07 10:48:13,10,7,1,1,0
U001,28.63385847092475,77.22208086489397,2025-01-07 10:54:53,10,7,1,1,0
U001,28.631173616996865,77.21694427892935,2025-01-07 10:55:48,10,7,1,1,0
U001,28.63124193993576,77.21589845639231,2025-01-07 11:17:49,11,7,1,1,0
U001,28.63141500463448,77.22003698482143,2025-01-07 11:34:03,11,7,1,1,0
U001,28.632506331076204,77.21617880665987,2025-01-07 11:53:14,11,7,1,1,0
U001,28.631224528829577,77.21430517280027,2025-01-07 11:55:53,11,7,1,1,0
U001,28.63591353638048,77.21890000277658,2025-01-07 12:00:39,12,7,1,1,0
U001,28.628432649933107,77.22066018544736,2025-01-07 12:14:48,12,7,1,1,0
U001,28.634081351354045,77.21850774930851,2025-01-07 12:15:17,12,7,1,1,0
U001,28.63122096936681,77.21881187719609,2025-01-07 12:42:42,12,7,1,1,0
U001,28.629655285223603,77.21963280957976,2025-01-07 13:23:24,13,7,1,1,0
U001,28.632577336014617,77.21419678159813,2025-01-07 13:23:33,13,7,1,1,0
U001,28.63255811708082,77.21605710811468,2025-01-07 13:33:40,13,7,1,1,0
U001,28.6290837882111,77.21684382907085,2025-01-07 14:23:27,14,7,1,1,0
U001,28.63038387258797,77.21968281999322,2025-01-07 14:29:27,14,7,1,1,0
U001,28.629601999936263,77.21747574148029,2025-01-07 14:34:50,14,7,1,1,0
U001,28.62910778701955,77.2176328673138,2025-01-07 14:47:43,14,7,1,1,0
U001,28.628761832252074,77.2160653361906,2025-01-07 14:47:48,14,7,1,1,0
U001,28.62800821908032,77.22131717661146,2025-01-07 15:23:01,15,7,1,1,0
U001,28.63040963486745,77.2197638841263,2025-01-07 15:30:09,15,7,1,1,0
U001,28.628882504881837,77.21922644598207,2025-01-07 15:52:55,15,7,1,1,0
U001,28.63216934330699,77.21721758127259,2025-01-07 15:56:29,15,7,1,1,0
U001,28.631308475132727,77.2156635563859,2025-01-07 16:25:32,16,7,1,1,0
U001,28.62959466106309,77.2181565855354,2025-01-07 16:30:52,16,7,1,1,0
U001,28.627371827224096,77.21975289674492,2025-01-07 16:48:57,16,7,1,1,0
U001,28.629225183808398,77.218237689342,2025-01-07 16:57:13,16,7,1,1,0
U001,28.630347685512724,77.21597628126382,2025-01-07 17:10:09,17,7,1,1,0
U001,28.63354510171588,77.2171346962523,2025-01-07 17:10:58,17,7,1,1,0
U001,28.62959450890924,77.21854160067754,2025-01-07 17:23:11,17,7,1,1,0
U001,28.62939206344088,77.21798336590584,2025-01-07 17:24:25,17,7,1,1,0
U001,28.63360577761585,77.21874142974447,2025-01-07 17:33:47,17,7,1,1,0
U001,28.63031583165969,77.21721386855542,2025-01-07 18:31:49,18,7,1,1,0
U001,28.632012024244258,77.21530764454648,2025-01-07 18:46:29,18,7,1,1,0
U001,28.626756836792417,77.21804620546497,2025-01-07 18:51:21,18,7,1,1,0
U001,28.620636691032196,77.21448681042045,2025-01-07 19:41:44,19,7,1,1,0
U001,28.622481839774185,77.21424603102886,2025-01-07 19:52:30,19,7,1,1,0
U001,28.621813005785544,77.21411556257455,2025-01-07 19:55:34,19,7,1,1,0
U001,28.6219846333012,77.21327614107942,2025-01-07 19:56:48,19,7,1,1,0
U001,28.619406041008403,77.21300970812419,2025-01-07 19:59:09,19,7,1,1,0
U001,28.610261594922527,77.23167919174426,2025-01-07 20:33:30,20,7,1,1,0
U001,28.609147751912072,77.22791988437105,2025-01-07 20:45:40,20,7,1,1,0
U001,28.612864242541143,77.22614835750568,2025-01-07 20:47:06,20,7,1,1,0
U001,28.60845585391207,77.22828115596738,2025-01-07 21:23:31,21,7,1,1,0
U001,28.60820942154431,77.22617481838374,2025-01-07 21:40:35,21,7,1,1,0
U001,28.61598000356624,77.2333863971221,2025-01-07 21:50:31,21,7,1,1,0
U001,28.60994545383363,77.22914309397387,2025-01-07 21:50:47,21,7,1,1,0
U001,28.61116776067084,77.2100167872044,2025-01-07 22:01:02,22,7,1,1,0
U001,28.61413844086333,77.21125931548883,2025-01-07 22:26:01,22,7,1,1,0
U001,28.616378775412283,77.20788658484729,2025-01-07 22:38:19,22,7,1,1,0
U001,28.615145617008224,77.2104479104551,2025-01-07 23:26:06,23,7,1,1,0
U001,28.61242257135464,77.21146218199158,2025-01-07 23:55:51,23,7,1,1,0
U001,28.609346576527084,77.2133816647083,2025-01-07 23:57:14,23,7,1,1,0
U001,28.612847201174297,77.20979801363941,2025-01-08 00:22:32,0,8,2,1,0
U001,28.61330955436936,77.20959260516352,2025-01-08 00:41:30,0,8,2,1,0
U001,28.613534958664545,77.20804692992716,2025-01-08 00:49:44,0,8,2,1,0
U001,28.61498291222493,77.2085023053139,2025-01-08 01:11:44,1,8,2,1,0
U001,28.612504307294262,77.21197460097044,2025-01-08 01:32:44,1,8,2,1,0
U001,28.61305042721148,77.21179658745208,2025-01-08 01:37:22,1,8,2,1,0
U001,28.614023069285675,77.20901407224497,2025-01-08 01:53:13,1,8,2,1,0
U001,28.614192315077847,77.21364180797175,2025-01-08 02:06:38,2,8,2,1,0
U001,28.615707485923373,77.21062944657228,2025-01-08 02:19:30,2,8,2,1,0
U001,28.612204139697543,77.20821823918924,2025-01-08 02:33:52,2,8,2,1,0
U001,28.61495259486445,77.21001615624459,2025-01-08 03:07:09,3,8,2,1,0
U001,28.612916699764597,77.20901327605483,2025-01-08 03:07:16,3,8,2,1,0
U001,28.61373688091994,77.21158448947205,2025-01-08 03:23:06,3,8,2,1,0
U001,28.6143647930018,77.21005109120617,2025-01-08 03:28:32,3,8,2,1,0
U001,28.6156212506206,77.20910848217585,2025-01-08 04:12:25,4,8,2,1,0
U001,28.614983667122157,77.20876375756812,2025-01-08 04:36:23,4,8,2,1,0
U001,28.611356846617745,77.21172501367447,2025-01-08 04:37:38,4,8,2,1,0
U001,28.61549530581593,77.21101149945007,2025-01-08 04:55:39,4,8,2,1,0
U001,28.613600599209533,77.21176166754168,2025-01-08 05:09:39,5,8,2,1,0
U001,28.61286839959356,77.21097733965483,2025-01-08 05:15:50,5,8,2,1,0
U001,28.612578890698764,77.20755532690282,2025-01-08 05:23:33,5,8,2,1,0
U001,28.61340496689209,77.20770297658338,2025-01-08 05:33:00,5,8,2,1,0
U001,28.62045056086564,77.20667467936264,2025-01-08 06:35:15,6,8,2,1,0
U001,28.6125755554357,77.2069012246719,2025-01-08 06:35:54,6,8,2,1,0
U001,28.616243243896392,77.20909896553027,2025-01-08 06:41:30,6,8,2,1,0
U001,28.616726205455382,77.20899524743007,2025-01-08 07:07:19,7,8,2,1,0
U001,28.61448265382665,77.20944915148684,2025-01-08 07:07:48,7,8,2,1,0
U001,28.614632858480675,77.20883658190861,2025-01-08 07:47:30,7,8,2,1,0
U001,28.61116846291996,77.20738969911301,2025-01-08 07:54:14,7,8,2,1,0
U001,28.61424602508134,77.20802977271158,2025-01-08 07:55:09,7,8,2,1,0
U001,28.62876053380645,77.21470351329748,2025-01-08 08:14:40,8,8,2,1,0
U001,28.63256310452785,77.2165623466778,2025-01-08 08:35:49,8,8,2,1,0
U001,28.62900964888207,77.21900292679885,2025-01-08 08:54:43,8,8,2,1,0
U001,28.632005442195947,77.21772815422341,2025-01-08 09:11:38,9,8,2,1,0
U001,28.629310592467704,77.22194074674596,2025-01-08 09:24:48,9,8,2,1,0
U001,28.631179687709324,77.2219426625896,2025-01-08 09:36:51,9,8,2,1,0
U001,28.628997244256645,77.21622804646906,2025-01-08 10:03:54,10,8,2,1,0
U001,28.63097532198745,77.21489338236475,2025-01-08 10:09:08,10,8,2,1,0
U001,28.631735943193448,77.21950985617067,2025-01-08 10:18:48,10,8,2,1,0
U001,28.63184673711532,77.21655486646496,2025-01-08 10:36:11,10,8,2,1,0
U001,28.62450848723874,77.2139000537658,2025-01-08 10:39:36,10,8,2,1,0
U001,28.62856893120505,77.2217065610356,2025-01-08 11:04:04,11,8,2,1,0
U001,28.629695439968945,77.21738278032018,2025-01-08 11:19:04,11,8,2,1,0
U001,28.628405723307328,77.21874055375469,2025-01-08 11:21:43,11,8,2,1,0
U001,28.631378901123988,77.21938228506085,2025-01-08 11:29:44,11,8,2,1,0
U001,28.631416418318725,77.21730336442818,2025-01-08 11:46:55,11,8,2,1,0
U001,28.62713147431432,77.21762934571227,2025-01-08 12:08:22,12,8,2,1,0
U001,28.630436913484917,77.21561505499729,2025-01-08 12:16:27,12,8,2,1,0
U001,28.63513267024033,77.21762434269276,2025-01-08 12:47:08,12,8,2,1,0
U001,28.63033184504144,77.21640528518802,2025-01-08 12:59:17,12,8,2,1,0
U001,28.628897506163945,77.21746043809289,2025-01-08 13:40:45,13,8,2,1,0
U001,28.63025662104589,77.22016909471498,2025-01-08 13:40:54,13,8,2,1,0
U001,28.62715930037482,77.21660353611696,2025-01-08 13:49:38,13,8,2,1,0
U001,28.63265800878176,77.21874556671864,2025-01-08 14:09:49,14,8,2,1,0
U001,28.63664444471657,77.21643190488014,2025-01-08 14:12:08,14,8,2,1,0
U001,28.633875811233978,77.21892188542803,2025-01-08 14:14:53,14,8,2,1,0
U001,28.6316038825278,77.22154095233161,2025-01-08 15:05:35,15,8,2,1,0
U001,28.62917390594582,77.21246798116066,2025-01-08 15:05:51,15,8,2,1,0
U001,28.630690664369578,77.22011823315444,2025-01-08 15:14:38,15,8,2,1,0
U001,28.63228594212528,77.22309195108244,2025-01-08 15:19:00,15,8,2,1,0
U001,28.63101796078981,77.21958883145037,2025-01-08 16:11:03,16,8,2,1,0
U001,28.63118563931477,77.2134573901856,2025-01-08 16:12:27,16,8,2,1,0
U001,28.6311465358554,77.2174269517399,2025-01-08 16:23:13,16,8,2,1,0
U001,28.631181670123112,77.21621768135677,2025-01-08 16:27:23,16,8,2,1,0
U001,28.62952178511232,77.21888622241563,2025-01-08 16:57:18,16,8,2,1,0
U001,28.630238640424658,77.21629505458824,2025-01-08 17:01:55,17,8,2,1,0
U001,28.630171217894038,77.21598972708809,2025-01-08 17:35:38,17,8,2,1,0
U001,28.63024339689796,77.21676751902154,2025-01-08 17:41:11,17,8,2,1,0
U001,28.62979006019148,77.21849248915376,2025-01-08 17:45:39,17,8,2,1,0
U001,28.63286276030209,77.21942283728264,2025-01-08 17:55:19,17,8,2,1,0
U001,28.63637593094114,77.21811222647591,2025-01-08 18:25:16,18,8,2,1,0
U001,28.63086231703739,77.21848452870617,2025-01-08 18:43:04,18,8,2,1,0
U001,28.63151835919854,77.2179704625551,2025-01-08 18:46:27,18,8,2,1,0
U001,28.62862513380361,77.2168657572825,2025-01-08 18:56:07,18,8,2,1,0
U001,28.63336465129671,77.21569528092128,2025-01-08 18:59:01,18,8,2,1,0
U001,28.612742411501177,77.22829742044357,2025-01-08 19:13:05,19,8,2,1,0
U001,28.60728394180308,77.23226127638844,2025-01-08 19:20:00,19,8,2,1,0
U001,28.610397149746383,77.22909580913837,2025-01-08 19:23:10,19,8,2,1,0
U001,28.608025791688732,77.2284614545895,2025-01-08 19:46:54,19,8,2,1,0
U001,28.612902097786453,77.22844117587667,2025-01-08 19:56:08,19,8,2,1,0
U001,28.61035575347753,77.22650854063775,2025-01-08 20:02:02,20,8,2,1,0
U001,28.61272341107039,77.22981704398738,2025-01-08 20:40:20,20,8,2,1,0
U001,28.61138204572091,77.22762534741584,2025-01-08 20:59:38,20,8,2,1,0
U001,28.614970263320263,77.2080470275831,2025-01-08 21:08:50,21,8,2,1,0
U001,28.611295759533263,77.20969561319227,2025-01-08 21:36:01,21,8,2,1,0
U001,28.615040290455592,77.20950664521632,2025-01-08 21:45:22,21,8,2,1,0
U001,28.61547077798455,77.21108834745846,2025-01-08 21:49:10,21,8,2,1,0
U001,28.61349419264856,77.21550113317343,2025-01-08 22:06:57,22,8,2,1,0
U001,28.61399675635611,77.20783590462932,2025-01-08 22:45:30,22,8,2,1,0
U001,28.61561204352631,77.21044140902794,2025-01-08 22:55:12,22,8,2,1,0
U001,28.61195655978946,77.20998947448925,2025-01-08 22:55:31,22,8,2,1,0
U001,28.618984259105567,77.20849861330592,2025-01-08 23:20:28,23,8,2,1,0
U001,28.613824566284936,77.20979966749803,2025-01-08 23:21:05,23,8,2,1,0
U001,28.61819234591727,77.20957775650854,2025-01-08 23:32:47,23,8,2,1,0
U001,28.61324408737343,77.20961394317654,2025-01-08 23:36:00,23,8,2,1,0
U001,28.614855634910683,77.20869395131561,2025-01-08 23:47:47,23,8,2,1,0
U001,28.61533916369693,77.21104118132544,2025-01-09 00:07:06,0,9,3,1,0
U001,28.61045471076615,77.21068830069946,2025-01-09 00:36:51,0,9,3,1,0
U001,28.612598287817768,77.20707212703994,2025-01-09 00:39:52,0,9,3,1,0
U001,28.612656610108264,77.20711292458626,2025-01-09 01:16:55,1,9,3,1,0
U001,28.61343019981798,77.2072091165242,2025-01-09 01:18:09,1,9,3,1,0
U001,28.61535230185172,77.20612115661955,2025-01-09 01:29:47,1,9,3,1,0
U001,28.61402955725009,77.20722669271505,2025-01-09 01:41:03,1,9,3,1,0
U001,28.61033899461031,77.2084352697025,2025-01-09 02:19:08,2,9,3,1,0
U001,28.614637015392184,77.2084109506465,2025-01-09 02:24:31,2,9,3,1,0
U001,28.61256530570512,77.21170697798789,2025-01-09 02:41:41,2,9,3,1,0
U001,28.61315931251344,77.20905565982748,2025-01-09 03:02:02,3,9,3,1,0
U001,28.611979134188232,77.21090549754999,2025-01-09 03:16:01,3,9,3,1,0
U001,28.61413443621841,77.20443738284494,2025-01-09 03:21:14,3,9,3,1,0
U001,28.616742721809253,77.2142562281904,2025-01-09 03:37:27,3,9,3,1,0
U001,28.615373124900792,77.21196174231751,2025-01-09 04:06:55,4,9,3,1,0
U001,28.610266803964127,77.21072305663508,2025-01-09 04:26:15,4,9,3,1,0
U001,28.61316454532381,77.20786376101333,2025-01-09 04:51:28,4,9,3,1,0
U001,28.61577345132182,77.20766577948709,2025-01-09 04:55:03,4,9,3,1,0
U001,28.614491822867123,77.20941106863096,2025-01-09 05:03:46,5,9,3,1,0
U001,28.61655043962109,77.20697064435215,2025-01-09 05:17:28,5,9,3,1,0
U001,28.615790285101973,77.20940268340101,2025-01-09 05:18:08,5,9,3,1,0
U001,28.61107511757432,77.21094226585386,2025-01-09 05:48:05,5,9,3,1,0
U001,28.613467281557845,77.20808034356445,2025-01-09 06:08:34,6,9,3,1,0
U001,28.61327241520268,77.20735908222304,2025-01-09 06:11:06,6,9,3,1,0
U001,28.614119138192414,77.20677252907724,2025-01-09 06:11:20,6,9,3,1,0
U001,28.61309590564906,77.21104209508471,2025-01-09 06:28:16,6,9,3,1,0
U001,28.61304452494931,77.20968921692688,2025-01-09 06:54:30,6,9,3,1,0
U001,28.61541336132062,77.20790294536343,2025-01-09 07:02:33,7,9,3,1,0
U001,28.61025757143477,77.20767710227084,2025-01-09 07:06:52,7,9,3,1,0
U001,28.612122221556664,77.20862466539363,2025-01-09 07:19:07,7,9,3,1,0
U001,28.61566990366681,77.20661660659194,2025-01-09 07:33:50,7,9,3,1,0
U001,28.631455650920056,77.21658900779033,2025-01-09 08:23:07,8,9,3,1,0
U001,28.635893942390165,77.22020321262896,2025-01-09 08:36:00,8,9,3,1,0
U001,28.63031098623549,77.21705510290148,2025-01-09 08:52:50,8,9,3,1,0
U001,28.63169682040868,77.21958381995236,2025-01-09 09:17:08,9,9,3,1,0
U001,28.63194555488607,77.21892676093043,2025-01-09 09:41:08,9,9,3,1,0
U001,28.629347995559385,77.21904597816317,2025-01-09 09:51:33,9,9,3,1,0
U001,28.63159242906132,77.21783067733386,2025-01-09 10:31:49,10,9,3,1,0
U001,28.633107303920305,77.21954550802509,2025-01-09 10:38:01,10,9,3,1,0
U001,28.63078186591257,77.21949686246253,2025-01-09 10:43:06,10,9,3,1,0
U001,28.63072751013709,77.21869457512923,2025-01-09 11:03:16,11,9,3,1,0
U001,28.63240260329716,77.21394057833531,2025-01-09 11:17:42,11,9,3,1,0
U001,28.63000204053917,77.21735090142016,2025-01-09 11:30:46,11,9,3,1,0
U001,28.627841810484053,77.21715291080227,2025-01-09 11:39:27,11,9,3,1,0
U001,28.630344418281936,77.21467792248932,2025-01-09 11:48:24,11,9,3,1,0
U001,28.630685856003996,77.21760343499783,2025-01-09 12:09:33,12,9,3,1,0
U001,28.628893836871598,77.2184880079575,2025-01-09 12:35:35,12,9,3,1,0
U001,28.63149517443931,77.21985133145115,2025-01-09 12:40:05,12,9,3,1,0
U001,28.624743186897405,77.2163998035308,2025-01-09 12:43:33,12,9,3,1,0
U001,28.63099710229025,77.21855889289942,2025-01-09 13:00:17,13,9,3,1,0
U001,28.63118535698151,77.21734925797547,2025-01-09 13:19:37,13,9,3,1,0
U001,28.63092699515217,77.21791680782626,2025-01-09 13:21:06,13,9,3,1,0
U001,28.626685375664863,77.216231743203,2025-01-09 13:52:15,13,9,3,1,0
U001,28.630219000517968,77.21874966818919,2025-01-09 13:56:15,13,9,3,1,0
U001,28.62821441158078,77.21482382506746,2025-01-09 14:28:18,14,9,3,1,0
U001,28.626575142352017,77.21643883464935,2025-01-09 14:43:44,14,9,3,1,0
U001,28.62872311976238,77.21721722287158,2025-01-09 14:47:32,14,9,3,1,0
U001,28.63145909012679,77.21988978247525,2025-01-09 14:48:48,14,9,3,1,0
U001,28.627229381333542,77.21950347629286,2025-01-09 15:26:20,15,9,3,1,0
U001,28.634213883072903,77.21882612530747,2025-01-09 15:42:11,15,9,3,1,0
U001,28.63031361768429,77.21299960739272,2025-01-09 15:44:36,15,9,3,1,0
U001,28.631148448828917,77.21845956170066,2025-01-09 16:01:33,16,9,3,1,0
U001,28.62989634255705,77.21614451218319,2025-01-09 16:31:35,16,9,3,1,0
U001,28.632125700837648,77.21794960897213,2025-01-09 16:44:44,16,9,3,1,0
U001,28.630261479478083,77.21897826840214,2025-01-09 16:58:33,16,9,3,1,0
U001,28.62665760732312,77.22097237015959,2025-01-09 17:16:30,17,9,3,1,0
U001,28.63051576796026,77.21702425325066,2025-01-09 17:32:49,17,9,3,1,0
U001,28.629711172859587,77.22236739072808,2025-01-09 17:55:04,17,9,3,1,0
U001,28.62731879596206,77.21896740726882,2025-01-09 17:57:26,17,9,3,1,0
U001,28.628460702573197,77.21856360919071,2025-01-09 18:29:02,18,9,3,1,0
U001,28.634014324081782,77.21560799762763,2025-01-09 18:37:41,18,9,3,1,0
U001,28.62979089576164,77.21911469814506,2025-01-09 18:40:06,18,9,3,1,0
U001,28.612024794703423,77.23026698105916,2025-01-09 19:09:13,19,9,3,1,0
U001,28.60737763915161,77.23196550790811,2025-01-09 19:13:57,19,9,3,1,0
U001,28.60761329493116,77.2308492492171,2025-01-09 19:18:26,19,9,3,1,0
U001,28.61121980272708,77.2257308840867,2025-01-09 19:33:02,19,9,3,1,0
U001,28.609469257858947,77.23191766757894,2025-01-09 19:59:38,19,9,3,1,0
U001,28.610674315973235,77.23022731011697,2025-01-09 20:00:28,20,9,3,1,0
U001,28.610043000359457,77.22883362821793,2025-01-09 20:25:30,20,9,3,1,0
U001,28.60989499835871,77.23252090061693,2025-01-09 20:35:22,20,9,3,1,0
U001,28.61361224828857,77.23241087499713,2025-01-09 20:53:10,20,9,3,1,0
U001,28.608384297822816,77.22952303368247,2025-01-09 20:59:08,20,9,3,1,0
U001,28.61329915855901,77.21226202284616,2025-01-09 21:04:02,21,9,3,1,0
U001,28.614300765397832,77.21308919825795,2025-01-09 21:45:23,21,9,3,1,0
U001,28.614810608516706,77.2072707561178,2025-01-09 21:54:44,21,9,3,1,0
U001,28.61306236395263,77.2104402647298,2025-01-09 22:13:47,22,9,3,1,0
U001,28.61352327806998,77.20708712006588,2025-01-09 22:26:55,22,9,3,1,0
U001,28.614832045788763,77.20820453467482,2025-01-09 22:34:51,22,9,3,1,0
U001,28.614500647543075,77.20693355372254,2025-01-09 22:36:11,22,9,3,1,0
U001,28.613917711034357,77.20992482675312,2025-01-09 22:40:16,22,9,3,1,0
U001,28.61233560134171,77.20934019402314,2025-01-09 23:09:14,23,9,3,1,0
U001,28.61495839565065,77.20830303582753,2025-01-09 23:16:20,23,9,3,1,0
U001,28.613495838434005,77.21182846574159,2025-01-09 23:36:00,23,9,3,1,0
U001,28.611611998257363,77.21060591535714,2025-01-09 23:53:20,23,9,3,1,0
U001,28.61360100916109,77.21143114659084,2025-01-10 00:01:39,0,10,4,1,0
U001,28.61182973486524,77.21079814191705,2025-01-10 00:12:42,0,10,4,1,0
U001,28.61327141046125,77.20847382571685,2025-01-10 00:24:04,0,10,4,1,0
U001,28.61136189215348,77.21121486778702,2025-01-10 00:35:45,0,10,4,1,0
U001,28.614020652660358,77.20890516160088,2025-01-10 01:15:24,1,10,4,1,0
U001,28.61190530898981,77.20982212335144,2025-01-10 01:25:50,1,10,4,1,0
U001,28.615240896871057,77.20962054355694,2025-01-10 01:32:11,1,10,4,1,0
U001,28.61231389652705,77.2040518031657,2025-01-10 01:53:24,1,10,4,1,0
U001,28.615363092102704,77.20549025394507,2025-01-10 01:54:53,1,10,4,1,0
U001,28.617410186050552,77.21369212724049,2025-01-10 02:21:54,2,10,4,1,0
U001,28.61434244637406,77.20725889047644,2025-01-10 02:34:52,2,10,4,1,0
U001,28.617104005574884,77.2084504490783,2025-01-10 02:47:17,2,10,4,1,0
U001,28.6178715577862,77.20919102512725,2025-01-10 03:35:20,3,10,4,1,0
U001,28.617071698656066,77.2106992200875,2025-01-10 03:41:02,3,10,4,1,0
U001,28.61666324605453,77.21091642215444,2025-01-10 03:59:25,3,10,4,1,0
U001,28.60905816913473,77.2112520786576,2025-01-10 04:25:02,4,10,4,1,0
U001,28.61435173344845,77.20865550696342,2025-01-10 04:25:58,4,10,4,1,0
U001,28.612927086261813,77.2082218494324,2025-01-10 04:45:58,4,10,4,1,0
U001,28.614496089560543,77.20561928239692,2025-01-10 05:08:25,5,10,4,1,0
U001,28.61402909345093,77.20641846899271,2025-01-10 05:11:44,5,10,4,1,0
U001,28.61221932235262,77.21100152636828,2025-01-10 05:14:39,5,10,4,1,0
U001,28.61351916547791,77.20613291733062,2025-01-10 05:35:28,5,10,4,1,0
U001,28.615621544021856,77.21181984867437,2025-01-10 05:53:49,5,10,4,1,0
U001,28.612339047900885,77.20833938634766,2025-01-10 06:14:33,6,10,4,1,0
U001,28.61442271470461,77.20865017984342,2025-01-10 06:15:38,6,10,4,1,0
U001,28.614505690679707,77.21101326897713,2025-01-10 06:34:12,6,10,4,1,0
U001,28.613064115897277,77.21190797775512,2025-01-10 06:42:26,6,10,4,1,0
U001,28.61391011103232,77.20903494059009,2025-01-10 07:00:05,7,10,4,1,0
U001,28.61437855077293,77.20874328610626,2025-01-10 07:45:18,7,10,4,1,0
U001,28.61125633263935,77.20483383294626,2025-01-10 07:45:26,7,10,4,1,0
U001,28.623672601889204,77.20816185530578,2025-01-10 08:15:16,8,10,4,1,0
U001,28.62074524864177,77.21416939704943,2025-01-10 08:16:28,8,10,4,1,0
U001,28.620870772900066,77.21448436067243,2025-01-10 08:19:25,8,10,4,1,0
U001,28.619310549513703,77.21407400662808,2025-01-10 08:47:17,8,10,4,1,0
U001,28.62851707629632,77.21725394169282,2025-01-10 09:29:49,9,10,4,1,0
U001,28.625722112261546,77.21450954277923,2025-01-10 09:37:04,9,10,4,1,0
U001,28.63688184999896,77.22103205788285,2025-01-10 09:39:48,9,10,4,1,0
U001,28.630261884685083,77.2152604530285,2025-01-10 09:41:54,9,10,4,1,0
U001,28.629775335842503,77.21875613475294,2025-01-10 10:13:05,10,10,4,1,0
U001,28.631060797237108,77.21837617781165,2025-01-10 10:24:04,10,10,4,1,0
U001,28.630532002096007,77.2164197519325,2025-01-10 10:33:38,10,10,4,1,0
U001,28.63000082900113,77.21739292175009,2025-01-10 10:41:00,10,10,4,1,0
U001,28.6319372155015,77.21976409985523,2025-01-10 11:27:39,11,10,4,1,0
U001,28.63085064244739,77.21635768391096,2025-01-10 11:43:25,11,10,4,1,0
U001,28.63236965472217,77.21802443476516,2025-01-10 11:56:33,11,10,4,1,0
U001,28.625792495274297,77.21940395886193,2025-01-10 12:01:07,12,10,4,1,0
U001,28.630572490690813,77.21661588755823,2025-01-10 12:41:47,12,10,4,1,0
U001,28.62881401297257,77.21658273720425,2025-01-10 12:50:32,12,10,4,1,0
U001,28.629752194063474,77.21624875248706,2025-01-10 13:04:25,13,10,4,1,0
U001,28.6272965171966,77.21937578832315,2025-01-10 13:25:36,13,10,4,1,0
U001,28.62987873015709,77.2165614594598,2025-01-10 13:26:16,13,10,4,1,0
U001,28.63253541491328,77.21938807258118,2025-01-10 14:14:55,14,10,4,1,0
U001,28.627839309524465,77.21849936383863,2025-01-10 14:36:02,14,10,4,1,0
U001,28.63165548347277,77.21820102649649,2025-01-10 14:57:30,14,10,4,1,0
U001,28.631079963689192,77.21905780256446,2025-01-10 15:00:27,15,10,4,1,0
U001,28.62679283657936,77.2158593323914,2025-01-10 15:09:36,15,10,4,1,0
U001,28.63119038401975,77.21757769250239,2025-01-10 15:13:56,15,10,4,1,0
U001,28.63182584840613,77.21686499376068,2025-01-10 15:22:47,15,10,4,1,0
U001,28.629478209631426,77.21781927759761,2025-01-10 16:06:48,16,10,4,1,0
U001,28.62981249420173,77.21960798014105,2025-01-10 16:07:09,16,10,4,1,0
U001,28.62694257248937,77.21729920954563,2025-01-10 16:57:30,16,10,4,1,0
U001,28.62990102944033,77.2183809085438,2025-01-10 17:30:08,17,10,4,1,0
U001,28.632547538492183,77.21757229078257,2025-01-10 17:34:58,17,10,4,1,0
U001,28.632753258470583,77.21620044366439,2025-01-10 17:45:41,17,10,4,1,0
U001,28.628576671834,77.21804875955799,2025-01-10 17:50:54,17,10,4,1,0
U001,28.630803371148733,77.21724034997163,2025-01-10 17:52:07,17,10,4,1,0
U001,28.63594498397576,77.2172399742201,2025-01-10 18:31:28,18,10,4,1,0
U001,28.63001687111088,77.21710171517351,2025-01-10 18:32:47,18,10,4,1,0
U001,28.630878597242933,77.21818746382054,2025-01-10 18:51:23,18,10,4,1,0
U001,28.629645680853496,77.22010834608635,2025-01-10 18:52:31,18,10,4,1,0
U001,28.622740696633716,77.214561865874,2025-01-10 19:03:12,19,10,4,1,0
U001,28.621699595642035,77.20967758641713,2025-01-10 19:05:08,19,10,4,1,0
U001,28.62447721630558,77.21345815585128,2025-01-10 19:14:30,19,10,4,1,0
U001,28.59823533139226,77.20501587146711,2025-01-10 20:11:12,20,10,4,1,0
U001,28.601729540263143,77.20338120990797,2025-01-10 20:20:17,20,10,4,1,0
U001,28.597961956181667,77.20447555910498,2025-01-10 20:38:54,20,10,4,1,0
U001,28.597715602176542,77.20634301673651,2025-01-10 20:52:50,20,10,4,1,0
U001,28.61433148419867,77.20977089245218,2025-01-10 21:07:55,21,10,4,1,0
U001,28.612766958307496,77.2061984558131,2025-01-10 21:31:07,21,10,4,1,0
U001,28.611651837934662,77.20756842360177,2025-01-10 21:45:42,21,10,4,1,0
U001,28.61331212517188,77.20737196908824,2025-01-10 22:04:40,22,10,4,1,0
U001,28.61226794536241,77.20946433388737,2025-01-10 22:05:24,22,10,4,1,0
U001,28.613200220218403,77.21101423413367,2025-01-10 22:29:37,22,10,4,1,0
U001,28.61274862579064,77.20908554525889,2025-01-10 22:57:34,22,10,4,1,0
U001,28.61192155126259,77.21199087437867,2025-01-10 23:00:14,23,10,4,1,0
U001,28.610215455725847,77.20733650670023,2025-01-10 23:03:34,23,10,4,1,0
U001,28.611236532038088,77.21248652972251,2025-01-10 23:26:12,23,10,4,1,0
U001,28.6151055896004,77.21024352061346,2025-01-10 23:52:57,23,10,4,1,0
U001,28.6125022564929,77.20984481249762,2025-01-11 00:11:54,0,11,5,1,1
U001,28.61055664026528,77.20863514955646,2025-01-11 00:18:31,0,11,5,1,1
U001,28.614382500073702,77.209861302549,2025-01-11 00:24:09,0,11,5,1,1
U001,28.61629596449985,77.21329108776246,2025-01-11 00:38:42,0,11,5,1,1
U001,28.614368030171683,77.21169116156393,2025-01-11 01:11:14,1,11,5,1,1
U001,28.61199429791393,77.20707759658796,2025-01-11 01:15:47,1,11,5,1,1
U001,28.61518680217907,77.20959856338108,2025-01-11 01:27:57,1,11,5,1,1
U001,28.616886671041684,77.20923236630976,2025-01-11 01:56:38,1,11,5,1,1
U001,28.61417651466523,77.209983133091,2025-01-11 02:12:32,2,11,5,1,1
U001,28.61247200479976,77.20711807219054,2025-01-11 02:26:56,2,11,5,1,1
U001,28.612870248031967,77.21237662255521,2025-01-11 02:30:44,2,11,5,1,1
U001,28.61394118586501,77.20582276959163,2025-01-11 02:31:15,2,11,5,1,1
U001,28.616262289307286,77.20544186111046,2025-01-11 02:49:49,2,11,5,1,1
U001,28.61468648565014,77.20983060947812,2025-01-11 03:35:43,3,11,5,1,1
U001,28.614204979232365,77.20932609803818,2025-01-11 03:48:26,3,11,5,1,1
U001,28.613140472758896,77.20860035625144,2025-01-11 03:49:18,3,11,5,1,1
U001,28.611031080019,77.20730225905392,2025-01-11 03:50:25,3,11,5,1,1
U001,28.613005904576685,77.21033255259992,2025-01-11 04:01:36,4,11,5,1,1
U001,28.61176535973683,77.20837057138412,2025-01-11 04:06:18,4,11,5,1,1
U001,28.61535080556768,77.2096127347214,2025-01-11 04:24:38,4,11,5,1,1
U001,28.61083796223786,77.20719576411116,2025-01-11 04:48:23,4,11,5,1,1
U001,28.614687971429166,77.21114334440382,2025-01-11 04:55:26,4,11,5,1,1
U001,28.614829292689414,77.21133059854083,2025-01-11 05:17:18,5,11,5,1,1
U001,28.61201109271432,77.21162883061734,2025-01-11 05:35:25,5,11,5,1,1
U001,28.614279383526284,77.21034133121813,2025-01-11 05:45:33,5,11,5,1,1
U001,28.61703820317639,77.2083250153326,2025-01-11 05:50:12,5,11,5,1,1
U001,28.616962291893515,77.21096386508776,2025-01-11 05:54:34,5,11,5,1,1
U001,28.614748061706525,77.20985917380028,2025-01-11 06:25:58,6,11,5,1,1
U001,28.61973527700615,77.20895329881884,2025-01-11 06:33:47,6,11,5,1,1
U001,28.61348153900756,77.20948649672509,2025-01-11 06:42:56,6,11,5,1,1
U001,28.61160672370963,77.20650683268585,2025-01-11 06:52:34,6,11,5,1,1
U001,28.61429086049593,77.20972380859862,2025-01-11 06:53:45,6,11,5,1,1
U001,28.61359541377736,77.20893682402499,2025-01-11 07:25:08,7,11,5,1,1
U001,28.613551326351352,77.20861412599436,2025-01-11 07:30:04,7,11,5,1,1
U001,28.613976486618693,77.21011494532678,2025-01-11 07:51:00,7,11,5,1,1
U001,28.612692527275453,77.20934861672919,2025-01-11 08:02:04,8,11,5,1,1
U001,28.613280195719994,77.21038528885535,2025-01-11 08:04:24,8,11,5,1,1
U001,28.61322300744046,77.20971511139709,2025-01-11 08:25:15,8,11,5,1,1
U001,28.61369043054501,77.20952157215902,2025-01-11 08:28:27,8,11,5,1,1
U001,28.607811121330005,77.20787901081819,2025-01-11 09:01:52,9,11,5,1,1
U001,28.61372758972925,77.2049367869672,2025-01-11 09:16:31,9,11,5,1,1
U001,28.613603995476826,77.21161469421128,2025-01-11 09:51:42,9,11,5,1,1
U001,28.6162138200478,77.21079773838977,2025-01-11 09:57:42,9,11,5,1,1
U001,28.62629765064573,77.19692807020753,2025-01-11 10:14:04,10,11,5,1,1
U001,28.62391758445957,77.19332414514433,2025-01-11 10:39:06,10,11,5,1,1
U001,28.624128445825075,77.19649034940892,2025-01-11 10:52:41,10,11,5,1,1
U001,28.62614718275848,77.1953471117734,2025-01-11 10:54:16,10,11,5,1,1
U001,28.627707198175223,77.19494787665111,2025-01-11 10:56:38,10,11,5,1,1
U001,28.626870335268,77.19364448921229,2025-01-11 11:03:14,11,11,5,1,1
U001,28.62507141880708,77.19633763643759,2025-01-11 11:06:05,11,11,5,1,1
U001,28.62618541231816,77.19130416157074,2025-01-11 11:10:52,11,11,5,1,1
U001,28.62667509029616,77.19271365773933,2025-01-11 11:21:05,11,11,5,1,1
U001,28.626049429939943,77.19344897380896,2025-01-11 11:36:40,11,11,5,1,1
U001,28.62486844656758,77.19650576993878,2025-01-11 12:15:40,12,11,5,1,1
U001,28.62348579787924,77.19657607371396,2025-01-11 12:29:09,12,11,5,1,1
U001,28.62485090270475,77.19279899378192,2025-01-11 12:53:10,12,11,5,1,1
U001,28.59754090724979,77.20574402251783,2025-01-11 13:01:27,13,11,5,1,1
U001,28.595351390192388,77.20523815806109,2025-01-11 13:23:37,13,11,5,1,1
U001,28.599453424879496,77.20573819923204,2025-01-11 13:43:28,13,11,5,1,1
U001,28.59791936849091,77.20330037862296,2025-01-11 13:43:57,13,11,5,1,1
U001,28.59718971620963,77.20435807928972,2025-01-11 13:46:31,13,11,5,1,1
U001,28.60274224522289,77.2071566360179,2025-01-11 14:09:11,14,11,5,1,1
U001,28.600796962336915,77.2020191739635,2025-01-11 14:34:56,14,11,5,1,1
U001,28.597418141955927,77.20603678538328,2025-01-11 14:50:01,14,11,5,1,1
U001,28.597530870247223,77.20291273693012,2025-01-11 15:30:01,15,11,5,1,1
U001,28.60199211600314,77.20613923643732,2025-01-11 15:41:41,15,11,5,1,1
U001,28.6006307121868,77.20551791716044,2025-01-11 15:45:41,15,11,5,1,1
U001,28.60200257239856,77.20513170018575,2025-01-11 15:51:55,15,11,5,1,1
U001,28.59993676733016,77.20583970310048,2025-01-11 15:51:57,15,11,5,1,1
U001,28.59833902845902,77.20091650757809,2025-01-11 16:10:34,16,11,5,1,1
U001,28.600706893117906,77.20090918655829,2025-01-11 16:45:34,16,11,5,1,1
U001,28.60076931831173,77.20366061961256,2025-01-11 16:54:35,16,11,5,1,1
U001,28.59806780463904,77.21063446791169,2025-01-11 16:56:09,16,11,5,1,1
U001,28.639670387857723,77.22470256527538,2025-01-11 17:33:01,17,11,5,1,1
U001,28.639546997897718,77.22501557195498,2025-01-11 17:42:11,17,11,5,1,1
U001,28.639398533383225,77.22505983877052,2025-01-11 17:59:23,17,11,5,1,1
U001,28.642302195252466,77.22795741191638,2025-01-11 18:01:43,18,11,5,1,1
U001,28.64128691340413,77.22963405007863,2025-01-11 18:26:36,18,11,5,1,1
U001,28.640637612454714,77.22560478197965,2025-01-11 18:40:03,18,11,5,1,1
U001,28.64136647830412,77.23323900274448,2025-01-11 18:45:23,18,11,5,1,1
U001,28.63843104902994,77.22381259416913,2025-01-11 19:01:52,19,11,5,1,1
U001,28.63990237420388,77.22579451996475,2025-01-11 19:04:15,19,11,5,1,1
U001,28.640604070112467,77.22492669585036,2025-01-11 19:07:31,19,11,5,1,1
U001,28.64240762051772,77.22617428025347,2025-01-11 19:56:19,19,11,5,1,1
U001,28.64061896136129,77.22264352967204,2025-01-11 20:41:38,20,11,5,1,1
U001,28.64060316476687,77.22731310612826,2025-01-11 20:42:14,20,11,5,1,1
U001,28.63841180478237,77.22871062780446,2025-01-11 20:43:30,20,11,5,1,1
U001,28.63704252798925,77.22690235564089,2025-01-11 20:51:56,20,11,5,1,1
U001,28.641205348320774,77.22406776804131,2025-01-11 20:59:43,20,11,5,1,1
U001,28.615815754776783,77.20869540185173,2025-01-11 21:08:42,21,11,5,1,1
U001,28.615918171598526,77.20836914714333,2025-01-11 21:09:43,21,11,5,1,1
U001,28.61609735264925,77.20503852474495,2025-01-11 21:11:45,21,11,5,1,1
U001,28.614746360457207,77.2129553712607,2025-01-11 21:25:04,21,11,5,1,1
U001,28.61370158875695,77.2096297208752,2025-01-11 22:08:34,22,11,5,1,1
U001,28.612363435546108,77.21127429386003,2025-01-11 22:14:38,22,11,5,1,1
U001,28.61320849470661,77.21185188575944,2025-01-11 22:30:54,22,11,5,1,1
U001,28.61390048644924,77.20946755213382,2025-01-11 23:01:32,23,11,5,1,1
U001,28.615694399457222,77.2078174866006,2025-01-11 23:09:30,23,11,5,1,1
U001,28.61228734073553,77.213102133989,2025-01-11 23:45:19,23,11,5,1,1
U001,28.61084740813588,77.20941885403595,2025-01-11 23:55:29,23,11,5,1,1
U001,28.61719760525,77.2068603275065,2025-01-12 00:14:47,0,12,6,1,1
U001,28.611197602888065,77.2092104381047,2025-01-12 00:18:20,0,12,6,1,1
U001,28.612489370487587,77.21350089359291,2025-01-12 00:32:16,0,12,6,1,1
U001,28.61520395997011,77.20958894114673,2025-01-12 00:35:08,0,12,6,1,1
U001,28.613864944912923,77.20893568927391,2025-01-12 00:46:56,0,12,6,1,1
U001,28.61279852216177,77.20622069003313,2025-01-12 01:17:32,1,12,6,1,1
U001,28.61394946892694,77.2085743424614,2025-01-12 01:27:02,1,12,6,1,1
U001,28.61374322849079,77.20806293237824,2025-01-12 01:33:06,1,12,6,1,1
U001,28.613449486153616,77.2064095005122,2025-01-12 01:36:38,1,12,6,1,1
U001,28.614811068109606,77.20765077915783,2025-01-12 01:48:48,1,12,6,1,1
U001,28.61294518260599,77.21007341137519,2025-01-12 02:08:39,2,12,6,1,1
U001,28.61342539146348,77.20863648813616,2025-01-12 02:09:52,2,12,6,1,1
U001,28.612724339159715,77.20673529571603,2025-01-12 02:14:04,2,12,6,1,1
U001,28.61302640472264,77.20579724164638,2025-01-12 02:24:51,2,12,6,1,1
U001,28.617268860503813,77.20960745972909,2025-01-12 02:35:38,2,12,6,1,1
U001,28.61221056363835,77.21076330902775,2025-01-12 03:36:16,3,12,6,1,1
U001,28.608336890220794,77.20517685102712,2025-01-12 03:53:14,3,12,6,1,1
U001,28.61063584651891,77.21379318008745,2025-01-12 03:53:37,3,12,6,1,1
U001,28.614060530437698,77.20787013486071,2025-01-12 04:16:12,4,12,6,1,1
U001,28.61199418720373,77.20736400633741,2025-01-12 04:31:00,4,12,6,1,1
U001,28.609728642395883,77.21308949310304,2025-01-12 04:32:58,4,12,6,1,1
U001,28.61377648304117,77.21090550317014,2025-01-12 04:37:46,4,12,6,1,1
U001,28.61380610448132,77.20809832930652,2025-01-12 04:51:45,4,12,6,1,1
U001,28.61515436437996,77.20773620710568,2025-01-12 05:35:06,5,12,6,1,1
U001,28.615868235315247,77.20949589613879,2025-01-12 05:37:45,5,12,6,1,1
U001,28.613787651731048,77.20556202913116,2025-01-12 05:45:34,5,12,6,1,1
U001,28.616861273397785,77.21095996501944,2025-01-12 05:57:45,5,12,6,1,1
U001,28.614756443454134,77.21332331105087,2025-01-12 06:19:06,6,12,6,1,1
U001,28.61054369024396,77.20888059154909,2025-01-12 06:40:37,6,12,6,1,1
U001,28.615045855827237,77.20926877452357,2025-01-12 06:43:57,6,12,6,1,1
U001,28.61211741010356,77.20970171191476,2025-01-12 07:07:42,7,12,6,1,1
U001,28.610360895032027,77.2089390636214,2025-01-12 07:08:20,7,12,6,1,1
U001,28.61492046964749,77.20725653867606,2025-01-12 07:55:02,7,12,6,1,1
U001,28.612669708359896,77.20860483386754,2025-01-12 08:00:27,8,12,6,1,1
U001,28.614630926797947,77.21205976231066,2025-01-12 08:40:30,8,12,6,1,1
U001,28.61295645745757,77.20934760805504,2025-01-12 08:43:58,8,12,6,1,1
U001,28.62761591865513,77.19351428731595,2025-01-12 09:33:38,9,12,6,1,1
U001,28.62576207430541,77.19308103722224,2025-01-12 09:42:21,9,12,6,1,1
U001,28.62497972346612,77.19446917157227,2025-01-12 09:55:33,9,12,6,1,1
U001,28.625676896584796,77.19534029468855,2025-01-12 10:04:49,10,12,6,1,1
U001,28.622501989696747,77.19296709385316,2025-01-12 10:14:23,10,12,6,1,1
U001,28.62607838356421,77.1955974896654,2025-01-12 10:29:55,10,12,6,1,1
U001,28.62290464283361,77.19585304036876,2025-01-12 10:30:50,10,12,6,1,1
U001,28.625610258127104,77.19515721066469,2025-01-12 10:50:04,10,12,6,1,1
U001,28.62387815912527,77.19166270833414,2025-01-12 11:38:58,11,12,6,1,1
U001,28.62247935107656,77.19412151651015,2025-01-12 11:54:19,11,12,6,1,1
U001,28.62623404924236,77.19391445417219,2025-01-12 11:56:50,11,12,6,1,1
U001,28.601249739786795,77.20475346682782,2025-01-12 12:17:37,12,12,6,1,1
U001,28.60180358167745,77.20393862577642,2025-01-12 12:18:32,12,12,6,1,1
U001,28.59790880128334,77.20638076286482,2025-01-12 12:51:25,12,12,6,1,1
U001,28.60265790246887,77.20277959708987,2025-01-12 13:03:40,13,12,6,1,1
U001,28.601700940108707,77.20305671543551,2025-01-12 13:10:15,13,12,6,1,1
U001,28.59842435786761,77.20820310135794,2025-01-12 13:32:16,13,12,6,1,1
U001,28.59854783861366,77.20543769104614,2025-01-12 13:55:53,13,12,6,1,1
U001,28.6003796022094,77.2036031232245,2025-01-12 14:00:00,14,12,6,1,1
U001,28.60042051580349,77.20213905544205,2025-01-12 14:28:40,14,12,6,1,1
U001,28.600052662380502,77.19830746843125,2025-01-12 14:55:11,14,12,6,1,1
U001,28.60098340492344,77.20668336524243,2025-01-12 15:09:04,15,12,6,1,1
U001,28.59971433130714,77.2056294501295,2025-01-12 15:26:18,15,12,6,1,1
U001,28.600823425192704,77.2090924824537,2025-01-12 15:27:09,15,12,6,1,1
U001,28.5978611208444,77.20759816336889,2025-01-12 15:47:51,15,12,6,1,1
U001,28.599202596601707,77.20667467972756,2025-01-12 15:56:20,15,12,6,1,1
U001,28.640740894548568,77.22604141858059,2025-01-12 16:06:20,16,12,6,1,1
U001,28.64090660211175,77.22562956898484,2025-01-12 16:08:02,16,12,6,1,1
U001,28.639419725139955,77.22591913879361,2025-01-12 16:43:24,16,12,6,1,1
U001,28.637875514654265,77.2192315036826,2025-01-12 16:45:24,16,12,6,1,1
U001,28.639093515918773,77.22705681955907,2025-01-12 16:51:25,16,12,6,1,1
U001,28.641869873708067,77.22714545619252,2025-01-12 17:04:20,17,12,6,1,1
U001,28.64248747329273,77.22898336100019,2025-01-12 17:26:53,17,12,6,1,1
U001,28.63673864023907,77.22412398826911,2025-01-12 17:28:57,17,12,6,1,1
U001,28.6403212915132,77.2246082693741,2025-01-12 17:50:17,17,12,6,1,1
U001,28.64321515647469,77.22431742798045,2025-01-12 18:16:41,18,12,6,1,1
U001,28.6428274716168,77.22251449669093,2025-01-12 18:30:44,18,12,6,1,1
U001,28.64080142016475,77.22483368654277,2025-01-12 18:35:03,18,12,6,1,1
U001,28.644422305820708,77.21750281529074,2025-01-12 18:48:09,18,12,6,1,1
U001,28.641879535189247,77.22908616663044,2025-01-12 19:20:07,19,12,6,1,1
U001,28.64130457665666,77.22384266017716,2025-01-12 19:27:45,19,12,6,1,1
U001,28.641414282724583,77.22235281289166,2025-01-12 19:53:53,19,12,6,1,1
U001,28.611578013078727,77.20594926965924,2025-01-12 20:26:34,20,12,6,1,1
U001,28.616732687235515,77.2078562382699,2025-01-12 20:31:12,20,12,6,1,1
U001,28.61381527806262,77.20732701819014,2025-01-12 20:32:54,20,12,6,1,1
U001,28.608296184135707,77.20713915065998,2025-01-12 20:37:14,20,12,6,1,1
U001,28.614558594670743,77.20830866039499,2025-01-12 21:05:33,21,12,6,1,1
U001,28.61285278175535,77.20908509187227,2025-01-12 21:15:23,21,12,6,1,1
U001,28.61816953743323,77.2105001606747,2025-01-12 21:46:38,21,12,6,1,1
U001,28.610834631712745,77.2083225993717,2025-01-12 21:47:04,21,12,6,1,1
U001,28.614223292961,77.20855078281834,2025-01-12 21:49:29,21,12,6,1,1
U001,28.611862587487984,77.2023706921976,2025-01-12 22:35:23,22,12,6,1,1
U001,28.615262410483314,77.20739773511603,2025-01-12 22:41:54,22,12,6,1,1
U001,28.614200871936067,77.20954701448187,2025-01-12 22:58:08,22,12,6,1,1
U001,28.612996996172377,77.20736564971632,2025-01-12 23:09:12,23,12,6,1,1
U001,28.613723028451748,77.21103398115754,2025-01-12 23:23:55,23,12,6,1,1
U001,28.61239294557793,77.20875455335725,2025-01-12 23:24:34,23,12,6,1,1
U001,28.614157121205334,77.20741186322276,2025-01-12 23:26:28,23,12,6,1,1
U001,28.6128008570104,77.2110524089568,2025-01-12 23:58:43,23,12,6,1,1
U001,28.61597090253033,77.20814642206425,2025-01-13 00:02:40,0,13,0,1,0
U001,28.61508912312656,77.20994324571984,2025-01-13 00:21:42,0,13,0,1,0
U001,28.61684480765052,77.20665655991014,2025-01-13 00:50:46,0,13,0,1,0
U001,28.61241278703717,77.21001709482036,2025-01-13 00:58:24,0,13,0,1,0
U001,28.615752227548896,77.20847271645474,2025-01-13 01:00:25,1,13,0,1,0
U001,28.612633879577533,77.208928979823,2025-01-13 01:04:23,1,13,0,1,0
U001,28.610488077781604,77.20840868364678,2025-01-13 01:18:44,1,13,0,1,0
U001,28.61343598604563,77.20877829005246,2025-01-13 01:25:00,1,13,0,1,0
U001,28.61510468073157,77.21008878387391,2025-01-13 01:46:18,1,13,0,1,0
U001,28.61431257868938,77.21023097678848,2025-01-13 02:07:52,2,13,0,1,0
U001,28.613761485134543,77.20887035620173,2025-01-13 02:41:37,2,13,0,1,0
U001,28.61098102351817,77.21044636405969,2025-01-13 02:54:06,2,13,0,1,0
U001,28.612174366741566,77.2108487200704,2025-01-13 03:23:44,3,13,0,1,0
U001,28.61184010282281,77.20785978208032,2025-01-13 03:26:41,3,13,0,1,0
U001,28.614436468337427,77.21186181031695,2025-01-13 03:31:18,3,13,0,1,0
U001,28.614362424557022,77.20287252038061,2025-01-13 03:36:48,3,13,0,1,0
U001,28.61674031391044,77.20803116080427,2025-01-13 03:38:20,3,13,0,1,0
U001,28.61378901627253,77.20904903430124,2025-01-13 04:12:28,4,13,0,1,0
U001,28.612201178301067,77.20962574442972,2025-01-13 04:42:46,4,13,0,1,0
U001,28.613447907758385,77.21036378068469,2025-01-13 04:59:16,4,13,0,1,0
U001,28.61288484900225,77.20803334895885,2025-01-13 05:23:22,5,13,0,1,0
U001,28.611516884952373,77.20994763221445,2025-01-13 05:40:02,5,13,0,1,0
U001,28.609088884623738,77.21013384309443,2025-01-13 05:42:14,5,13,0,1,0
U001,28.61469095939158,77.20897910796083,2025-01-13 05:44:58,5,13,0,1,0
U001,28.61392519729374,77.21319115189515,2025-01-13 05:52:08,5,13,0,1,0
U001,28.613790851554874,77.20911143379303,2025-01-13 06:19:42,6,13,0,1,0
U001,28.611580402366936,77.2124521258174,2025-01-13 06:39:27,6,13,0,1,0
U001,28.61383632255952,77.20927996535637,2025-01-13 06:39:46,6,13,0,1,0
U001,28.61355255038094,77.21036967491244,2025-01-13 06:46:21,6,13,0,1,0
U001,28.612925832982835,77.2084715049437,2025-01-13 07:03:32,7,13,0,1,0
U001,28.611374209455526,77.20785145557934,2025-01-13 07:41:51,7,13,0,1,0
U001,28.61184164720732,77.20595344527108,2025-01-13 07:48:38,7,13,0,1,0
U001,28.617063352745284,77.20773912695286,2025-01-13 07:51:22,7,13,0,1,0
U001,28.623767691525824,77.21448051098199,2025-01-13 08:20:00,8,13,0,1,0
U001,28.624283680601,77.2140673553835,2025-01-13 08:31:14,8,13,0,1,0
U001,28.621442195425324,77.21290684971122,2025-01-13 08:37:36,8,13,0,1,0
U001,28.62164979403864,77.21593280318262,2025-01-13 08:41:51,8,13,0,1,0
U001,28.61911135747525,77.21109655166495,2025-01-13 08:42:09,8,13,0,1,0
U001,28.62980551176292,77.21345091164274,2025-01-13 09:12:45,9,13,0,1,0
U001,28.629899962801908,77.22093759735287,2025-01-13 09:18:35,9,13,0,1,0
U001,28.63086308532243,77.2142287067417,2025-01-13 09:37:26,9,13,0,1,0
U001,28.631140701038586,77.21643186865535,2025-01-13 09:48:38,9,13,0,1,0
U001,28.629991742815704,77.21834730452737,2025-01-13 10:15:45,10,13,0,1,0
U001,28.62970791224619,77.21915948902131,2025-01-13 10:39:35,10,13,0,1,0
U001,28.62799954425566,77.21651757020027,2025-01-13 10:59:20,10,13,0,1,0
U001,28.624838006115013,77.21788855585922,2025-01-13 11:17:56,11,13,0,1,0
U001,28.631635724430637,77.22022346040715,2025-01-13 11:31:03,11,13,0,1,0
U001,28.628717053167136,77.21642711149879,2025-01-13 11:39:36,11,13,0,1,0
U001,28.630000770162017,77.220439614413,2025-01-13 11:46:40,11,13,0,1,0
U001,28.625847062867603,77.2175648055595,2025-01-13 12:14:11,12,13,0,1,0
U001,28.62929849530453,77.21749634922182,2025-01-13 12:25:19,12,13,0,1,0
U001,28.63506745517604,77.22044917765898,2025-01-13 12:28:37,12,13,0,1,0
U001,28.630854801262892,77.21631319280878,2025-01-13 12:51:50,12,13,0,1,0
U001,28.63114677676075,77.21716273604176,2025-01-13 13:09:28,13,13,0,1,0
U001,28.6335411767518,77.22104663459523,2025-01-13 13:14:24,13,13,0,1,0
U001,28.63332510961971,77.21959255189579,2025-01-13 13:14:57,13,13,0,1,0
U001,28.626925176181885,77.21915491047213,2025-01-13 13:33:03,13,13,0,1,0
U001,28.631593216903106,77.21796970728455,2025-01-13 13:45:07,13,13,0,1,0
U001,28.63421792049016,77.22049882755232,2025-01-13 14:12:54,14,13,0,1,0
U001,28.626739369079186,77.2199565074464,2025-01-13 14:13:26,14,13,0,1,0
U001,28.632092693854812,77.2199656849615,2025-01-13 14:23:16,14,13,0,1,0
U001,28.62963952575176,77.21731450195212,2025-01-13 14:33:09,14,13,0,1,0
U001,28.630875181694066,77.21678883678752,2025-01-13 15:08:24,15,13,0,1,0
U001,28.630068804307275,77.21507148317362,2025-01-13 15:24:48,15,13,0,1,0
U001,28.63147164656166,77.2161088041775,2025-01-13 15:29:28,15,13,0,1,0
U001,28.62939505587764,77.21497761876212,2025-01-13 15:34:04,15,13,0,1,0
U001,28.629153874773923,77.215968581383,2025-01-13 16:27:21,16,13,0,1,0
U001,28.6282837151154,77.22004998076787,2025-01-13 16:49:17,16,13,0,1,0
U001,28.6332447190386,77.21590140663645,2025-01-13 16:54:37,16,13,0,1,0
U001,28.630256530117904,77.21647106908706,2025-01-13 17:09:20,17,13,0,1,0
U001,28.63329004162401,77.21677931025995,2025-01-13 17:10:04,17,13,0,1,0
U001,28.630857813763807,77.2168785417679,2025-01-13 17:27:50,17,13,0,1,0
U001,28.631294191175755,77.2181896777361,2025-01-13 18:06:25,18,13,0,1,0
U001,28.631054909737696,77.21644273942171,2025-01-13 18:38:25,18,13,0,1,0
U001,28.628605753731016,77.21718155832612,2025-01-13 18:56:03,18,13,0,1,0
U001,28.620518253555897,77.21564722372156,2025-01-13 19:03:42,19,13,0,1,0
U001,28.62096967021226,77.21270489619585,2025-01-13 19:10:30,19,13,0,1,0
U001,28.619960414035955,77.21594738954649,2025-01-13 19:17:54,19,13,0,1,0
U001,28.61281893708796,77.20234534644501,2025-01-13 20:15:19,20,13,0,1,0
U001,28.615428238446324,77.20734720621888,2025-01-13 20:25:19,20,13,0,1,0
U001,28.615254957701453,77.20590101743828,2025-01-13 20:35:52,20,13,0,1,0
U001,28.615837826490967,77.20891840149814,2025-01-13 20:58:27,20,13,0,1,0
U001,28.609202729605247,77.23014903762784,2025-01-13 21:10:01,21,13,0,1,0
U001,28.609066448075765,77.23003983331576,2025-01-13 21:42:43,21,13,0,1,0
U001,28.61224402930763,77.2309226993,2025-01-13 21:44:37,21,13,0,1,0
U001,28.61245135218756,77.23161436367691,2025-01-13 21:56:18,21,13,0,1,0
U001,28.608845119476,77.23052689605063,2025-01-13 21:59:28,21,13,0,1,0
U001,28.60923489229225,77.23341768124786,2025-01-13 22:07:51,22,13,0,1,0
U001,28.610733668428093,77.22565846419353,2025-01-13 22:19:01,22,13,0,1,0
U001,28.611826672166,77.227775573983,2025-01-13 22:35:00,22,13,0,1,0
U001,28.612794420299803,77.22890472625083,2025-01-13 22:44:35,22,13,0,1,0
U001,28.614816738976103,77.20854499019434,2025-01-13 23:14:34,23,13,0,1,0
U001,28.612615076437176,77.20803358162898,2025-01-13 23:27:19,23,13,0,1,0
U001,28.6140467935212,77.20867491079392,2025-01-13 23:32:17,23,13,0,1,0
U001,28.615266471823137,77.20789513730496,2025-01-13 23:45:12,23,13,0,1,0
U001,28.614734888924943,77.2103148071741,2025-01-13 23:55:51,23,13,0,1,0
U001,28.613552301287307,77.20856542780194,2025-01-14 00:00:01,0,14,1,1,0
U001,28.615952212021316,77.20873316985835,2025-01-14 00:05:25,0,14,1,1,0
U001,28.61524283657957,77.20842681966317,2025-01-14 00:06:03,0,14,1,1,0
U001,28.612893559452004,77.20992992405913,2025-01-14 00:37:37,0,14,1,1,0
U001,28.61636088855828,77.20987508194928,2025-01-14 00:54:35,0,14,1,1,0
U001,28.6145548375214,77.21087397520944,2025-01-14 01:25:11,1,14,1,1,0
U001,28.61273281836213,77.2083006296547,2025-01-14 01:35:51,1,14,1,1,0
U001,28.612389272965668,77.20901924227023,2025-01-14 01:39:03,1,14,1,1,0
U001,28.61326445761169,77.2088394103918,2025-01-14 01:54:15,1,14,1,1,0
U001,28.614901557051255,77.20861105937645,2025-01-14 02:11:58,2,14,1,1,0
U001,28.6123904590351,77.20900426514554,2025-01-14 02:22:07,2,14,1,1,0
U001,28.61528065446893,77.20684799158457,2025-01-14 02:39:49,2,14,1,1,0
U001,28.61368537381057,77.20912008911701,2025-01-14 02:55:35,2,14,1,1,0
U001,28.61369114937165,77.20801985551053,2025-01-14 03:32:50,3,14,1,1,0
U001,28.61033400899324,77.20891032858243,2025-01-14 03:45:56,3,14,1,1,0
U001,28.611510296949326,77.21120899940851,2025-01-14 03:51:18,3,14,1,1,0
U001,28.61184096393662,77.20747792958447,2025-01-14 03:55:34,3,14,1,1,0
U001,28.61414390647303,77.20775116802082,2025-01-14 03:56:11,3,14,1,1,0
U001,28.612320024169897,77.20881143973575,2025-01-14 04:14:04,4,14,1,1,0
U001,28.61497804583223,77.20598601035438,2025-01-14 04:36:21,4,14,1,1,0
U001,28.61732661340212,77.21125703597099,2025-01-14 04:59:38,4,14,1,1,0
U001,28.61551629504305,77.20912298532043,2025-01-14 05:02:24,5,14,1,1,0
U001,28.614837749430272,77.20960071932788,2025-01-14 05:41:20,5,14,1,1,0
U001,28.613621980978127,77.20931943073919,2025-01-14 05:51:50,5,14,1,1,0
U001,28.613897043586597,77.20920721272984,2025-01-14 05:57:16,5,14,1,1,0
U001,28.615452302019275,77.20568411214508,2025-01-14 06:16:41,6,14,1,1,0
U001,28.610762053263027,77.20855349277798,2025-01-14 06:36:14,6,14,1,1,0
U001,28.61262966900527,77.20798954853981,2025-01-14 06:44:16,6,14,1,1,0
U001,28.612535308152257,77.21108608787077,2025-01-14 06:46:13,6,14,1,1,0
U001,28.613271801423952,77.20686946595248,2025-01-14 06:55:15,6,14,1,1,0
U001,28.611930636668024,77.20974939547003,2025-01-14 07:17:48,7,14,1,1,0
U001,28.61273397640909,77.21340254508219,2025-01-14 07:17:54,7,14,1,1,0
U001,28.61472695970917,77.2082978158558,2025-01-14 07:24:44,7,14,1,1,0
U001,28.61619031522877,77.20987726439441,2025-01-14 07:45:44,7,14,1,1,0
U001,28.624435850555283,77.2145640952037,2025-01-14 08:35:43,8,14,1,1,0
U001,28.61910426696344,77.20970054657964,2025-01-14 08:43:47,8,14,1,1,0
U001,28.62018763181464,77.213132554593,2025-01-14 08:49:34,8,14,1,1,0
U001,28.622389638565487,77.21887671963096,2025-01-14 08:53:02,8,14,1,1,0
U001,28.62024731478384,77.21549733438746,2025-01-14 08:54:28,8,14,1,1,0
U001,28.628973600504853,77.21935249118636,2025-01-14 09:00:27,9,14,1,1,0
U001,28.631608355720527,77.21836496861715,2025-01-14 09:03:45,9,14,1,1,0
U001,28.629545489723405,77.21690135603531,2025-01-14 09:15:11,9,14,1,1,0
U001,28.631758033869826,77.21617898296508,2025-01-14 09:17:19,9,14,1,1,0
U001,28.63017965346269,77.21453655503092,2025-01-14 09:17:54,9,14,1,1,0
U001,28.63133644272528,77.21595032390616,2025-01-14 10:16:41,10,14,1,1,0
U001,28.62809491895989,77.21583232979748,2025-01-14 10:21:52,10,14,1,1,0
U001,28.630580822470236,77.22028080864435,2025-01-14 10:43:26,10,14,1,1,0
U001,28.62894612252502,77.21902739364474,2025-01-14 10:43:29,10,14,1,1,0
U001,28.63065694307001,77.2171060256722,2025-01-14 11:01:21,11,14,1,1,0
U001,28.63114951556796,77.21818066571474,2025-01-14 11:45:46,11,14,1,1,0
U001,28.632878442613464,77.22068819884328,2025-01-14 11:55:56,11,14,1,1,0
U001,28.631908692693408,77.2187677092502,2025-01-14 12:05:44,12,14,1,1,0
U001,28.63109351177104,77.21960125740877,2025-01-14 12:09:00,12,14,1,1,0
U001,28.627786991117706,77.21894358904059,2025-01-14 12:43:15,12,14,1,1,0
U001,28.62866873689153,77.21774469471295,2025-01-14 12:44:23,12,14,1,1,0
U001,28.628448959351907,77.21896163613256,2025-01-14 13:02:33,13,14,1,1,0
U001,28.62796535192235,77.21952737695376,2025-01-14 13:08:03,13,14,1,1,0
U001,28.63099256200206,77.21815111642222,2025-01-14 13:36:31,13,14,1,1,0
U001,28.631857640687738,77.21794230021187,2025-01-14 13:45:43,13,14,1,1,0
U001,28.63029109227246,77.2167947872469,2025-01-14 14:08:55,14,14,1,1,0
U001,28.62699150089956,77.21759864340447,2025-01-14 14:12:05,14,14,1,1,0
U001,28.63117263206001,77.21765428777105,2025-01-14 14:31:35,14,14,1,1,0
U001,28.632305063725056,77.21611096905688,2025-01-14 14:56:54,14,14,1,1,0
U001,28.62909133137597,77.21805904056984,2025-01-14 15:15:53,15,14,1,1,0
U001,28.630895960554973,77.2210914233946,2025-01-14 15:37:44,15,14,1,1,0
U001,28.63041371572432,77.22229138962271,2025-01-14 15:50:19,15,14,1,1,0
U001,28.60930289847133,77.22944785756066,2025-01-14 16:01:36,16,14,1,1,0
U001,28.60856804129444,77.22856495620832,2025-01-14 16:06:51,16,14,1,1,0
U001,28.608996640308888,77.2301218607953,2025-01-14 16:18:13,16,14,1,1,0
U001,28.63156553465341,77.22083248824266,2025-01-14 17:03:16,17,14,1,1,0
U001,28.632374976330187,77.21554258342324,2025-01-14 17:05:27,17,14,1,1,0
U001,28.629996487154827,77.22012007378828,2025-01-14 17:37:10,17,14,1,1,0
U001,28.62937783070528,77.21637490039237,2025-01-14 17:38:26,17,14,1,1,0
U001,28.629605314507337,77.21956259734968,2025-01-14 17:43:20,17,14,1,1,0
U001,28.632329582737373,77.22053207204603,2025-01-14 18:00:25,18,14,1,1,0
U001,28.632579150583727,77.21711179224167,2025-01-14 18:35:41,18,14,1,1,0
U001,28.63178450573711,77.21982872240253,2025-01-14 18:45:43,18,14,1,1,0
U001,28.632337731898488,77.21504216249885,2025-01-14 18:50:22,18,14,1,1,0
U001,28.62489304099472,77.21082306855337,2025-01-14 19:16:10,19,14,1,1,0
U001,28.628296606628403,77.20929924744492,2025-01-14 19:17:08,19,14,1,1,0
U001,28.62109449693023,77.21219688191313,2025-01-14 19:17:51,19,14,1,1,0
U001,28.620038422666997,77.21303603578583,2025-01-14 19:58:03,19,14,1,1,0
U001,28.614742505403296,77.2102609036752,2025-01-14 20:09:43,20,14,1,1,0
U001,28.615777952382285,77.20886334742899,2025-01-14 20:11:40,20,14,1,1,0
U001,28.610242356402296,77.2089223260601,2025-01-14 20:30:06,20,14,1,1,0
U001,28.6119262447226,77.2105510296518,2025-01-14 20:41:43,20,14,1,1,0
U001,28.613537538912908,77.20742005687653,2025-01-14 20:58:27,20,14,1,1,0
U001,28.612608171017165,77.2088297947286,2025-01-14 21:16:34,21,14,1,1,0
U001,28.614462729883435,77.20678158958685,2025-01-14 21:31:32,21,14,1,1,0
U001,28.61526195323866,77.2109620701393,2025-01-14 21:34:28,21,14,1,1,0
U001,28.615402187479496,77.21174975073917,2025-01-14 21:40:54,21,14,1,1,0
U001,28.61351142783469,77.20837456343712,2025-01-14 21:58:31,21,14,1,1,0
U001,28.612642894253632,77.20985530140213,2025-01-14 22:25:17,22,14,1,1,0
U001,28.61237332327548,77.20686168979563,2025-01-14 22:39:04,22,14,1,1,0
U001,28.617022097536896,77.21077921863153,2025-01-14 22:42:54,22,14,1,1,0
U001,28.60865727969895,77.20853813342515,2025-01-14 22:50:16,22,14,1,1,0
U001,28.61287453990934,77.20910243444074,2025-01-14 23:09:04,23,14,1,1,0
U001,28.61245971621815,77.20807605395994,2025-01-14 23:38:17,23,14,1,1,0
U001,28.61473726366877,77.20757288931217,2025-01-14 23:52:35,23,14,1,1,0
U001,28.61489591629297,77.20903059570789,2025-01-15 00:10:23,0,15,2,1,0
U001,28.611489641336803,77.20803034399543,2025-01-15 00:16:36,0,15,2,1,0
U001,28.613502403024484,77.20550452049986,2025-01-15 00:42:53,0,15,2,1,0
U001,28.61510525799476,77.21013756821469,2025-01-15 00:44:34,0,15,2,1,0
U001,28.614011899292183,77.2111274270387,2025-01-15 00:59:25,0,15,2,1,0
U001,28.61416822020444,77.20957550823252,2025-01-15 01:00:58,1,15,2,1,0
U001,28.61382339392018,77.20752919139717,2025-01-15 01:25:30,1,15,2,1,0
U001,28.617920515149024,77.21312650957006,2025-01-15 01:32:58,1,15,2,1,0
U001,28.609072811109503,77.21023356835704,2025-01-15 01:41:40,1,15,2,1,0
U001,28.614651408692207,77.21022002028229,2025-01-15 01:49:37,1,15,2,1,0
U001,28.614923499726856,77.20779931408644,2025-01-15 02:06:52,2,15,2,1,0
U001,28.612415162346483,77.21006161542684,2025-01-15 02:31:22,2,15,2,1,0
U001,28.61488811084249,77.21497212950345,2025-01-15 02:32:50,2,15,2,1,0
U001,28.61306987282033,77.20877315641629,2025-01-15 02:49:00,2,15,2,1,0
U001,28.61547963440032,77.21186022759247,2025-01-15 03:03:47,3,15,2,1,0
U001,28.61437293326112,77.21108688612362,2025-01-15 03:51:49,3,15,2,1,0
U001,28.61291268580151,77.20724012871653,2025-01-15 03:54:32,3,15,2,1,0
U001,28.614554696980655,77.21072460035768,2025-01-15 03:54:39,3,15,2,1,0
U001,28.61411487257085,77.20823223665518,2025-01-15 04:07:05,4,15,2,1,0
U001,28.61202476598368,77.20975624831958,2025-01-15 04:09:16,4,15,2,1,0
U001,28.611297473400235,77.20917246032866,2025-01-15 04:18:04,4,15,2,1,0
U001,28.61464402490874,77.21127912449383,2025-01-15 04:38:06,4,15,2,1,0
U001,28.614574652700128,77.20979135408093,2025-01-15 04:46:38,4,15,2,1,0
U001,28.615279834502505,77.20982520456495,2025-01-15 05:09:28,5,15,2,1,0
U001,28.616008093201454,77.20741628408983,2025-01-15 05:22:18,5,15,2,1,0
U001,28.616020076597174,77.20792544213651,2025-01-15 05:53:55,5,15,2,1,0
U001,28.613391709929694,77.20923842392568,2025-01-15 05:57:09,5,15,2,1,0
U001,28.6139762665449,77.21014175481919,2025-01-15 05:57:44,5,15,2,1,0
U001,28.614434287344025,77.20317111941392,2025-01-15 06:01:03,6,15,2,1,0
U001,28.614846582012508,77.20659071389866,2025-01-15 06:19:35,6,15,2,1,0
U001,28.610360354362214,77.21169456060773,2025-01-15 06:41:24,6,15,2,1,0
U001,28.613878533178596,77.2031671183003,2025-01-15 06:49:44,6,15,2,1,0
U001,28.6162450143556,77.21051386048606,2025-01-15 07:13:21,7,15,2,1,0
U001,28.61031940949721,77.21094551469542,2025-01-15 07:27:47,7,15,2,1,0
U001,28.614636935058023,77.20848125132859,2025-01-15 07:31:18,7,15,2,1,0
U001,28.611712586332967,77.20488105302222,2025-01-15 07:43:10,7,15,2,1,0
U001,28.613502314791106,77.20450545929889,2025-01-15 07:52:44,7,15,2,1,0
U001,28.630924834242997,77.21953756113217,2025-01-15 08:31:38,8,15,2,1,0
U001,28.630008488717007,77.21633988844691,2025-01-15 08:41:44,8,15,2,1,0
U001,28.629729529781457,77.2155283505543,2025-01-15 08:48:30,8,15,2,1,0
U001,28.631376393655994,77.21777144525934,2025-01-15 08:52:41,8,15,2,1,0
U001,28.630771370011686,77.21853381053847,2025-01-15 08:53:45,8,15,2,1,0
U001,28.629851020752408,77.22063289832049,2025-01-15 09:10:42,9,15,2,1,0
U001,28.63147289922308,77.21609963258122,2025-01-15 09:24:06,9,15,2,1,0
U001,28.629506941429657,77.22088499690845,2025-01-15 09:31:35,9,15,2,1,0
U001,28.62810111613472,77.21368858133313,2025-01-15 09:47:18,9,15,2,1,0
U001,28.628605944050463,77.21810909518238,2025-01-15 10:04:11,10,15,2,1,0
U001,28.62967610049305,77.22067409592863,2025-01-15 10:13:05,10,15,2,1,0
U001,28.63083093290534,77.21701210967706,2025-01-15 10:53:17,10,15,2,1,0
U001,28.632012044988663,77.21773386909061,2025-01-15 11:01:49,11,15,2,1,0
U001,28.629658932302565,77.21936029400634,2025-01-15 11:06:05,11,15,2,1,0
U001,28.636714098970817,77.21399462031482,2025-01-15 11:27:41,11,15,2,1,0
U001,28.62830980617512,77.21997437187589,2025-01-15 11:34:08,11,15,2,1,0
U001,28.63046409019738,77.2171917020391,2025-01-15 12:07:07,12,15,2,1,0
U001,28.63064392045724,77.21556351052156,2025-01-15 12:28:35,12,15,2,1,0
U001,28.63135749355117,77.21512013973475,2025-01-15 12:34:07,12,15,2,1,0
U001,28.62808780599564,77.21396443133588,2025-01-15 12:59:39,12,15,2,1,0
U001,28.62800411470221,77.21835521635919,2025-01-15 13:02:56,13,15,2,1,0
U001,28.62593253106088,77.21401290295533,2025-01-15 13:10:12,13,15,2,1,0
U001,28.63102758282443,77.21822498130616,2025-01-15 13:13:22,13,15,2,1,0
U001,28.63176544555019,77.21922961399342,2025-01-15 13:36:25,13,15,2,1,0
U001,28.629180784858196,77.22164471289051,2025-01-15 14:08:49,14,15,2,1,0
U001,28.629707616944,77.22004812981325,2025-01-15 14:32:01,14,15,2,1,0
U001,28.63080033298169,77.21345930245323,2025-01-15 14:32:49,14,15,2,1,0
U001,28.63083411474903,77.21785969000527,2025-01-15 15:38:42,15,15,2,1,0
U001,28.631685929392223,77.21758056219167,2025-01-15 15:52:32,15,15,2,1,0
U001,28.62911092317254,77.21710124487139,2025-01-15 15:57:36,15,15,2,1,0
U001,28.62886428873931,77.21647426360072,2025-01-15 16:08:44,16,15,2,1,0
U001,28.63047058971563,77.21659030490282,2025-01-15 16:30:48,16,15,2,1,0
U001,28.629535975935195,77.21760666104919,2025-01-15 16:47:51,16,15,2,1,0
U001,28.629539868017734,77.21514872046903,2025-01-15 17:14:01,17,15,2,1,0
U001,28.62973126569302,77.21688859754471,2025-01-15 17:14:13,17,15,2,1,0
U001,28.634252370386964,77.21804809716383,2025-01-15 17:59:37,17,15,2,1,0
U001,28.63074694015031,77.21735754328236,2025-01-15 18:30:27,18,15,2,1,0
U001,28.63168404110881,77.2196817104411,2025-01-15 18:31:21,18,15,2,1,0
U001,28.62989471471793,77.2159447221495,2025-01-15 18:48:32,18,15,2,1,0
U001,28.627660939665983,77.21843557798785,2025-01-15 18:51:00,18,15,2,1,0
U001,28.629487441079,77.2160593905246,2025-01-15 18:53:02,18,15,2,1,0
U001,28.61242596395982,77.20868217168065,2025-01-15 19:14:35,19,15,2,1,0
U001,28.615749236583465,77.21142833806437,2025-01-15 19:20:07,19,15,2,1,0
U001,28.61258744254084,77.206296924649,2025-01-15 19:41:13,19,15,2,1,0
U001,28.61178033379366,77.20890468162209,2025-01-15 19:47:28,19,15,2,1,0
U001,28.6134927933876,77.20898355560438,2025-01-15 19:59:21,19,15,2,1,0
U001,28.613854849391934,77.21140463329785,2025-01-15 20:27:53,20,15,2,1,0
U001,28.61385344212617,77.21027991539586,2025-01-15 20:40:21,20,15,2,1,0
U001,28.617007859159692,77.2063266507158,2025-01-15 20:56:48,20,15,2,1,0
U001,28.61190255091514,77.20784453325636,2025-01-15 20:57:28,20,15,2,1,0
U001,28.61301890906146,77.20660838198067,2025-01-15 21:07:35,21,15,2,1,0
U001,28.61508255688717,77.21417898154928,2025-01-15 21:34:36,21,15,2,1,0
U001,28.614312769341936,77.20905227080324,2025-01-15 21:39:22,21,15,2,1,0
U001,28.617755849982117,77.21129019676734,2025-01-15 22:25:21,22,15,2,1,0
U001,28.61697695619823,77.2080155515137,2025-01-15 22:30:43,22,15,2,1,0
U001,28.61325031665905,77.20816280614554,2025-01-15 22:32:07,22,15,2,1,0
U001,28.615938782559788,77.21304767662895,2025-01-15 22:43:07,22,15,2,1,0
U001,28.61514428926316,77.20867436448643,2025-01-15 22:47:08,22,15,2,1,0
U001,28.61673183523636,77.21236604984784,2025-01-15 23:23:42,23,15,2,1,0
U001,28.61357549384595,77.20907122219889,2025-01-15 23:27:48,23,15,2,1,0
U001,28.61667093150674,77.2097180184231,2025-01-15 23:52:27,23,15,2,1,0
U001,28.613503593115308,77.20880398601241,2025-01-15 23:54:23,23,15,2,1,0
U001,28.612405010134182,77.20883867243637,2025-01-16 00:09:18,0,16,3,1,0
U001,28.614120295049197,77.2096773301887,2025-01-16 00:29:19,0,16,3,1,0
U001,28.614260761698684,77.21018353452409,2025-01-16 00:34:13,0,16,3,1,0
U001,28.617045420695376,77.21399355721532,2025-01-16 00:48:16,0,16,3,1,0
U001,28.61385905641608,77.20577208497538,2025-01-16 01:06:47,1,16,3,1,0
U001,28.611922015796463,77.20988424044346,2025-01-16 01:07:33,1,16,3,1,0
U001,28.611007465025715,77.21033789374161,2025-01-16 01:31:29,1,16,3,1,0
U001,28.618347694791527,77.20584853703508,2025-01-16 01:41:03,1,16,3,1,0
U001,28.615863645856795,77.20963052616537,2025-01-16 01:53:04,1,16,3,1,0
U001,28.6112525524228,77.21201029421294,2025-01-16 02:08:15,2,16,3,1,0
U001,28.615527099728556,77.20598078343814,2025-01-16 02:22:22,2,16,3,1,0
U001,28.61445655968076,77.2087303434169,2025-01-16 02:58:42,2,16,3,1,0
U001,28.61608420257016,77.20757264244399,2025-01-16 03:00:07,3,16,3,1,0
U001,28.61380805047389,77.21137269891358,2025-01-16 03:04:44,3,16,3,1,0
U001,28.61585708748352,77.20873016060078,2025-01-16 03:10:20,3,16,3,1,0
U001,28.61317206496253,77.2082859168447,2025-01-16 03:27:00,3,16,3,1,0
U001,28.61636936830012,77.20970784911684,2025-01-16 03:30:22,3,16,3,1,0
U001,28.61023268420532,77.21059245462602,2025-01-16 04:06:17,4,16,3,1,0
U001,28.616005916260036,77.21047877864642,2025-01-16 04:09:40,4,16,3,1,0
U001,28.61417496698468,77.20712856040302,2025-01-16 04:11:44,4,16,3,1,0
U001,28.61245739928203,77.20680537196138,2025-01-16 04:15:38,4,16,3,1,0
U001,28.61363215546885,77.20820081242076,2025-01-16 04:32:02,4,16,3,1,0
U001,28.61575831342513,77.2087116013769,2025-01-16 05:00:33,5,16,3,1,0
U001,28.612853373870667,77.20781856305665,2025-01-16 05:30:02,5,16,3,1,0
U001,28.611403811109728,77.20546340178406,2025-01-16 05:49:43,5,16,3,1,0
U001,28.610821937060464,77.21032180460132,2025-01-16 05:56:16,5,16,3,1,0
U001,28.612078124618805,77.21070943622968,2025-01-16 06:22:22,6,16,3,1,0
U001,28.613330042027663,77.20779879407438,2025-01-16 06:25:57,6,16,3,1,0
U001,28.614067308527723,77.20778998902385,2025-01-16 06:36:39,6,16,3,1,0
U001,28.611375985897727,77.2101881023271,2025-01-16 06:39:37,6,16,3,1,0
U001,28.614865505759543,77.21351012632802,2025-01-16 06:58:46,6,16,3,1,0
U001,28.611721996064578,77.2068214291349,2025-01-16 07:01:42,7,16,3,1,0
U001,28.615143096926666,77.20824345834748,2025-01-16 07:02:49,7,16,3,1,0
U001,28.61336587131213,77.2115148676161,2025-01-16 07:17:08,7,16,3,1,0
U001,28.61253391603743,77.20825215759979,2025-01-16 07:46:02,7,16,3,1,0
U001,28.61363170861778,77.21079408925115,2025-01-16 07:58:27,7,16,3,1,0
U001,28.6227746396564,77.2154063960715,2025-01-16 08:01:08,8,16,3,1,0
U001,28.61936224768569,77.2117872699511,2025-01-16 08:08:09,8,16,3,1,0
U001,28.6196036727229,77.21487048014909,2025-01-16 08:09:31,8,16,3,1,0
U001,28.61692412402092,77.21749301643746,2025-01-16 08:26:02,8,16,3,1,0
U001,28.62362697473338,77.21098237423047,2025-01-16 08:50:16,8,16,3,1,0
U001,28.63173271120187,77.22109429549138,2025-01-16 09:05:04,9,16,3,1,0
U001,28.62753236860824,77.21695483425799,2025-01-16 09:29:33,9,16,3,1,0
U001,28.627636287813875,77.2150072006951,2025-01-16 09:57:28,9,16,3,1,0
U001,28.62981383655151,77.21642055604455,2025-01-16 10:10:20,10,16,3,1,0
U001,28.63094449445825,77.21800927733726,2025-01-16 10:36:27,10,16,3,1,0
U001,28.63173384817281,77.2165656831879,2025-01-16 10:47:08,10,16,3,1,0
U001,28.630607348918087,77.21670324618464,2025-01-16 11:05:52,11,16,3,1,0
U001,28.63288791418716,77.21894703984759,2025-01-16 11:28:02,11,16,3,1,0
U001,28.627061566778064,77.21483294613557,2025-01-16 11:43:26,11,16,3,1,0
U001,28.63219723985797,77.21670696463066,2025-01-16 11:59:38,11,16,3,1,0
U001,28.64098394887393,77.22449403494501,2025-01-16 12:01:38,12,16,3,1,0
U001,28.637874823324903,77.22081522807062,2025-01-16 12:16:11,12,16,3,1,0
U001,28.6381757531991,77.22598235295992,2025-01-16 12:35:48,12,16,3,1,0
U001,28.64162617324368,77.22231939476825,2025-01-16 12:39:41,12,16,3,1,0
U001,28.634338022014905,77.21853566737606,2025-01-16 13:22:52,13,16,3,1,0
U001,28.62909467619595,77.21606956947171,2025-01-16 13:56:29,13,16,3,1,0
U001,28.627008003540777,77.21981878236144,2025-01-16 13:56:38,13,16,3,1,0
U001,28.63174480892659,77.21706345634472,2025-01-16 13:56:58,13,16,3,1,0
U001,28.63575543570677,77.2134518599601,2025-01-16 14:05:04,14,16,3,1,0
U001,28.629440708558658,77.22094355270849,2025-01-16 14:09:08,14,16,3,1,0
U001,28.627858692841325,77.21726877494281,2025-01-16 14:29:43,14,16,3,1,0
U001,28.632923738609897,77.218431821897,2025-01-16 14:41:50,14,16,3,1,0
U001,28.624638065510528,77.21755570157485,2025-01-16 14:41:51,14,16,3,1,0
U001,28.629737126564667,77.21945596099692,2025-01-16 15:15:25,15,16,3,1,0
U001,28.62828304167702,77.21777110838742,2025-01-16 15:16:30,15,16,3,1,0
U001,28.632298590314196,77.21475460669338,2025-01-16 15:24:16,15,16,3,1,0
U001,28.63057476304381,77.22224130473022,2025-01-16 15:31:51,15,16,3,1,0
U001,28.630919450518583,77.21606730552567,2025-01-16 15:50:49,15,16,3,1,0
U001,28.630655074574776,77.21736059468013,2025-01-16 16:25:49,16,16,3,1,0
U001,28.634054909172693,77.21569386136599,2025-01-16 16:28:25,16,16,3,1,0
U001,28.62928982622935,77.21736160239786,2025-01-16 16:29:43,16,16,3,1,0
U001,28.62917383025397,77.21792388191294,2025-01-16 16:41:23,16,16,3,1,0
U001,28.629095549372582,77.22022989227244,2025-01-16 17:14:12,17,16,3,1,0
U001,28.63165961121969,77.21722248038239,2025-01-16 17:19:41,17,16,3,1,0
U001,28.63190637496661,77.21654461787352,2025-01-16 17:40:51,17,16,3,1,0
U001,28.632303499678343,77.21748017708603,2025-01-16 18:16:24,18,16,3,1,0
U001,28.63165617683904,77.21676842413132,2025-01-16 18:39:30,18,16,3,1,0
U001,28.632224721704823,77.21775739332953,2025-01-16 18:52:21,18,16,3,1,0
U001,28.62082233225997,77.21619171610787,2025-01-16 19:01:32,19,16,3,1,0
U001,28.62465141292921,77.21651349336992,2025-01-16 19:06:00,19,16,3,1,0
U001,28.62157614224143,77.21293706408815,2025-01-16 19:22:35,19,16,3,1,0
U001,28.61291683735128,77.20983304216671,2025-01-16 20:09:36,20,16,3,1,0
U001,28.615808234890466,77.20791744165689,2025-01-16 20:12:23,20,16,3,1,0
U001,28.611672667419413,77.20902369882288,2025-01-16 20:45:54,20,16,3,1,0
U001,28.61796014834577,77.209539804516,2025-01-16 20:57:06,20,16,3,1,0
U001,28.613745811071656,77.20860549700852,2025-01-16 21:13:23,21,16,3,1,0
U001,28.615022196567747,77.21412285611636,2025-01-16 21:14:33,21,16,3,1,0
U001,28.61396847660304,77.20747656334609,2025-01-16 21:24:46,21,16,3,1,0
U001,28.614637879182865,77.21326367833996,2025-01-16 21:35:26,21,16,3,1,0
U001,28.61539543196817,77.21230884871977,2025-01-16 21:38:22,21,16,3,1,0
U001,28.61182674267173,77.20767923309333,2025-01-16 22:13:00,22,16,3,1,0
U001,28.61219080717746,77.20843302064247,2025-01-16 22:28:54,22,16,3,1,0
U001,28.61416400880608,77.21131146927772,2025-01-16 22:29:43,22,16,3,1,0
U001,28.612984205907036,77.2071244843145,2025-01-16 22:41:54,22,16,3,1,0
U001,28.6120494107916,77.2107813976059,2025-01-16 22:48:50,22,16,3,1,0
U001,28.619287453219545,77.20447477548153,2025-01-16 23:02:32,23,16,3,1,0
U001,28.614277173458618,77.20970031387175,2025-01-16 23:34:06,23,16,3,1,0
U001,28.610757910958576,77.21023057244912,2025-01-16 23:47:23,23,16,3,1,0
U001,28.616429945570697,77.20544765112938,2025-01-17 00:05:27,0,17,4,1,0
U001,28.613195683601383,77.21064241068306,2025-01-17 00:16:58,0,17,4,1,0
U001,28.613091536365324,77.20944974826725,2025-01-17 00:44:52,0,17,4,1,0
U001,28.613597024778308,77.20682458149614,2025-01-17 01:09:19,1,17,4,1,0
U001,28.613264151903817,77.20680265198072,2025-01-17 01:22:15,1,17,4,1,0
U001,28.612644002661654,77.21051471245669,2025-01-17 01:34:53,1,17,4,1,0
U001,28.614711108920797,77.20608721691912,2025-01-17 01:50:10,1,17,4,1,0
U001,28.617939579991557,77.20786909640779,2025-01-17 02:12:08,2,17,4,1,0
U001,28.612842284704826,77.20829996509099,2025-01-17 02:16:01,2,17,4,1,0
U001,28.61556867174786,77.21186444831555,2025-01-17 02:21:02,2,17,4,1,0
U001,28.61526103725568,77.21023814782235,2025-01-17 02:45:12,2,17,4,1,0
U001,28.614822065613374,77.20901283964695,2025-01-17 02:45:46,2,17,4,1,0
U001,28.614992290847653,77.20951584120058,2025-01-17 03:07:16,3,17,4,1,0
U001,28.614170153825533,77.20758661073454,2025-01-17 03:42:27,3,17,4,1,0
U001,28.6116154628134,77.21085803833476,2025-01-17 03:53:39,3,17,4,1,0
U001,28.61596367139659,77.20980008813277,2025-01-17 03:59:18,3,17,4,1,0
U001,28.61731862183959,77.21144808637935,2025-01-17 04:02:42,4,17,4,1,0
U001,28.614458705421747,77.20890682922796,2025-01-17 04:05:49,4,17,4,1,0
U001,28.61388566245156,77.21174004399141,2025-01-17 04:26:50,4,17,4,1,0
U001,28.613951054413683,77.20607046044572,2025-01-17 05:21:54,5,17,4,1,0
U001,28.61247209306767,77.2100023898785,2025-01-17 05:27:27,5,17,4,1,0
U001,28.612891374822865,77.20842251346993,2025-01-17 05:41:44,5,17,4,1,0
U001,28.617228093296134,77.20913804637752,2025-01-17 06:16:35,6,17,4,1,0
U001,28.60952978215913,77.20622547756071,2025-01-17 06:24:57,6,17,4,1,0
U001,28.60655898956161,77.20956292325991,2025-01-17 06:33:00,6,17,4,1,0
U001,28.61670750226676,77.20885842016165,2025-01-17 06:36:44,6,17,4,1,0
U001,28.61612721352251,77.2063825776028,2025-01-17 06:40:14,6,17,4,1,0
U001,28.614130310359258,77.21070230640852,2025-01-17 07:09:06,7,17,4,1,0
U001,28.61736931796156,77.21226849788287,2025-01-17 07:13:24,7,17,4,1,0
U001,28.61578905091956,77.20941824300508,2025-01-17 07:20:04,7,17,4,1,0
U001,28.61649169538135,77.21085828387349,2025-01-17 07:23:22,7,17,4,1,0
U001,28.613482645819865,77.20756097433454,2025-01-17 07:59:45,7,17,4,1,0
U001,28.62297711833176,77.21329586780124,2025-01-17 08:00:15,8,17,4,1,0
U001,28.622473832288478,77.21289199687028,2025-01-17 08:00:25,8,17,4,1,0
U001,28.62487015876011,77.21483804294755,2025-01-17 08:43:07,8,17,4,1,0
U001,28.6260365220514,77.21551056906469,2025-01-17 09:07:38,9,17,4,1,0
U001,28.631830936680657,77.21801083096997,2025-01-17 09:12:36,9,17,4,1,0
U001,28.629759127532207,77.21945344081098,2025-01-17 09:34:21,9,17,4,1,0
U001,28.63205265558706,77.21827905214118,2025-01-17 09:52:28,9,17,4,1,0
U001,28.630260560145203,77.21764223650088,2025-01-17 10:37:39,10,17,4,1,0
U001,28.629659761798223,77.21736326421433,2025-01-17 10:44:37,10,17,4,1,0
U001,28.62982003700878,77.22062753785939,2025-01-17 10:56:54,10,17,4,1,0
U001,28.629366965028357,77.21500609400513,2025-01-17 11:35:46,11,17,4,1,0
U001,28.635952084878685,77.22081520372028,2025-01-17 11:53:42,11,17,4,1,0
U001,28.62760417049609,77.21764225192608,2025-01-17 11:57:42,11,17,4,1,0
U001,28.6272704682506,77.21523331054424,2025-01-17 12:08:52,12,17,4,1,0
U001,28.63099275758264,77.22058414976895,2025-01-17 12:19:20,12,17,4,1,0
U001,28.63064691219024,77.21621483594407,2025-01-17 12:28:25,12,17,4,1,0
U001,28.63175559351902,77.2179915717091,2025-01-17 12:53:49,12,17,4,1,0
U001,28.629536049795533,77.21822002549929,2025-01-17 12:59:52,12,17,4,1,0
U001,28.6324935875073,77.213836242905,2025-01-17 13:27:21,13,17,4,1,0
U001,28.63280988155228,77.2209852711604,2025-01-17 13:27:29,13,17,4,1,0
U001,28.6306713383319,77.21912263091774,2025-01-17 13:28:34,13,17,4,1,0
U001,28.62876485906917,77.21610705499398,2025-01-17 13:43:28,13,17,4,1,0
U001,28.62319344117947,77.21526680305765,2025-01-17 14:02:36,14,17,4,1,0
U001,28.629285951340364,77.21759826617063,2025-01-17 14:09:09,14,17,4,1,0
U001,28.631283739954668,77.21736759796624,2025-01-17 14:23:24,14,17,4,1,0
U001,28.627204421206145,77.21903259320062,2025-01-17 14:26:09,14,17,4,1,0
U001,28.629904249276425,77.21745804447221,2025-01-17 14:31:36,14,17,4,1,0
U001,28.62621792305048,77.21880913767777,2025-01-17 15:02:14,15,17,4,1,0
U001,28.63191695885569,77.22070301523765,2025-01-17 15:16:32,15,17,4,1,0
U001,28.62887973287014,77.21683713091743,2025-01-17 15:32:36,15,17,4,1,0
U001,28.629538243398866,77.21801263316236,2025-01-17 16:05:31,16,17,4,1,0
U001,28.627922659393757,77.21671116892803,2025-01-17 16:23:19,16,17,4,1,0
U001,28.629506153353454,77.21976398622749,2025-01-17 16:26:15,16,17,4,1,0
U001,28.628021125005024,77.21553309775496,2025-01-17 16:45:00,16,17,4,1,0
U001,28.630493476054752,77.21864947980379,2025-01-17 16:50:04,16,17,4,1,0
U001,28.62815349408909,77.2205212866684,2025-01-17 17:02:38,17,17,4,1,0
U001,28.629089799855844,77.21657524369422,2025-01-17 17:14:57,17,17,4,1,0
U001,28.63157244095957,77.21810724913784,2025-01-17 17:19:28,17,17,4,1,0
U001,28.62520838406312,77.21545362995495,2025-01-17 17:27:48,17,17,4,1,0
U001,28.62999748323861,77.21753961754656,2025-01-17 17:49:52,17,17,4,1,0
U001,28.63345538157056,77.2187574697671,2025-01-17 18:16:22,18,17,4,1,0
U001,28.632617151147635,77.21651508444397,2025-01-17 18:34:38,18,17,4,1,0
U001,28.63152677794032,77.21714568994992,2025-01-17 18:39:34,18,17,4,1,0
U001,28.63402391071103,77.2187024491073,2025-01-17 18:42:44,18,17,4,1,0
U001,28.622294817300464,77.21189446185788,2025-01-17 19:10:42,19,17,4,1,0
U001,28.621629760429617,77.2126907068629,2025-01-17 19:11:06,19,17,4,1,0
U001,28.624058317751174,77.21485346853149,2025-01-17 19:29:45,19,17,4,1,0
U001,28.62041995205117,77.21236698072312,2025-01-17 19:31:44,19,17,4,1,0
U001,28.621822466459676,77.21276866999614,2025-01-17 19:33:17,19,17,4,1,0
U001,28.612595104265164,77.2066977064899,2025-01-17 20:07:07,20,17,4,1,0
U001,28.61562336974024,77.20849476951119,2025-01-17 20:19:28,20,17,4,1,0
U001,28.60923269401925,77.21407056232525,2025-01-17 20:44:00,20,17,4,1,0
U001,28.613686522150157,77.20742590580619,2025-01-17 20:45:29,20,17,4,1,0
U001,28.611149780565317,77.20517519446575,2025-01-17 21:09:52,21,17,4,1,0
U001,28.613754845082127,77.20782541733018,2025-01-17 21:24:54,21,17,4,1,0
U001,28.613603049845512,77.20813998661504,2025-01-17 21:53:08,21,17,4,1,0
U001,28.610636311558707,77.21065225034106,2025-01-17 22:19:12,22,17,4,1,0
U001,28.61548066862067,77.20486154148846,2025-01-17 22:34:11,22,17,4,1,0
U001,28.613403115924143,77.20581020035279,2025-01-17 22:34:41,22,17,4,1,0
U001,28.616475833425007,77.21214045496066,2025-01-17 22:47:13,22,17,4,1,0
U001,28.617872415013053,77.20596621498429,2025-01-17 23:21:39,23,17,4,1,0
U001,28.617326497806253,77.21171986758561,2025-01-17 23:21:53,23,17,4,1,0
U001,28.612955383232087,77.208340521014,2025-01-17 23:31:17,23,17,4,1,0
U001,28.613898417030555,77.2082341684236,2025-01-17 23:33:07,23,17,4,1,0
U001,28.61208126759123,77.20959870033656,2025-01-18 00:15:28,0,18,5,1,1
U001,28.613327147050818,77.21391164509322,2025-01-18 00:19:06,0,18,5,1,1
U001,28.61080533363842,77.2078186841805,2025-01-18 00:23:05,0,18,5,1,1
U001,28.61379923715653,77.21229550809998,2025-01-18 00:48:41,0,18,5,1,1
U001,28.613721487762167,77.2084120261155,2025-01-18 01:31:55,1,18,5,1,1
U001,28.61110951874355,77.20519594379034,2025-01-18 01:49:47,1,18,5,1,1
U001,28.615228098247016,77.21250642511103,2025-01-18 01:50:18,1,18,5,1,1
U001,28.612292191790587,77.2102080225483,2025-01-18 02:16:34,2,18,5,1,1
U001,28.61515166581094,77.20978642191106,2025-01-18 02:36:33,2,18,5,1,1
U001,28.613866717594316,77.20820570778045,2025-01-18 02:39:05,2,18,5,1,1
U001,28.612692996375028,77.20578443957773,2025-01-18 03:20:15,3,18,5,1,1
U001,28.61678840568683,77.20671597755239,2025-01-18 03:38:04,3,18,5,1,1
U001,28.613075293750303,77.20752563982401,2025-01-18 03:41:37,3,18,5,1,1
U001,28.615983004918377,77.20808596366713,2025-01-18 03:42:14,3,18,5,1,1
U001,28.61342156925417,77.20688379199127,2025-01-18 04:32:17,4,18,5,1,1
U001,28.613677721685345,77.20610571399928,2025-01-18 04:35:54,4,18,5,1,1
U001,28.613856074827275,77.20739491550158,2025-01-18 04:42:41,4,18,5,1,1
U001,28.612064107304818,77.20607288688244,2025-01-18 04:58:01,4,18,5,1,1
U001,28.61279706659803,77.21031824950126,2025-01-18 05:14:53,5,18,5,1,1
U001,28.61292101208549,77.20908820222775,2025-01-18 05:26:23,5,18,5,1,1
U001,28.61471029051114,77.20570022185292,2025-01-18 05:31:35,5,18,5,1,1
U001,28.616759501979445,77.20866470916988,2025-01-18 05:42:14,5,18,5,1,1
U001,28.619705752095197,77.21162134704949,2025-01-18 06:03:14,6,18,5,1,1
U001,28.61447294540242,77.2082427671358,2025-01-18 06:11:02,6,18,5,1,1
U001,28.6140882370627,77.20813419876264,2025-01-18 06:37:33,6,18,5,1,1
U001,28.616583532705285,77.20713467469498,2025-01-18 06:49:51,6,18,5,1,1
U001,28.61443383033107,77.20909528637051,2025-01-18 06:57:58,6,18,5,1,1
U001,28.613389438034872,77.20944377855847,2025-01-18 07:05:53,7,18,5,1,1
U001,28.608789223676357,77.20239562324586,2025-01-18 07:31:23,7,18,5,1,1
U001,28.61572266648312,77.20886359847367,2025-01-18 07:34:31,7,18,5,1,1
U001,28.614898482509982,77.20903595283704,2025-01-18 07:44:26,7,18,5,1,1
U001,28.62872245131474,77.194965428583,2025-01-18 08:01:47,8,18,5,1,1
U001,28.619448744420957,77.18861270279544,2025-01-18 08:14:30,8,18,5,1,1
U001,28.62503015510429,77.19234191414513,2025-01-18 08:20:39,8,18,5,1,1
U001,28.6248360260505,77.19409933656806,2025-01-18 08:43:44,8,18,5,1,1
U001,28.62522263841892,77.19281345933287,2025-01-18 09:06:38,9,18,5,1,1
U001,28.62518173615989,77.19431131144441,2025-01-18 09:10:06,9,18,5,1,1
U001,28.625668740648877,77.19498481011463,2025-01-18 09:16:12,9,18,5,1,1
U001,28.627098669722965,77.19463572825929,2025-01-18 09:58:56,9,18,5,1,1
U001,28.62458410705116,77.19530055179176,2025-01-18 10:07:55,10,18,5,1,1
U001,28.623638984803865,77.19424412189849,2025-01-18 10:17:57,10,18,5,1,1
U001,28.62495278906272,77.19629122782153,2025-01-18 10:35:04,10,18,5,1,1
U001,28.62190766564679,77.19458165981665,2025-01-18 10:58:02,10,18,5,1,1
U001,28.600142760172044,77.20313770057872,2025-01-18 11:05:39,11,18,5,1,1
U001,28.59833114500722,77.20712340053518,2025-01-18 11:23:27,11,18,5,1,1
U001,28.596247746392283,77.2075566182228,2025-01-18 11:52:42,11,18,5,1,1
U001,28.6036883440644,77.20218888300069,2025-01-18 12:37:06,12,18,5,1,1
U001,28.60561187240653,77.20651982909509,2025-01-18 12:48:55,12,18,5,1,1
U001,28.601930909194145,77.20239146393351,2025-01-18 12:57:44,12,18,5,1,1
U001,28.5989862859312,77.20419124989718,2025-01-18 13:32:49,13,18,5,1,1
U001,28.5975293593478,77.20465229093436,2025-01-18 13:37:28,13,18,5,1,1
U001,28.59842338495388,77.2028289207716,2025-01-18 13:50:20,13,18,5,1,1
U001,28.60393798977616,77.20380364861701,2025-01-18 14:02:25,14,18,5,1,1
U001,28.59952052158957,77.20477345618703,2025-01-18 14:08:03,14,18,5,1,1
U001,28.59687999324921,77.20681003597011,2025-01-18 14:16:21,14,18,5,1,1
U001,28.59912056430771,77.20556414186721,2025-01-18 14:31:26,14,18,5,1,1
U001,28.60533621887529,77.20707210385385,2025-01-18 14:41:37,14,18,5,1,1
U001,28.6396057768159,77.22492059668632,2025-01-18 15:26:17,15,18,5,1,1
U001,28.642919489306728,77.22816015541552,2025-01-18 15:58:58,15,18,5,1,1
U001,28.63877896980938,77.22467606429163,2025-01-18 15:59:24,15,18,5,1,1
U001,28.640660572951496,77.22711373092577,2025-01-18 16:13:15,16,18,5,1,1
U001,28.635564750776705,77.22633138178217,2025-01-18 16:20:12,16,18,5,1,1
U001,28.63832140654987,77.22824079737397,2025-01-18 16:42:14,16,18,5,1,1
U001,28.64345166265364,77.222169467482,2025-01-18 16:45:08,16,18,5,1,1
U001,28.641833586854663,77.22335792036444,2025-01-18 17:10:33,17,18,5,1,1
U001,28.640510070553116,77.22457984345097,2025-01-18 17:20:42,17,18,5,1,1
U001,28.638210086893185,77.22340658459092,2025-01-18 17:27:11,17,18,5,1,1
U001,28.636215410113003,77.22884836701294,2025-01-18 17:54:47,17,18,5,1,1
U001,28.638771565934316,77.22614128018265,2025-01-18 18:00:34,18,18,5,1,1
U001,28.639262992592336,77.22251818444391,2025-01-18 18:30:15,18,18,5,1,1
U001,28.6379772206119,77.22376670576001,2025-01-18 18:32:08,18,18,5,1,1
U001,28.61346338356564,77.20877030407014,2025-01-18 19:22:21,19,18,5,1,1
U001,28.61698303248815,77.21001848274072,2025-01-18 19:28:15,19,18,5,1,1
U001,28.61331418262561,77.20842549726322,2025-01-18 19:38:19,19,18,5,1,1
U001,28.61397325592652,77.21161061893828,2025-01-18 20:07:05,20,18,5,1,1
U001,28.613416422765194,77.20993404238524,2025-01-18 20:22:51,20,18,5,1,1
U001,28.61707559966448,77.20743044329103,2025-01-18 20:57:36,20,18,5,1,1
U001,28.61325483156148,77.20921404527596,2025-01-18 21:15:12,21,18,5,1,1
U001,28.614072428257085,77.20810865066345,2025-01-18 21:53:10,21,18,5,1,1
U001,28.614198374217537,77.21169721161385,2025-01-18 21:54:40,21,18,5,1,1
U001,28.615103446178395,77.20722689216969,2025-01-18 21:56:38,21,18,5,1,1
U001,28.6172100062952,77.21051813229654,2025-01-18 22:06:46,22,18,5,1,1
U001,28.61254280438898,77.21023352761297,2025-01-18 22:22:31,22,18,5,1,1
U001,28.61513977240078,77.20964521705514,2025-01-18 22:39:41,22,18,5,1,1
U001,28.61265404187997,77.21224437072149,2025-01-18 22:59:38,22,18,5,1,1
U001,28.61492022793326,77.21117675887496,2025-01-18 23:06:17,23,18,5,1,1
U001,28.613212087218,77.20712032398518,2025-01-18 23:21:36,23,18,5,1,1
U001,28.614970125419877,77.20958286455395,2025-01-18 23:42:58,23,18,5,1,1
U001,28.61400029155798,77.21142824558751,2025-01-18 23:58:35,23,18,5,1,1
U001,28.61256608006908,77.210759397681,2025-01-19 00:12:01,0,19,6,1,1
U001,28.614594119455788,77.2112650196197,2025-01-19 00:13:44,0,19,6,1,1
U001,28.60941715127406,77.21121322144845,2025-01-19 00:19:37,0,19,6,1,1
U001,28.61618952636152,77.2112694659943,2025-01-19 00:21:03,0,19,6,1,1
U001,28.615429389478813,77.20738521886743,2025-01-19 00:35:54,0,19,6,1,1
U001,28.61417821857393,77.20736193714468,2025-01-19 01:34:07,1,19,6,1,1
U001,28.615450029437977,77.21049394254938,2025-01-19 01:43:08,1,19,6,1,1
U001,28.61365074056772,77.20881617931579,2025-01-19 01:44:09,1,19,6,1,1
U001,28.615649671861775,77.20927904413914,2025-01-19 01:55:19,1,19,6,1,1
U001,28.61221302555384,77.20777870273436,2025-01-19 02:07:23,2,19,6,1,1
U001,28.61377254361903,77.21016477652834,2025-01-19 02:12:26,2,19,6,1,1
U001,28.612416959813945,77.20796460579645,2025-01-19 02:20:31,2,19,6,1,1
U001,28.61470573928092,77.20922018512768,2025-01-19 02:38:40,2,19,6,1,1
U001,28.613550732395996,77.20822476982312,2025-01-19 02:46:07,2,19,6,1,1
U001,28.615095539521025,77.20777827787953,2025-01-19 03:02:32,3,19,6,1,1
U001,28.61410729032506,77.21177177158985,2025-01-19 03:20:37,3,19,6,1,1
U001,28.61435832804592,77.20925011130772,2025-01-19 03:25:16,3,19,6,1,1
U001,28.615529532997304,77.20724022675107,2025-01-19 03:52:01,3,19,6,1,1
U001,28.61309578438697,77.21194253707344,2025-01-19 03:58:42,3,19,6,1,1
U001,28.613285106027323,77.21094391754454,2025-01-19 04:19:07,4,19,6,1,1
U001,28.6159152221368,77.2107271975639,2025-01-19 04:29:16,4,19,6,1,1
U001,28.61702248849999,77.20875258424897,2025-01-19 04:43:31,4,19,6,1,1
U001,28.614212188964675,77.20841272549711,2025-01-19 04:58:28,4,19,6,1,1
U001,28.612121575086164,77.21219444292522,2025-01-19 05:10:29,5,19,6,1,1
U001,28.612341387009288,77.210787694518,2025-01-19 05:16:42,5,19,6,1,1
U001,28.612907640621543,77.20956745418157,2025-01-19 05:29:01,5,19,6,1,1
U001,28.61502364846359,77.2091339354811,2025-01-19 05:34:06,5,19,6,1,1
U001,28.61260220350119,77.20636956112654,2025-01-19 05:53:56,5,19,6,1,1
U001,28.612449328127777,77.21019397654291,2025-01-19 06:17:32,6,19,6,1,1
U001,28.61484650027708,77.20912957813746,2025-01-19 06:25:25,6,19,6,1,1
U001,28.615577299422267,77.20999449590416,2025-01-19 06:37:55,6,19,6,1,1
U001,28.61230357171794,77.21018685920829,2025-01-19 07:00:56,7,19,6,1,1
U001,28.6116136384552,77.20658275877541,2025-01-19 07:07:11,7,19,6,1,1
U001,28.612483941880782,77.20922297667713,2025-01-19 07:32:45,7,19,6,1,1
U001,28.61358647467693,77.20765081053655,2025-01-19 07:53:21,7,19,6,1,1
U001,28.616537258697427,77.21275505318496,2025-01-19 08:09:35,8,19,6,1,1
U001,28.61647555944681,77.20627878442026,2025-01-19 08:31:12,8,19,6,1,1
U001,28.61537538600508,77.20643685930636,2025-01-19 08:48:00,8,19,6,1,1
U001,28.62632201033176,77.19426885703919,2025-01-19 09:16:40,9,19,6,1,1
U001,28.622763267924554,77.19593066987188,2025-01-19 09:27:07,9,19,6,1,1
U001,28.62648821239113,77.19372387445185,2025-01-19 09:52:41,9,19,6,1,1
U001,28.62519403626421,77.19815434211162,2025-01-19 10:05:13,10,19,6,1,1
U001,28.62391990281564,77.19610321490853,2025-01-19 10:45:37,10,19,6,1,1
U001,28.62580291672418,77.19560924189867,2025-01-19 10:51:42,10,19,6,1,1
U001,28.62817230473416,77.19363699014632,2025-01-19 10:52:00,10,19,6,1,1
U001,28.622839842221087,77.1947736234563,2025-01-19 10:55:49,10,19,6,1,1
U001,28.62625654216903,77.19226881630777,2025-01-19 11:14:37,11,19,6,1,1
U001,28.623602049204365,77.20012350422532,2025-01-19 11:18:16,11,19,6,1,1
U001,28.627272174962307,77.19313177120873,2025-01-19 11:32:20,11,19,6,1,1
U001,28.62511651829172,77.19074549968565,2025-01-19 11:39:34,11,19,6,1,1
U001,28.603772770459624,77.20351478910203,2025-01-19 12:00:10,12,19,6,1,1
U001,28.60014285943086,77.20532852040745,2025-01-19 12:21:53,12,19,6,1,1
U001,28.59970772172548,77.20488968756105,2025-01-19 12:22:17,12,19,6,1,1
U001,28.60053200206889,77.20455730560357,2025-01-19 12:26:30,12,19,6,1,1
U001,28.598497608856302,77.2046588708587,2025-01-19 12:59:48,12,19,6,1,1
U001,28.59474692780083,77.20268528303896,2025-01-19 13:01:21,13,19,6,1,1
U001,28.60003266100827,77.20530609282359,2025-01-19 13:01:39,13,19,6,1,1
U001,28.598016564801352,77.20423991190997,2025-01-19 13:09:07,13,19,6,1,1
U001,28.59756649691337,77.2046599472508,2025-01-19 13:44:27,13,19,6,1,1
U001,28.60219663660752,77.20367562904292,2025-01-19 14:37:01,14,19,6,1,1
U001,28.602894538793947,77.2080452564536,2025-01-19 14:40:50,14,19,6,1,1
U001,28.59865678013853,77.20648501202686,2025-01-19 14:42:32,14,19,6,1,1
U001,28.599053439623862,77.21011496958374,2025-01-19 14:46:30,14,19,6,1,1
U001,28.60104618640632,77.20469162022084,2025-01-19 15:10:17,15,19,6,1,1
U001,28.59725890006681,77.20689898740717,2025-01-19 15:11:42,15,19,6,1,1
U001,28.60079008544402,77.20674484293046,2025-01-19 15:22:12,15,19,6,1,1
U001,28.60014374629769,77.20550502490892,2025-01-19 15:23:36,15,19,6,1,1
U001,28.59934522698958,77.20256466994188,2025-01-19 15:30:27,15,19,6,1,1
U001,28.63849789901598,77.22464855022572,2025-01-19 16:01:17,16,19,6,1,1
U001,28.64009582735765,77.22446618085769,2025-01-19 16:17:06,16,19,6,1,1
U001,28.639313806947,77.2242189108597,2025-01-19 16:28:32,16,19,6,1,1
U001,28.641006683889536,77.22606729390876,2025-01-19 16:40:17,16,19,6,1,1
U001,28.636875251196454,77.22275257981617,2025-01-19 16:52:53,16,19,6,1,1
U001,28.640099336528134,77.2244539700786,2025-01-19 17:17:57,17,19,6,1,1
U001,28.64155992667886,77.22545524129086,2025-01-19 17:53:23,17,19,6,1,1
U001,28.63850002213675,77.22486874740953,2025-01-19 17:58:12,17,19,6,1,1
U001,28.635857747730512,77.22245227840502,2025-01-19 18:01:08,18,19,6,1,1
U001,28.63499044506399,77.22345672845104,2025-01-19 18:02:21,18,19,6,1,1
U001,28.638116296567045,77.22504375684126,2025-01-19 18:34:09,18,19,6,1,1
U001,28.63835023008785,77.22501806872323,2025-01-19 18:39:01,18,19,6,1,1
U001,28.63666911454094,77.22556486923324,2025-01-19 19:35:24,19,19,6,1,1
U001,28.63846945981761,77.22420972731062,2025-01-19 19:36:55,19,19,6,1,1
U001,28.636303506111798,77.22436195161696,2025-01-19 19:53:23,19,19,6,1,1
U001,28.61314937094832,77.20862204222308,2025-01-19 20:03:43,20,19,6,1,1
U001,28.614243930347133,77.20935472637512,2025-01-19 20:08:03,20,19,6,1,1
U001,28.61615654331614,77.2114123437591,2025-01-19 20:52:47,20,19,6,1,1
U001,28.61015746617511,77.21084676788723,2025-01-19 20:56:49,20,19,6,1,1
U001,28.616306818252102,77.20901642971576,2025-01-19 21:02:55,21,19,6,1,1
U001,28.612790000930037,77.20845353480463,2025-01-19 21:08:58,21,19,6,1,1
U001,28.61362177630072,77.21176782296953,2025-01-19 21:25:56,21,19,6,1,1
U001,28.617814887937087,77.2074681664654,2025-01-19 21:29:05,21,19,6,1,1
U001,28.615975330962097,77.20478522075805,2025-01-19 21:53:41,21,19,6,1,1
U001,28.6144636409944,77.20875224673165,2025-01-19 22:44:40,22,19,6,1,1
U001,28.61412981462523,77.2102170385157,2025-01-19 22:58:02,22,19,6,1,1
U001,28.614178822660044,77.21003307613104,2025-01-19 22:58:18,22,19,6,1,1
U001,28.61438766627438,77.20259953220813,2025-01-19 23:08:53,23,19,6,1,1
U001,28.61367616805845,77.20921089534244,2025-01-19 23:39:47,23,19,6,1,1
U001,28.612586950570307,77.21154877174493,2025-01-19 23:46:10,23,19,6,1,1
U001,28.61440003266986,77.20968778966248,2025-01-19 23:46:31,23,19,6,1,1
U001,28.613561107465497,77.20627480343273,2025-01-19 23:59:20,23,19,6,1,1
U001,28.612621681624443,77.20780519397232,2025-01-20 00:22:56,0,20,0,1,0
U001,28.61576816130849,77.20466503618935,2025-01-20 00:40:40,0,20,0,1,0
U001,28.61313718222868,77.2092882843325,2025-01-20 00:50:23,0,20,0,1,0
U001,28.613379792845464,77.2094227575008,2025-01-20 00:59:38,0,20,0,1,0
U001,28.61362254340488,77.21064877501978,2025-01-20 01:02:31,1,20,0,1,0
U001,28.61222739302604,77.20941481450316,2025-01-20 01:40:48,1,20,0,1,0
U001,28.61166133290082,77.20507022099669,2025-01-20 01:46:30,1,20,0,1,0
U001,28.61105282990936,77.21195021628544,2025-01-20 02:16:44,2,20,0,1,0
U001,28.61465664864648,77.21118702184772,2025-01-20 02:26:12,2,20,0,1,0
U001,28.61261551814597,77.21264527086191,2025-01-20 02:39:00,2,20,0,1,0
U001,28.619630859746984,77.20959767808525,2025-01-20 02:46:15,2,20,0,1,0
U001,28.61529002169715,77.20986425691451,2025-01-20 03:04:48,3,20,0,1,0
U001,28.61125128762837,77.2120274397064,2025-01-20 03:46:38,3,20,0,1,0
U001,28.612315472478056,77.20835650832372,2025-01-20 03:54:06,3,20,0,1,0
U001,28.61524868693788,77.21051548822014,2025-01-20 04:05:02,4,20,0,1,0
U001,28.617663012329384,77.20782491376772,2025-01-20 04:26:38,4,20,0,1,0
U001,28.612887811829584,77.20765858792701,2025-01-20 04:54:50,4,20,0,1,0
U001,28.614672102137547,77.20537962209097,2025-01-20 05:02:53,5,20,0,1,0
U001,28.614698466723294,77.20897508931702,2025-01-20 05:27:33,5,20,0,1,0
U001,28.613850313917947,77.21197883060447,2025-01-20 05:40:16,5,20,0,1,0
U001,28.610043960412604,77.20727711530417,2025-01-20 05:47:15,5,20,0,1,0
U001,28.611413926809625,77.21197738286851,2025-01-20 06:05:26,6,20,0,1,0
U001,28.615438385900223,77.204879577921,2025-01-20 06:22:15,6,20,0,1,0
U001,28.615849781121234,77.20635063031945,2025-01-20 06:58:46,6,20,0,1,0
U001,28.613825070772844,77.20682528593925,2025-01-20 07:04:45,7,20,0,1,0
U001,28.612814817193257,77.21153922097741,2025-01-20 07:15:22,7,20,0,1,0
U001,28.61524744895598,77.2089887648853,2025-01-20 07:40:31,7,20,0,1,0
U001,28.6195671924716,77.21744427392879,2025-01-20 08:10:47,8,20,0,1,0
U001,28.621417860807664,77.21548253057169,2025-01-20 08:24:52,8,20,0,1,0
U001,28.62261523011233,77.21217478584813,2025-01-20 08:41:57,8,20,0,1,0
U001,28.62551399919831,77.21518219926278,2025-01-20 08:48:44,8,20,0,1,0
U001,28.62095100506866,77.21569396402045,2025-01-20 08:52:37,8,20,0,1,0
U001,28.625315657158847,77.21664838137083,2025-01-20 09:20:38,9,20,0,1,0
U001,28.62688012173888,77.21730498054285,2025-01-20 09:36:14,9,20,0,1,0
U001,28.63032561863482,77.22076788740615,2025-01-20 09:37:34,9,20,0,1,0
U001,28.629892074191947,77.21893283791779,2025-01-20 10:12:54,10,20,0,1,0
U001,28.63036603810245,77.21758642279717,2025-01-20 10:36:19,10,20,0,1,0
U001,28.631446984157236,77.22051627380853,2025-01-20 10:47:09,10,20,0,1,0
U001,28.63015615450728,77.21442191816944,2025-01-20 10:58:19,10,20,0,1,0
U001,28.6326849906538,77.22298681504377,2025-01-20 11:02:15,11,20,0,1,0
U001,28.629091426512456,77.21919475673909,2025-01-20 11:07:29,11,20,0,1,0
U001,28.62902036319499,77.22043398281502,2025-01-20 11:15:32,11,20,0,1,0
U001,28.62800686671294,77.21680782074905,2025-01-20 11:42:04,11,20,0,1,0
U001,28.632871986713557,77.21625499924646,2025-01-20 11:44:49,11,20,0,1,0
U001,28.63152599691202,77.21827393709461,2025-01-20 12:02:56,12,20,0,1,0
U001,28.629630242326428,77.21583628758658,2025-01-20 12:07:31,12,20,0,1,0
U001,28.627329405679152,77.21720933905564,2025-01-20 12:07:52,12,20,0,1,0
U001,28.6273832648418,77.21649270516058,2025-01-20 12:11:58,12,20,0,1,0
U001,28.628793704806046,77.21708503096579,2025-01-20 12:29:53,12,20,0,1,0
U001,28.63192253339608,77.21650967097635,2025-01-20 13:21:12,13,20,0,1,0
U001,28.629987881770607,77.21782433982361,2025-01-20 13:27:53,13,20,0,1,0
U001,28.63162946673289,77.21691177370884,2025-01-20 13:44:41,13,20,0,1,0
U001,28.62791868490821,77.21649702070732,2025-01-20 13:47:38,13,20,0,1,0
U001,28.63223009414448,77.22032255485153,2025-01-20 13:51:17,13,20,0,1,0
U001,28.63123177289086,77.21631046181795,2025-01-20 14:24:42,14,20,0,1,0
U001,28.629565430279676,77.22190335851357,2025-01-20 14:30:41,14,20,0,1,0
U001,28.632359618523274,77.21938167004173,2025-01-20 14:39:29,14,20,0,1,0
U001,28.628074822866413,77.21800363133286,2025-01-20 14:57:01,14,20,0,1,0
U001,28.63202847552444,77.21704089344249,2025-01-20 15:04:49,15,20,0,1,0
U001,28.62836648871369,77.21586812495802,2025-01-20 15:08:12,15,20,0,1,0
U001,28.629018188560195,77.21901104386691,2025-01-20 15:13:00,15,20,0,1,0
U001,28.628656102396047,77.21592432548034,2025-01-20 15:34:38,15,20,0,1,0
U001,28.62676377866376,77.21736584774499,2025-01-20 15:46:04,15,20,0,1,0
U001,28.62842440085908,77.21803580000895,2025-01-20 16:03:25,16,20,0,1,0
U001,28.63082841174824,77.21302529592683,2025-01-20 16:10:43,16,20,0,1,0
U001,28.626046549118147,77.2179999744289,2025-01-20 16:15:26,16,20,0,1,0
U001,28.629637966601745,77.2191143446498,2025-01-20 16:21:07,16,20,0,1,0
U001,28.63161711312731,77.22130043387929,2025-01-20 16:54:02,16,20,0,1,0
U001,28.628164066117805,77.22284526548789,2025-01-20 17:08:48,17,20,0,1,0
U001,28.629153826255894,77.21714283887208,2025-01-20 17:17:15,17,20,0,1,0
U001,28.631169365020455,77.21829389265751,2025-01-20 17:23:02,17,20,0,1,0
U001,28.627454773491728,77.2233749623467,2025-01-20 18:00:14,18,20,0,1,0
U001,28.62976066953289,77.21702224925275,2025-01-20 18:46:24,18,20,0,1,0
U001,28.629957241801183,77.21657806813103,2025-01-20 18:54:26,18,20,0,1,0
U001,28.628832799348025,77.21526035108545,2025-01-20 18:55:48,18,20,0,1,0
U001,28.63185205045749,77.22020528863648,2025-01-20 18:56:15,18,20,0,1,0
U001,28.61946723299308,77.21504082589324,2025-01-20 19:20:07,19,20,0,1,0
U001,28.619883063465803,77.2150113507169,2025-01-20 19:48:45,19,20,0,1,0
U001,28.622451466468675,77.21434426045768,2025-01-20 19:59:32,19,20,0,1,0
U001,28.6099857910788,77.23116432416336,2025-01-20 20:21:10,20,20,0,1,0
U001,28.611198517422636,77.2301851129993,2025-01-20 20:35:05,20,20,0,1,0
U001,28.608826644141995,77.23562010774731,2025-01-20 20:42:34,20,20,0,1,0
U001,28.60715496072989,77.23128251429675,2025-01-20 20:50:08,20,20,0,1,0
U001,28.611005306107604,77.23216791895328,2025-01-20 21:47:28,21,20,0,1,0
U001,28.6071325810578,77.22977099224953,2025-01-20 21:48:18,21,20,0,1,0
U001,28.61269606830709,77.23058793419143,2025-01-20 21:51:34,21,20,0,1,0
U001,28.61511628176193,77.2114062759112,2025-01-20 22:05:35,22,20,0,1,0
U001,28.61536440841994,77.2100042185266,2025-01-20 22:29:55,22,20,0,1,0
U001,28.61282594019023,77.20694778295504,2025-01-20 22:50:40,22,20,0,1,0
U001,28.61388688843404,77.2103252556632,2025-01-20 23:02:07,23,20,0,1,0
U001,28.616460448682435,77.20853002740944,2025-01-20 23:11:32,23,20,0,1,0
U001,28.611706268999374,77.20822823443122,2025-01-20 23:46:55,23,20,0,1,0
U001,28.613467884575275,77.2069463114821,2025-01-20 23:53:41,23,20,0,1,0
U001,28.613337702149,77.21146844927718,2025-01-20 23:54:23,23,20,0,1,0
U001,28.616263846256857,77.20916924102133,2025-01-21 00:22:26,0,21,1,1,0
U001,28.61228547548912,77.21346147594602,2025-01-21 00:32:48,0,21,1,1,0
U001,28.61472234480265,77.20899447123347,2025-01-21 00:41:36,0,21,1,1,0
U001,28.609817592200848,77.20729583411931,2025-01-21 00:48:14,0,21,1,1,0
U001,28.615446739493724,77.20520477121869,2025-01-21 01:02:20,1,21,1,1,0
U001,28.613618620921333,77.21165887976996,2025-01-21 01:06:08,1,21,1,1,0
U001,28.616685953970133,77.20765789945104,2025-01-21 01:20:25,1,21,1,1,0
U001,28.615305798359117,77.20838178642,2025-01-21 02:27:44,2,21,1,1,0
U001,28.614843046079287,77.2126683224623,2025-01-21 02:33:17,2,21,1,1,0
U001,28.611106611782454,77.20778415268752,2025-01-21 02:45:15,2,21,1,1,0
U001,28.611658798692,77.2044770903624,2025-01-21 02:55:07,2,21,1,1,0
U001,28.61230555954144,77.20782405805375,2025-01-21 03:11:45,3,21,1,1,0
U001,28.612493593381878,77.205478332133,2025-01-21 03:23:19,3,21,1,1,0
U001,28.60946076390125,77.21143475185481,2025-01-21 03:43:52,3,21,1,1,0
U001,28.614318409411343,77.20870239939394,2025-01-21 04:03:24,4,21,1,1,0
U001,28.613969677434127,77.20831664302888,2025-01-21 04:18:19,4,21,1,1,0
U001,28.61746380923908,77.20895171778419,2025-01-21 04:40:19,4,21,1,1,0
U001,28.61580618839625,77.20877740125262,2025-01-21 04:55:53,4,21,1,1,0
U001,28.60969535353744,77.20864787966903,2025-01-21 04:58:12,4,21,1,1,0
U001,28.608162035127364,77.20496541030887,2025-01-21 05:31:40,5,21,1,1,0
U001,28.616102771303428,77.2075581582697,2025-01-21 05:34:14,5,21,1,1,0
U001,28.612190065021444,77.2123194376838,2025-01-21 05:52:40,5,21,1,1,0
U001,28.61169505175899,77.20944118214614,2025-01-21 06:14:34,6,21,1,1,0
U001,28.614657056238773,77.20930935380034,2025-01-21 06:41:36,6,21,1,1,0
U001,28.61706290894879,77.20788165141305,2025-01-21 06:53:11,6,21,1,1,0
U001,28.613291130638945,77.21049874475725,2025-01-21 06:55:22,6,21,1,1,0
U001,28.61315897200126,77.20928180877434,2025-01-21 07:15:56,7,21,1,1,0
U001,28.614469287075995,77.20646569284804,2025-01-21 07:45:06,7,21,1,1,0
U001,28.61478280346945,77.2122717041162,2025-01-21 07:48:37,7,21,1,1,0
U001,28.618530976910645,77.2060039045262,2025-01-21 07:55:24,7,21,1,1,0
U001,28.614195745721936,77.2061585019662,2025-01-21 07:55:26,7,21,1,1,0
U001,28.63234967216313,77.21579385617196,2025-01-21 08:13:13,8,21,1,1,0
U001,28.632021079532397,77.22086872396562,2025-01-21 08:42:25,8,21,1,1,0
U001,28.63065743316465,77.21557069458454,2025-01-21 08:43:23,8,21,1,1,0
U001,28.629999469144096,77.21407818087164,2025-01-21 08:50:15,8,21,1,1,0
U001,28.63144271149912,77.21930351528012,2025-01-21 09:24:46,9,21,1,1,0
U001,28.63061492505856,77.21855813237039,2025-01-21 09:48:06,9,21,1,1,0
U001,28.630954670634388,77.21999151310519,2025-01-21 09:55:09,9,21,1,1,0
U001,28.630741115293493,77.21972785910117,2025-01-21 10:00:06,10,21,1,1,0
U001,28.626693782233566,77.21844106336086,2025-01-21 10:32:12,10,21,1,1,0
U001,28.630871910908677,77.21394947960772,2025-01-21 10:45:21,10,21,1,1,0
U001,28.63094963468551,77.2189953855488,2025-01-21 11:21:01,11,21,1,1,0
U001,28.634254688540405,77.22119584382074,2025-01-21 11:23:47,11,21,1,1,0
U001,28.62999480051059,77.21784866684176,2025-01-21 11:56:29,11,21,1,1,0
U001,28.630260223788543,77.22103848982013,2025-01-21 12:19:57,12,21,1,1,0
U001,28.63083819607072,77.21685499597876,2025-01-21 12:30:21,12,21,1,1,0
U001,28.63070945851357,77.21617472425557,2025-01-21 12:32:45,12,21,1,1,0
U001,28.627969179279894,77.21804708154234,2025-01-21 12:39:43,12,21,1,1,0
U001,28.6321394020246,77.22148265369957,2025-01-21 12:55:39,12,21,1,1,0
U001,28.632025306099603,77.21935118228708,2025-01-21 13:10:43,13,21,1,1,0
U001,28.62893313036774,77.21720824443186,2025-01-21 13:14:43,13,21,1,1,0
U001,28.627746350296107,77.22098202183521,2025-01-21 13:25:50,13,21,1,1,0
U001,28.629658818096807,77.21993774824622,2025-01-21 13:35:37,13,21,1,1,0
U001,28.630279909467703,77.21959518774493,2025-01-21 13:44:03,13,21,1,1,0
U001,28.632540470041647,77.21920140567252,2025-01-21 14:02:16,14,21,1,1,0
U001,28.632473827415534,77.21762393258675,2025-01-21 14:08:23,14,21,1,1,0
U001,28.632766057380607,77.21210390659799,2025-01-21 14:49:07,14,21,1,1,0
U001,28.63087619094956,77.2194395264832,2025-01-21 15:12:43,15,21,1,1,0
U001,28.63152509029271,77.21539293470254,2025-01-21 15:53:58,15,21,1,1,0
U001,28.629520209372192,77.21628048377208,2025-01-21 15:58:48,15,21,1,1,0
U001,28.627520156243616,77.21556143350863,2025-01-21 16:17:11,16,21,1,1,0
U001,28.632213784816837,77.21624952907742,2025-01-21 16:51:41,16,21,1,1,0
U001,28.63407634928641,77.21358531590433,2025-01-21 16:55:03,16,21,1,1,0
U001,28.632107119354394,77.21884705635995,2025-01-21 17:12:16,17,21,1,1,0
U001,28.63194756599946,77.21839745160865,2025-01-21 17:41:24,17,21,1,1,0
U001,28.63009184388299,77.21760132792265,2025-01-21 17:44:54,17,21,1,1,0
U001,28.63313434821804,77.21857158534584,2025-01-21 18:24:52,18,21,1,1,0
U001,28.626426199480765,77.21778062627868,2025-01-21 18:38:46,18,21,1,1,0
U001,28.631184763335025,77.21818524408026,2025-01-21 18:44:08,18,21,1,1,0
U001,28.63458590173944,77.21464588731517,2025-01-21 18:48:10,18,21,1,1,0
U001,28.611075754501,77.22725570472684,2025-01-21 19:07:52,19,21,1,1,0
U001,28.60963744836486,77.23340587645677,2025-01-21 19:24:11,19,21,1,1,0
U001,28.609956116663305,77.22842204699653,2025-01-21 19:33:52,19,21,1,1,0
U001,28.60871180947964,77.22865078236265,2025-01-21 19:58:18,19,21,1,1,0
U001,28.611434892405143,77.22918122411149,2025-01-21 20:04:41,20,21,1,1,0
U001,28.61057429527135,77.23074936887319,2025-01-21 20:07:33,20,21,1,1,0
U001,28.614847601150363,77.22704993792055,2025-01-21 20:20:22,20,21,1,1,0
U001,28.61136415386301,77.23387545930181,2025-01-21 20:35:33,20,21,1,1,0
U001,28.607135505126028,77.2301424557518,2025-01-21 20:43:44,20,21,1,1,0
U001,28.611822847335414,77.21224385327771,2025-01-21 21:10:39,21,21,1,1,0
U001,28.613596607369765,77.21018375570374,2025-01-21 21:11:56,21,21,1,1,0
U001,28.614077391867006,77.20685589888217,2025-01-21 21:35:17,21,21,1,1,0
U001,28.61493081979722,77.20622405301387,2025-01-21 21:41:17,21,21,1,1,0
U001,28.614608651853025,77.20730777116215,2025-01-21 22:10:19,22,21,1,1,0
U001,28.61877903538342,77.21148854861778,2025-01-21 22:31:38,22,21,1,1,0
U001,28.61176483795232,77.20794099457108,2025-01-21 22:31:46,22,21,1,1,0
U001,28.61454769859916,77.20920457923937,2025-01-21 23:00:12,23,21,1,1,0
U001,28.613101718580005,77.20943435763913,2025-01-21 23:01:38,23,21,1,1,0
U001,28.61104470928992,77.20657997916811,2025-01-21 23:47:11,23,21,1,1,0
U001,28.611298865914808,77.21199496173509,2025-01-22 00:01:07,0,22,2,1,0
U001,28.614308331684636,77.21050786577106,2025-01-22 00:09:18,0,22,2,1,0
U001,28.613439885439643,77.20754614127176,2025-01-22 00:26:57,0,22,2,1,0
U001,28.614160697178438,77.20907146903727,2025-01-22 00:55:13,0,22,2,1,0
U001,28.614517159523373,77.20550513763,2025-01-22 00:57:02,0,22,2,1,0
U001,28.61450161758028,77.20959632867057,2025-01-22 01:06:01,1,22,2,1,0
U001,28.613310768978188,77.20709473133171,2025-01-22 01:30:46,1,22,2,1,0
U001,28.611803624900222,77.20839188204404,2025-01-22 01:41:30,1,22,2,1,0
U001,28.614470074341988,77.21241690192448,2025-01-22 01:48:24,1,22,2,1,0
U001,28.612993538145112,77.20938726296546,2025-01-22 02:42:00,2,22,2,1,0
U001,28.615861257616093,77.21127596817972,2025-01-22 02:46:40,2,22,2,1,0
U001,28.61290358899722,77.20971803204084,2025-01-22 02:50:06,2,22,2,1,0
U001,28.613747680737585,77.2084426618979,2025-01-22 02:53:08,2,22,2,1,0
U001,28.61489797875996,77.2039350157866,2025-01-22 03:13:09,3,22,2,1,0
U001,28.61559673272954,77.20752289332117,2025-01-22 03:17:56,3,22,2,1,0
U001,28.61095111174909,77.21009591585444,2025-01-22 03:20:16,3,22,2,1,0
U001,28.613057621393505,77.20901389690708,2025-01-22 03:30:50,3,22,2,1,0
U001,28.615522538460045,77.20812665572102,2025-01-22 03:51:45,3,22,2,1,0
U001,28.61363234663295,77.20554040637897,2025-01-22 04:21:43,4,22,2,1,0
U001,28.615209570192494,77.20719957696053,2025-01-22 04:49:25,4,22,2,1,0
U001,28.615157447905144,77.2084941810702,2025-01-22 04:58:02,4,22,2,1,0
U001,28.61375648404541,77.2066818187702,2025-01-22 05:08:15,5,22,2,1,0
U001,28.6161502077011,77.21075788164701,2025-01-22 05:38:13,5,22,2,1,0
U001,28.6138452491596,77.20685954761471,2025-01-22 05:58:57,5,22,2,1,0
U001,28.616203526867665,77.20764360815119,2025-01-22 06:14:27,6,22,2,1,0
U001,28.61027873848733,77.20964784119104,2025-01-22 06:33:54,6,22,2,1,0
U001,28.61929100813644,77.20923991560188,2025-01-22 06:40:25,6,22,2,1,0
U001,28.614456870489786,77.20822014241597,2025-01-22 06:44:15,6,22,2,1,0
U001,28.61209817044425,77.2033192379475,2025-01-22 06:47:20,6,22,2,1,0
U001,28.6139569005806,77.21295247679636,2025-01-22 07:06:21,7,22,2,1,0
U001,28.61264596957619,77.20783993140982,2025-01-22 07:11:46,7,22,2,1,0
U001,28.615129290593572,77.20771669267263,2025-01-22 07:30:23,7,22,2,1,0
U001,28.61353085759241,77.21101875652437,2025-01-22 07:38:15,7,22,2,1,0
U001,28.62968350333379,77.2164526255278,2025-01-22 08:04:38,8,22,2,1,0
U001,28.632387961274205,77.21826939927077,2025-01-22 08:08:01,8,22,2,1,0
U001,28.62890793890002,77.21729546464337,2025-01-22 08:21:28,8,22,2,1,0
U001,28.62859569119021,77.21715001975684,2025-01-22 08:31:13,8,22,2,1,0
U001,28.632542482093086,77.21636992038326,2025-01-22 09:12:17,9,22,2,1,0
U001,28.63066022464034,77.21376303566281,2025-01-22 09:15:09,9,22,2,1,0
U001,28.6321481109606,77.21922831267955,2025-01-22 09:37:06,9,22,2,1,0
U001,28.63075135283904,77.21921173959889,2025-01-22 09:57:13,9,22,2,1,0
U001,28.629581908612465,77.22022625616002,2025-01-22 10:10:51,10,22,2,1,0
U001,28.63074666652769,77.21656542143963,2025-01-22 10:31:04,10,22,2,1,0
U001,28.632616109104816,77.2175992772787,2025-01-22 10:40:36,10,22,2,1,0
U001,28.63114033020521,77.2182036483055,2025-01-22 10:43:37,10,22,2,1,0
U001,28.630550564810804,77.21978247669045,2025-01-22 10:54:19,10,22,2,1,0
U001,28.63091072781974,77.21907252986833,2025-01-22 11:07:14,11,22,2,1,0
U001,28.631808049368765,77.2189402106243,2025-01-22 11:10:00,11,22,2,1,0
U001,28.630247817557606,77.21600802602546,2025-01-22 11:11:18,11,22,2,1,0
U001,28.63241491232769,77.21402565427005,2025-01-22 11:36:55,11,22,2,1,0
U001,28.63162349490462,77.2167677530455,2025-01-22 12:11:18,12,22,2,1,0
U001,28.628355609670653,77.2187023412628,2025-01-22 12:12:08,12,22,2,1,0
U001,28.62919962074303,77.21802878579628,2025-01-22 12:16:50,12,22,2,1,0
U001,28.63107774052224,77.2211188167136,2025-01-22 13:02:45,13,22,2,1,0
U001,28.63227517856533,77.2192892421079,2025-01-22 13:17:35,13,22,2,1,0
U001,28.63042351401121,77.21853686825114,2025-01-22 13:36:58,13,22,2,1,0
U001,28.632966762687094,77.21746356085715,2025-01-22 14:07:05,14,22,2,1,0
U001,28.6353933923832,77.21455490077777,2025-01-22 14:08:22,14,22,2,1,0
U001,28.63063488877224,77.21817586818453,2025-01-22 14:36:43,14,22,2,1,0
U001,28.630694823788925,77.21664071603568,2025-01-22 15:08:24,15,22,2,1,0
U001,28.63051703423075,77.21701379385519,2025-01-22 15:10:20,15,22,2,1,0
U001,28.6334853746684,77.21998550376071,2025-01-22 15:13:32,15,22,2,1,0
U001,28.63140573342132,77.21709512048339,2025-01-22 15:27:21,15,22,2,1,0
U001,28.6259150708228,77.2183806829178,2025-01-22 15:40:02,15,22,2,1,0
U001,28.63157075843918,77.21529586728111,2025-01-22 16:00:05,16,22,2,1,0
U001,28.630630813309335,77.2186705706972,2025-01-22 16:31:49,16,22,2,1,0
U001,28.62894238743413,77.2172399427854,2025-01-22 16:42:22,16,22,2,1,0
U001,28.630623069073945,77.21641941659648,2025-01-22 17:02:46,17,22,2,1,0
U001,28.6302909912308,77.22277363946426,2025-01-22 17:06:13,17,22,2,1,0
U001,28.633256189988867,77.21841699065301,2025-01-22 17:40:10,17,22,2,1,0
U001,28.630387015741075,77.2169163120756,2025-01-22 17:52:58,17,22,2,1,0
U001,28.63145893506533,77.21889835299837,2025-01-22 17:57:45,17,22,2,1,0
U001,28.62949331924207,77.21955520754787,2025-01-22 18:11:08,18,22,2,1,0
U001,28.62817178209992,77.21694122228293,2025-01-22 18:14:12,18,22,2,1,0
U001,28.63080176178453,77.21720144437636,2025-01-22 18:24:51,18,22,2,1,0
U001,28.632718431185573,77.22133759599753,2025-01-22 18:41:45,18,22,2,1,0
U001,28.63577151092436,77.21793703772461,2025-01-22 18:51:26,18,22,2,1,0
U001,28.610902377155785,77.22611774323612,2025-01-22 19:00:14,19,22,2,1,0
U001,28.61087252242149,77.22622728902485,2025-01-22 19:03:10,19,22,2,1,0
U001,28.61007182028369,77.22778897109343,2025-01-22 19:16:57,19,22,2,1,0
U001,28.61044684220672,77.22745723796645,2025-01-22 19:55:58,19,22,2,1,0
U001,28.60716512113248,77.23046843763655,2025-01-22 20:15:28,20,22,2,1,0
U001,28.61168569709808,77.2246354180963,2025-01-22 20:19:10,20,22,2,1,0
U001,28.60971517518855,77.23308317562176,2025-01-22 20:43:25,20,22,2,1,0
U001,28.613936930916605,77.20989022703442,2025-01-22 21:09:10,21,22,2,1,0
U001,28.614735531300333,77.21071812080689,2025-01-22 21:23:46,21,22,2,1,0
U001,28.61406920541942,77.20856180684952,2025-01-22 21:28:28,21,22,2,1,0
U001,28.611317240326443,77.21494711545563,2025-01-22 22:52:00,22,22,2,1,0
U001,28.611124542139024,77.21354212323723,2025-01-22 22:54:54,22,22,2,1,0
U001,28.612994899241404,77.20923339303584,2025-01-22 22:57:32,22,22,2,1,0
U001,28.606050741688215,77.20912712825925,2025-01-22 23:05:23,23,22,2,1,0
U001,28.615449453930356,77.20803565312998,2025-01-22 23:16:43,23,22,2,1,0
U001,28.616454707582523,77.2093301858727,2025-01-22 23:34:33,23,22,2,1,0
U001,28.616981717190303,77.20855810830633,2025-01-22 23:35:51,23,22,2,1,0
U001,28.614899621758763,77.20825423212908,2025-01-22 23:43:56,23,22,2,1,0
U001,28.612916034280843,77.20842036478687,2025-01-23 00:15:07,0,23,3,1,0
U001,28.61579708782262,77.21273177177602,2025-01-23 00:19:45,0,23,3,1,0
U001,28.615279338352032,77.20808513535638,2025-01-23 00:46:47,0,23,3,1,0
U001,28.614294833930195,77.20925293532461,2025-01-23 01:23:29,1,23,3,1,0
U001,28.611916564694333,77.20708044160075,2025-01-23 01:52:00,1,23,3,1,0
U001,28.60989243614992,77.21063025371447,2025-01-23 01:57:46,1,23,3,1,0
U001,28.61396106891894,77.21026632856788,2025-01-23 02:23:01,2,23,3,1,0
U001,28.608482236292595,77.20849997227896,2025-01-23 02:29:38,2,23,3,1,0
U001,28.616893604970677,77.21123735539722,2025-01-23 02:36:10,2,23,3,1,0
U001,28.610367078401737,77.20859530684207,2025-01-23 02:48:37,2,23,3,1,0
U001,28.614775175619407,77.21075658810724,2025-01-23 03:35:48,3,23,3,1,0
U001,28.614897416558296,77.20740439214197,2025-01-23 03:45:33,3,23,3,1,0
U001,28.614269961676545,77.20691470492604,2025-01-23 03:46:41,3,23,3,1,0
U001,28.612715906801004,77.21114404557565,2025-01-23 04:05:11,4,23,3,1,0
U001,28.61337622668783,77.21090273091906,2025-01-23 04:20:55,4,23,3,1,0
U001,28.611987776196617,77.20901451210534,2025-01-23 04:52:26,4,23,3,1,0
U001,28.61300389302114,77.21049720955337,2025-01-23 05:13:39,5,23,3,1,0
U001,28.61041806062048,77.20752036178116,2025-01-23 05:24:55,5,23,3,1,0
U001,28.61349170728607,77.21008269494904,2025-01-23 05:37:44,5,23,3,1,0
U001,28.613291595870844,77.20689538263062,2025-01-23 06:18:04,6,23,3,1,0
U001,28.617171116205085,77.20734727805076,2025-01-23 06:31:56,6,23,3,1,0
U001,28.61726580793618,77.20913431422011,2025-01-23 06:37:27,6,23,3,1,0
U001,28.6147430319543,77.20829495483389,2025-01-23 06:42:20,6,23,3,1,0
U001,28.61516578115945,77.20895641255089,2025-01-23 06:51:01,6,23,3,1,0
U001,28.614961583353452,77.20982884438891,2025-01-23 07:03:53,7,23,3,1,0
U001,28.6138962771217,77.21213313886847,2025-01-23 07:22:37,7,23,3,1,0
U001,28.614737284038224,77.20893177675472,2025-01-23 07:30:42,7,23,3,1,0
U001,28.61304104752474,77.20909886989051,2025-01-23 07:37:28,7,23,3,1,0
U001,28.611651565605715,77.2076508986986,2025-01-23 07:43:00,7,23,3,1,0
U001,28.62411897748103,77.21293332902933,2025-01-23 08:17:36,8,23,3,1,0
U001,28.62031384857229,77.21712303833397,2025-01-23 08:25:18,8,23,3,1,0
U001,28.622314620920108,77.21271783262235,2025-01-23 08:45:04,8,23,3,1,0
U001,28.62042050068661,77.21690030427928,2025-01-23 08:51:23,8,23,3,1,0
U001,28.629822429519063,77.21845867698374,2025-01-23 09:01:48,9,23,3,1,0
U001,28.627752020938956,77.2170206434209,2025-01-23 09:08:07,9,23,3,1,0
U001,28.63028232596082,77.21849724974945,2025-01-23 09:35:04,9,23,3,1,0
U001,28.6318817265431,77.21493900446453,2025-01-23 09:49:29,9,23,3,1,0
U001,28.63201417999417,77.21825872881917,2025-01-23 09:50:42,9,23,3,1,0
U001,28.63230257023333,77.22049366513954,2025-01-23 10:04:52,10,23,3,1,0
U001,28.631041183090147,77.21858905569172,2025-01-23 10:13:38,10,23,3,1,0
U001,28.63157702451048,77.21918177756844,2025-01-23 10:31:17,10,23,3,1,0
U001,28.63322084345011,77.22039676781398,2025-01-23 10:39:00,10,23,3,1,0
U001,28.6313601145209,77.21872133792336,2025-01-23 10:51:41,10,23,3,1,0
U001,28.628196675690276,77.21809606407419,2025-01-23 11:04:05,11,23,3,1,0
U001,28.63113010045396,77.21721835716153,2025-01-23 11:31:37,11,23,3,1,0
U001,28.63295296900339,77.21563599913028,2025-01-23 11:33:12,11,23,3,1,0
U001,28.62737010744388,77.21728334464925,2025-01-23 11:43:11,11,23,3,1,0
U001,28.631616980637443,77.21472556788103,2025-01-23 11:53:19,11,23,3,1,0
U001,28.629728272961955,77.21525698154838,2025-01-23 12:00:03,12,23,3,1,0
U001,28.63319880542681,77.21731099889159,2025-01-23 12:30:46,12,23,3,1,0
U001,28.629008626116946,77.21692764714028,2025-01-23 12:39:23,12,23,3,1,0
U001,28.635157975274968,77.21421426522544,2025-01-23 13:01:29,13,23,3,1,0
U001,28.62947133565665,77.21515464382873,2025-01-23 13:28:15,13,23,3,1,0
U001,28.63352857598456,77.21887391993387,2025-01-23 13:59:11,13,23,3,1,0
U001,28.632359694721508,77.2189532840264,2025-01-23 14:11:43,14,23,3,1,0
U001,28.62974532529368,77.21573533913934,2025-01-23 14:38:12,14,23,3,1,0
U001,28.632912186148488,77.22024032907368,2025-01-23 14:44:01,14,23,3,1,0
U001,28.63021432873132,77.21611720305482,2025-01-23 14:51:06,14,23,3,1,0
U001,28.62876902157128,77.21667911636005,2025-01-23 15:15:35,15,23,3,1,0
U001,28.63008966913428,77.21663611633561,2025-01-23 15:32:48,15,23,3,1,0
U001,28.63009642047509,77.21892603158767,2025-01-23 15:35:15,15,23,3,1,0
U001,28.628967622150373,77.21991884675717,2025-01-23 15:49:02,15,23,3,1,0
U001,28.627552299124357,77.21882814641495,2025-01-23 16:00:21,16,23,3,1,0
U001,28.63178163677584,77.22070635186431,2025-01-23 16:15:42,16,23,3,1,0
U001,28.63184743183061,77.21480919873886,2025-01-23 16:24:49,16,23,3,1,0
U001,28.630124179397747,77.21554515349077,2025-01-23 16:31:26,16,23,3,1,0
U001,28.632097175518773,77.21433520469353,2025-01-23 16:48:50,16,23,3,1,0
U001,28.631067725870636,77.21519977068387,2025-01-23 17:16:01,17,23,3,1,0
U001,28.629965450422308,77.21925860331756,2025-01-23 17:20:08,17,23,3,1,0
U001,28.629337783749197,77.2170516828288,2025-01-23 17:25:06,17,23,3,1,0
U001,28.626556389199564,77.21500728891063,2025-01-23 17:29:35,17,23,3,1,0
U001,28.62794861764148,77.21896496564689,2025-01-23 17:51:23,17,23,3,1,0
U001,28.628779229204667,77.21421901452821,2025-01-23 18:03:21,18,23,3,1,0
U001,28.63287646247637,77.21384573115054,2025-01-23 18:32:02,18,23,3,1,0
U001,28.634785139988796,77.21530020692208,2025-01-23 18:41:30,18,23,3,1,0
U001,28.629895009058767,77.21712755805689,2025-01-23 18:44:27,18,23,3,1,0
U001,28.6190628681797,77.21532180301783,2025-01-23 19:19:51,19,23,3,1,0
U001,28.62167466897153,77.21418123609683,2025-01-23 19:23:16,19,23,3,1,0
U001,28.617644927023008,77.21561230586158,2025-01-23 19:51:12,19,23,3,1,0
U001,28.61917214727585,77.21180786276965,2025-01-23 20:24:53,20,23,3,1,0
U001,28.61435220038881,77.20757904549122,2025-01-23 20:34:45,20,23,3,1,0
U001,28.61370432997486,77.205758248337,2025-01-23 20:36:23,20,23,3,1,0
U001,28.612298238961216,77.2100756259069,2025-01-23 21:08:43,21,23,3,1,0
U001,28.61660184678508,77.20762097951594,2025-01-23 21:17:12,21,23,3,1,0
U001,28.614294540200845,77.20462239773083,2025-01-23 21:36:06,21,23,3,1,0
U001,28.61439917624996,77.20415910481606,2025-01-23 21:44:45,21,23,3,1,0
U001,28.61567755998811,77.20900899188248,2025-01-23 22:18:20,22,23,3,1,0
U001,28.61231691731459,77.20914268694413,2025-01-23 22:46:22,22,23,3,1,0
U001,28.621456725607334,77.21034062929179,2025-01-23 22:47:43,22,23,3,1,0
U001,28.611348267032653,77.21128931521183,2025-01-23 22:55:24,22,23,3,1,0
U001,28.612754873628035,77.20795306578889,2025-01-23 23:02:46,23,23,3,1,0
U001,28.616581361573587,77.20722515711343,2025-01-23 23:09:08,23,23,3,1,0
U001,28.61510431566015,77.20734202481002,2025-01-23 23:35:20,23,23,3,1,0
U001,28.619559288248176,77.21016511811219,2025-01-23 23:46:47,23,23,3,1,0
U001,28.617637195834856,77.20849679515383,2025-01-23 23:58:22,23,23,3,1,0
U001,28.616468086832004,77.21111716461444,2025-01-24 00:01:44,0,24,4,1,0
U001,28.61074078743963,77.21201260134454,2025-01-24 00:15:56,0,24,4,1,0
U001,28.614101191805982,77.20861555914792,2025-01-24 00:20:11,0,24,4,1,0
U001,28.615206853029797,77.21187078589452,2025-01-24 00:21:00,0,24,4,1,0
U001,28.61254484639784,77.2096738653141,2025-01-24 01:13:50,1,24,4,1,0
U001,28.615063915497608,77.20695930296128,2025-01-24 01:36:25,1,24,4,1,0
U001,28.619163949258255,77.20704964981891,2025-01-24 01:44:50,1,24,4,1,0
U001,28.613207777042227,77.20834623888727,2025-01-24 02:29:56,2,24,4,1,0
U001,28.61670320411305,77.20994018876529,2025-01-24 02:45:54,2,24,4,1,0
U001,28.611371643585,77.2112941275191,2025-01-24 02:51:32,2,24,4,1,0
U001,28.61506986198777,77.21015284722684,2025-01-24 02:55:39,2,24,4,1,0
U001,28.61534525601509,77.2082139966829,2025-01-24 02:56:11,2,24,4,1,0
U001,28.611088119475987,77.20684013754922,2025-01-24 03:17:46,3,24,4,1,0
U001,28.610425587383396,77.20793224534468,2025-01-24 03:25:00,3,24,4,1,0
U001,28.61482730102448,77.20744560851439,2025-01-24 03:45:05,3,24,4,1,0
U001,28.61353904091448,77.20862292520064,2025-01-24 03:48:41,3,24,4,1,0
U001,28.614671822485423,77.21017804107623,2025-01-24 04:20:08,4,24,4,1,0
U001,28.613201559673463,77.20892573489255,2025-01-24 04:20:54,4,24,4,1,0
U001,28.615158801101437,77.20566049283522,2025-01-24 04:34:47,4,24,4,1,0
U001,28.612779050440512,77.20923436117397,2025-01-24 04:38:53,4,24,4,1,0
U001,28.60946338009073,77.20754340232261,2025-01-24 05:01:36,5,24,4,1,0
U001,28.6157973177439,77.20722519638285,2025-01-24 05:44:31,5,24,4,1,0
U001,28.61480931539996,77.20884581732228,2025-01-24 05:52:35,5,24,4,1,0
U001,28.61187013288593,77.20527537302122,2025-01-24 06:23:03,6,24,4,1,0
U001,28.612953466848342,77.20894424974296,2025-01-24 06:32:00,6,24,4,1,0
U001,28.614040622772126,77.20776240242232,2025-01-24 06:34:34,6,24,4,1,0
U001,28.6108587845118,77.20962604599508,2025-01-24 06:46:14,6,24,4,1,0
U001,28.61131256285451,77.20854885237715,2025-01-24 06:50:00,6,24,4,1,0
U001,28.614093571585023,77.20863605206473,2025-01-24 07:01:37,7,24,4,1,0
U001,28.613066650584848,77.21071031305901,2025-01-24 07:12:52,7,24,4,1,0
U001,28.615080222816744,77.20950337175792,2025-01-24 07:23:41,7,24,4,1,0
U001,28.615808890479784,77.20854644286513,2025-01-24 07:32:33,7,24,4,1,0
U001,28.613353408483928,77.20776231336548,2025-01-24 07:34:35,7,24,4,1,0
U001,28.62187631495605,77.2137499875885,2025-01-24 08:10:27,8,24,4,1,0
U001,28.6214229312019,77.2155512070368,2025-01-24 08:20:07,8,24,4,1,0
U001,28.622520019447595,77.21325211698057,2025-01-24 08:55:19,8,24,4,1,0
U001,28.633703777748387,77.21607294556216,2025-01-24 09:12:39,9,24,4,1,0
U001,28.632500043481507,77.21422351145696,2025-01-24 09:24:49,9,24,4,1,0
U001,28.62581002187192,77.2146614984959,2025-01-24 09:39:27,9,24,4,1,0
U001,28.62970967077645,77.21446603998636,2025-01-24 09:42:07,9,24,4,1,0
U001,28.628989691833716,77.21709204330007,2025-01-24 09:57:39,9,24,4,1,0
U001,28.630287566366004,77.21608017752546,2025-01-24 10:03:16,10,24,4,1,0
U001,28.629664162797457,77.22199031001456,2025-01-24 10:14:47,10,24,4,1,0
U001,28.62744172719455,77.214801529978,2025-01-24 10:21:03,10,24,4,1,0
U001,28.62921726038686,77.21913830396387,2025-01-24 10:24:03,10,24,4,1,0
U001,28.62682163528832,77.22300527559455,2025-01-24 10:36:14,10,24,4,1,0
U001,28.627098331223145,77.2154791090249,2025-01-24 11:10:33,11,24,4,1,0
U001,28.631224448997024,77.21771127785468,2025-01-24 11:15:14,11,24,4,1,0
U001,28.63111452210678,77.21789943403763,2025-01-24 11:29:41,11,24,4,1,0
U001,28.63068875203241,77.21672925348958,2025-01-24 11:45:34,11,24,4,1,0
U001,28.630901667769173,77.21548516209398,2025-01-24 11:54:16,11,24,4,1,0
U001,28.629539517001668,77.21865859160502,2025-01-24 12:01:11,12,24,4,1,0
U001,28.63013924252182,77.21982493503938,2025-01-24 12:10:20,12,24,4,1,0
U001,28.63206153139745,77.21765043499644,2025-01-24 12:40:02,12,24,4,1,0
U001,28.63075431610836,77.21617301624143,2025-01-24 12:48:27,12,24,4,1,0
U001,28.627534727963194,77.21755618878714,2025-01-24 13:35:13,13,24,4,1,0
U001,28.629114070197087,77.21872148991184,2025-01-24 13:47:04,13,24,4,1,0
U001,28.627980361228992,77.22173253557558,2025-01-24 13:53:44,13,24,4,1,0
U001,28.62787984949598,77.21761390600061,2025-01-24 14:21:55,14,24,4,1,0
U001,28.62855043338081,77.21573274866897,2025-01-24 14:23:39,14,24,4,1,0
U001,28.62991029084907,77.21508099034757,2025-01-24 14:38:35,14,24,4,1,0
U001,28.62870034307536,77.21857293138102,2025-01-24 14:59:57,14,24,4,1,0
U001,28.627879423065828,77.21525050898836,2025-01-24 15:27:33,15,24,4,1,0
U001,28.63157004485295,77.21769555334144,2025-01-24 15:34:37,15,24,4,1,0
U001,28.632574026062084,77.21794587821154,2025-01-24 15:46:57,15,24,4,1,0
U001,28.62793365008728,77.2187076967099,2025-01-24 16:26:31,16,24,4,1,0
U001,28.6320788478333,77.21622759437608,2025-01-24 16:35:14,16,24,4,1,0
U001,28.630511974795446,77.21735465586384,2025-01-24 16:55:54,16,24,4,1,0
U001,28.6288346904878,77.21944192949016,2025-01-24 17:00:37,17,24,4,1,0
U001,28.62979695615896,77.2195390131837,2025-01-24 17:02:04,17,24,4,1,0
U001,28.62865492061476,77.2177999821695,2025-01-24 17:49:30,17,24,4,1,0
U001,28.628167446019425,77.21688883720945,2025-01-24 18:21:27,18,24,4,1,0
U001,28.629840870952943,77.21811579731948,2025-01-24 18:31:09,18,24,4,1,0
U001,28.6316486489222,77.21491922340208,2025-01-24 18:35:25,18,24,4,1,0
U001,28.63232609632506,77.21867204085835,2025-01-24 18:51:09,18,24,4,1,0
U001,28.62949924370382,77.2163606132147,2025-01-24 18:59:01,18,24,4,1,0
U001,28.61987898307108,77.21238399273392,2025-01-24 19:19:04,19,24,4,1,0
U001,28.62105638735494,77.21336010450506,2025-01-24 19:37:39,19,24,4,1,0
U001,28.62167790165165,77.21188129601578,2025-01-24 19:42:21,19,24,4,1,0
U001,28.625473924456525,77.21421815289246,2025-01-24 19:49:38,19,24,4,1,0
U001,28.61357376072315,77.20855157405246,2025-01-24 20:03:20,20,24,4,1,0
U001,28.613251042291985,77.20854375585782,2025-01-24 20:25:15,20,24,4,1,0
U001,28.615983862935604,77.2079369082007,2025-01-24 20:40:13,20,24,4,1,0
U001,28.612977686749943,77.20612054853537,2025-01-24 20:43:09,20,24,4,1,0
U001,28.61263231948246,77.20970451396286,2025-01-24 21:13:40,21,24,4,1,0
U001,28.61439973671808,77.21072933907472,2025-01-24 21:17:37,21,24,4,1,0
U001,28.61937771818637,77.20585285764216,2025-01-24 21:26:29,21,24,4,1,0
U001,28.61412451864251,77.21085356912509,2025-01-24 21:41:42,21,24,4,1,0
U001,28.614837227974203,77.20740339202057,2025-01-24 21:59:08,21,24,4,1,0
U001,28.61486055529318,77.20704779688585,2025-01-24 22:26:54,22,24,4,1,0
U001,28.61587390515081,77.20796955243247,2025-01-24 22:41:08,22,24,4,1,0
U001,28.610048459438307,77.21272817665253,2025-01-24 22:43:52,22,24,4,1,0
U001,28.619584163487964,77.20687032263388,2025-01-24 22:56:14,22,24,4,1,0
U001,28.61502456097045,77.2074057777784,2025-01-24 23:00:21,23,24,4,1,0
U001,28.616142722909107,77.21050155840382,2025-01-24 23:18:01,23,24,4,1,0
U001,28.612327135367597,77.20869181654686,2025-01-24 23:44:57,23,24,4,1,0
U001,28.613131514829288,77.20846478834258,2025-01-24 23:47:17,23,24,4,1,0
U001,28.619109925584446,77.2070401029367,2025-01-24 23:59:05,23,24,4,1,0
U001,28.611415895643063,77.20793968772733,2025-01-25 00:03:27,0,25,5,1,1
U001,28.611575091871515,77.20714612059408,2025-01-25 00:21:44,0,25,5,1,1
U001,28.612842964418345,77.21167060858369,2025-01-25 00:27:02,0,25,5,1,1
U001,28.611383140017097,77.21078822328045,2025-01-25 00:30:39,0,25,5,1,1
U001,28.6156190292038,77.2108003097212,2025-01-25 01:16:04,1,25,5,1,1
U001,28.615005702293747,77.20835478254946,2025-01-25 01:24:27,1,25,5,1,1
U001,28.614336528054764,77.209211429739,2025-01-25 01:24:55,1,25,5,1,1
U001,28.614572772095944,77.20659329568124,2025-01-25 01:44:15,1,25,5,1,1
U001,28.611466860469413,77.21026428001849,2025-01-25 01:57:32,1,25,5,1,1
U001,28.611428532408542,77.20997860695135,2025-01-25 02:03:26,2,25,5,1,1
U001,28.613297094859995,77.21299604394616,2025-01-25 02:04:09,2,25,5,1,1
U001,28.61289214676397,77.20892975470628,2025-01-25 02:13:57,2,25,5,1,1
U001,28.6186448631719,77.20851951248765,2025-01-25 02:28:50,2,25,5,1,1
U001,28.61595573037565,77.20778199182674,2025-01-25 02:54:32,2,25,5,1,1
U001,28.61116435568251,77.21012559454115,2025-01-25 03:24:38,3,25,5,1,1
U001,28.61643714907444,77.2064880026646,2025-01-25 03:29:05,3,25,5,1,1
U001,28.611551085944186,77.20663891530036,2025-01-25 03:45:34,3,25,5,1,1
U001,28.615777362144467,77.2089632246274,2025-01-25 03:55:29,3,25,5,1,1
U001,28.611250683744554,77.21296063338309,2025-01-25 04:02:21,4,25,5,1,1
U001,28.61476922530261,77.20605074351985,2025-01-25 04:11:22,4,25,5,1,1
U001,28.61328105969944,77.2086098547761,2025-01-25 04:16:14,4,25,5,1,1
U001,28.61316927730585,77.20795655663615,2025-01-25 05:01:17,5,25,5,1,1
U001,28.615477599157877,77.20842972132111,2025-01-25 05:30:44,5,25,5,1,1
U001,28.60968773478195,77.20994442633844,2025-01-25 05:35:37,5,25,5,1,1
U001,28.613187430446327,77.20928039962321,2025-01-25 05:48:24,5,25,5,1,1
U001,28.61199957659467,77.20773353713415,2025-01-25 06:23:18,6,25,5,1,1
U001,28.61527104244781,77.20679959491339,2025-01-25 06:23:40,6,25,5,1,1
U001,28.6168646294688,77.2095092330049,2025-01-25 06:30:52,6,25,5,1,1
U001,28.61390134906929,77.20770281363455,2025-01-25 06:56:26,6,25,5,1,1
U001,28.613542873557385,77.21228262198066,2025-01-25 06:58:44,6,25,5,1,1
U001,28.61525920485952,77.20742453360687,2025-01-25 07:32:14,7,25,5,1,1
U001,28.60798206175475,77.20927817807672,2025-01-25 07:39:44,7,25,5,1,1
U001,28.61669399639687,77.21560436523073,2025-01-25 07:43:21,7,25,5,1,1
U001,28.625008472353382,77.19306377505201,2025-01-25 08:03:37,8,25,5,1,1
U001,28.625869927351918,77.19583047507773,2025-01-25 08:09:16,8,25,5,1,1
U001,28.623088108214585,77.19600338652613,2025-01-25 08:40:53,8,25,5,1,1
U001,28.622036802129458,77.19463472269723,2025-01-25 08:50:02,8,25,5,1,1
U001,28.625701761612817,77.19495667836257,2025-01-25 09:18:19,9,25,5,1,1
U001,28.622525085150613,77.19243816832432,2025-01-25 09:36:10,9,25,5,1,1
U001,28.625739234431634,77.19513075889589,2025-01-25 09:41:29,9,25,5,1,1
U001,28.62510147628312,77.19592202123357,2025-01-25 09:41:46,9,25,5,1,1
U001,28.62338909252648,77.19580568403971,2025-01-25 10:01:50,10,25,5,1,1
U001,28.626735260510355,77.19653467916419,2025-01-25 10:16:46,10,25,5,1,1
U001,28.629169462787416,77.1938415930845,2025-01-25 10:35:23,10,25,5,1,1
U001,28.624918767319823,77.1962598986163,2025-01-25 10:42:31,10,25,5,1,1
U001,28.62807925607218,77.19521577310066,2025-01-25 10:50:53,10,25,5,1,1
U001,28.60085174117757,77.20482426400173,2025-01-25 11:38:28,11,25,5,1,1
U001,28.604186247754587,77.20633379546211,2025-01-25 11:51:30,11,25,5,1,1
U001,28.600473270363366,77.20415129371747,2025-01-25 11:57:58,11,25,5,1,1
U001,28.599995384200646,77.20386947862185,2025-01-25 12:10:29,12,25,5,1,1
U001,28.60033754752398,77.20713637459701,2025-01-25 12:24:41,12,25,5,1,1
U001,28.60068310920249,77.20501472783742,2025-01-25 12:25:54,12,25,5,1,1
U001,28.603798759996824,77.20538088537549,2025-01-25 12:31:05,12,25,5,1,1
U001,28.597595874964675,77.20294024902554,2025-01-25 13:09:21,13,25,5,1,1
U001,28.601412039979053,77.20917021979359,2025-01-25 13:39:08,13,25,5,1,1
U001,28.598481363677816,77.20635348314264,2025-01-25 13:47:19,13,25,5,1,1
U001,28.598622525501817,77.20355767614203,2025-01-25 14:00:00,14,25,5,1,1
U001,28.593964194890063,77.20379941533007,2025-01-25 14:21:13,14,25,5,1,1
U001,28.602358905449066,77.20661654458522,2025-01-25 14:32:38,14,25,5,1,1
U001,28.60330302817913,77.2048951525694,2025-01-25 14:46:02,14,25,5,1,1
U001,28.60034529136688,77.20603023878189,2025-01-25 14:56:14,14,25,5,1,1
U001,28.640881238421088,77.22651038683117,2025-01-25 15:12:00,15,25,5,1,1
U001,28.639990205053472,77.23178338620339,2025-01-25 15:13:20,15,25,5,1,1
U001,28.639770246856827,77.22487556029427,2025-01-25 15:42:49,15,25,5,1,1
U001,28.6390084370992,77.22716545152538,2025-01-25 16:09:57,16,25,5,1,1
U001,28.638698869865863,77.22205900081566,2025-01-25 16:13:14,16,25,5,1,1
U001,28.63958666459969,77.22662926370737,2025-01-25 16:17:24,16,25,5,1,1
U001,28.6392991534412,77.22685785633101,2025-01-25 16:27:30,16,25,5,1,1
U001,28.641334802485,77.23018628739418,2025-01-25 16:38:31,16,25,5,1,1
U001,28.640435320753383,77.22559309445516,2025-01-25 17:12:14,17,25,5,1,1
U001,28.63953926884212,77.22637182900083,2025-01-25 17:46:34,17,25,5,1,1
U001,28.63921935469811,77.22107862587623,2025-01-25 17:52:42,17,25,5,1,1
U001,28.6440572967256,77.22354471740663,2025-01-25 18:04:26,18,25,5,1,1
U001,28.636548774781104,77.22468891138448,2025-01-25 18:18:40,18,25,5,1,1
U001,28.640114943666315,77.224630537463,2025-01-25 18:33:08,18,25,5,1,1
U001,28.639854355203383,77.22572902369572,2025-01-25 18:44:48,18,25,5,1,1
U001,28.63770637819055,77.2192812290513,2025-01-25 18:58:00,18,25,5,1,1
U001,28.610081544270106,77.20712438176126,2025-01-25 19:05:54,19,25,5,1,1
U001,28.613164514060895,77.21044138773142,2025-01-25 19:22:38,19,25,5,1,1
U001,28.610566634045696,77.20959361372695,2025-01-25 19:37:39,19,25,5,1,1
U001,28.611229565289104,77.21269127028691,2025-01-25 20:22:35,20,25,5,1,1
U001,28.61742509809108,77.20989366481113,2025-01-25 20:30:48,20,25,5,1,1
U001,28.61346954244996,77.21150599567541,2025-01-25 20:47:07,20,25,5,1,1
U001,28.616665187564664,77.2078909396768,2025-01-25 21:18:02,21,25,5,1,1
U001,28.61546949037664,77.21031650807889,2025-01-25 21:20:36,21,25,5,1,1
U001,28.61018535283948,77.2096048507906,2025-01-25 21:22:01,21,25,5,1,1
U001,28.61425111022011,77.20733484692174,2025-01-25 21:43:41,21,25,5,1,1
U001,28.61295256080709,77.21175066603044,2025-01-25 22:01:02,22,25,5,1,1
U001,28.610770456529924,77.20879147839896,2025-01-25 22:16:10,22,25,5,1,1
U001,28.61438671818871,77.21147490178296,2025-01-25 22:59:37,22,25,5,1,1
U001,28.615722489932555,77.20946305164546,2025-01-25 23:06:55,23,25,5,1,1
U001,28.61387718950914,77.20615296551628,2025-01-25 23:07:12,23,25,5,1,1
U001,28.610800134368816,77.20596429727804,2025-01-25 23:10:55,23,25,5,1,1
U001,28.615454531825662,77.20905366744255,2025-01-25 23:17:00,23,25,5,1,1
U001,28.61639669970004,77.2099749707413,2025-01-25 23:39:53,23,25,5,1,1
U001,28.61375602646352,77.21274547481535,2025-01-26 00:01:26,0,26,6,1,1
U001,28.612885845054777,77.20595497864282,2025-01-26 00:25:37,0,26,6,1,1
U001,28.610965655910157,77.20920372474637,2025-01-26 00:37:21,0,26,6,1,1
U001,28.61555084573057,77.20896737122072,2025-01-26 00:39:19,0,26,6,1,1
U001,28.61288722231385,77.20840681555644,2025-01-26 01:16:56,1,26,6,1,1
U001,28.61294866939129,77.20859523741328,2025-01-26 01:27:04,1,26,6,1,1
U001,28.6101785832214,77.20798638735899,2025-01-26 01:28:57,1,26,6,1,1
U001,28.61500576268492,77.21094836687817,2025-01-26 02:18:14,2,26,6,1,1
U001,28.6153058924804,77.21024135149956,2025-01-26 02:30:07,2,26,6,1,1
U001,28.613873937669347,77.20954423602281,2025-01-26 02:33:22,2,26,6,1,1
U001,28.613274538179333,77.20473194195938,2025-01-26 02:54:25,2,26,6,1,1
U001,28.60971716742323,77.2091795450239,2025-01-26 03:10:08,3,26,6,1,1
U001,28.610971538551222,77.2070828582758,2025-01-26 03:27:57,3,26,6,1,1
U001,28.61481052940918,77.20746908989415,2025-01-26 03:43:09,3,26,6,1,1
U001,28.61422307184244,77.20355741447484,2025-01-26 03:45:02,3,26,6,1,1
U001,28.612287158468177,77.21171035834345,2025-01-26 04:17:16,4,26,6,1,1
U001,28.61312315233668,77.20873030613714,2025-01-26 04:21:26,4,26,6,1,1
U001,28.613917741950605,77.20938075086914,2025-01-26 04:32:30,4,26,6,1,1
U001,28.615322388785373,77.20591104427592,2025-01-26 04:39:05,4,26,6,1,1
U001,28.61280039323893,77.21175601816086,2025-01-26 04:51:07,4,26,6,1,1
U001,28.614640243400967,77.21138831608783,2025-01-26 05:13:17,5,26,6,1,1
U001,28.61788244111028,77.20756819055848,2025-01-26 05:17:22,5,26,6,1,1
U001,28.61615043285553,77.20975500017795,2025-01-26 05:38:49,5,26,6,1,1
U001,28.612566358197142,77.2138459339049,2025-01-26 06:00:00,6,26,6,1,1
U001,28.61445827298165,77.20774008178975,2025-01-26 06:19:45,6,26,6,1,1
U001,28.613349604349796,77.2080089582145,2025-01-26 06:21:40,6,26,6,1,1
U001,28.61382563336385,77.21057112848209,2025-01-26 06:40:40,6,26,6,1,1
U001,28.610727853602945,77.21032998074195,2025-01-26 07:21:22,7,26,6,1,1
U001,28.6130525731583,77.2120587047456,2025-01-26 07:25:18,7,26,6,1,1
U001,28.61226025521814,77.20999309558896,2025-01-26 07:26:20,7,26,6,1,1
U001,28.614493011787932,77.20945636440122,2025-01-26 07:50:53,7,26,6,1,1
U001,28.612527904664773,77.20938029989833,2025-01-26 08:19:43,8,26,6,1,1
U001,28.610087648325703,77.21049055985777,2025-01-26 08:30:56,8,26,6,1,1
U001,28.615226040909533,77.21001137100625,2025-01-26 08:39:16,8,26,6,1,1
U001,28.612903699051945,77.21203633033461,2025-01-26 08:41:34,8,26,6,1,1
U001,28.62646035222809,77.19488140586336,2025-01-26 09:21:54,9,26,6,1,1
U001,28.62202381902156,77.19501218261148,2025-01-26 09:40:07,9,26,6,1,1
U001,28.627754518119925,77.19601122194054,2025-01-26 09:59:20,9,26,6,1,1
U001,28.62464512232235,77.1904861520338,2025-01-26 10:39:37,10,26,6,1,1
U001,28.62476992027893,77.19380975615506,2025-01-26 10:42:58,10,26,6,1,1
U001,28.62417349675811,77.19752129564124,2025-01-26 10:48:46,10,26,6,1,1
U001,28.626145437927256,77.19609718421557,2025-01-26 11:02:40,11,26,6,1,1
U001,28.62670019326923,77.1982244537747,2025-01-26 11:25:47,11,26,6,1,1
U001,28.622305338882654,77.19757257307671,2025-01-26 11:51:00,11,26,6,1,1
U001,28.60011015686565,77.20746397146473,2025-01-26 12:16:41,12,26,6,1,1
U001,28.602203137821377,77.20139246985006,2025-01-26 12:21:42,12,26,6,1,1
U001,28.601309852384095,77.20647343057226,2025-01-26 12:24:45,12,26,6,1,1
U001,28.600174261680333,77.20729915118916,2025-01-26 12:43:06,12,26,6,1,1
U001,28.60165792731253,77.2035070014949,2025-01-26 12:44:26,12,26,6,1,1
U001,28.60240149249337,77.20190291892672,2025-01-26 13:06:57,13,26,6,1,1
U001,28.601095528451168,77.2049772003727,2025-01-26 13:10:18,13,26,6,1,1
U001,28.59863094148562,77.20425843029268,2025-01-26 13:46:53,13,26,6,1,1
U001,28.600938979219983,77.20397451223467,2025-01-26 13:50:22,13,26,6,1,1
U001,28.600602399309107,77.20612647042057,2025-01-26 14:14:49,14,26,6,1,1
U001,28.59883544124046,77.20247824851882,2025-01-26 14:18:30,14,26,6,1,1
U001,28.598278701145915,77.20516546633749,2025-01-26 14:47:49,14,26,6,1,1
U001,28.60098370981001,77.20917678955743,2025-01-26 15:09:43,15,26,6,1,1
U001,28.60140639026083,77.20502798020615,2025-01-26 15:17:29,15,26,6,1,1
U001,28.5998468150075,77.20471429307786,2025-01-26 15:36:11,15,26,6,1,1
U001,28.602686332959,77.20031031184243,2025-01-26 15:38:39,15,26,6,1,1
U001,28.64116754912672,77.22250455800304,2025-01-26 16:20:16,16,26,6,1,1
U001,28.640316728221965,77.22583437816616,2025-01-26 16:32:25,16,26,6,1,1
U001,28.63744073788025,77.22539680825997,2025-01-26 16:34:54,16,26,6,1,1
U001,28.640509238967155,77.2254459867654,2025-01-26 16:50:50,16,26,6,1,1
U001,28.640237021732663,77.22227816844764,2025-01-26 17:04:50,17,26,6,1,1
U001,28.64032744460105,77.22359309034363,2025-01-26 17:10:24,17,26,6,1,1
U001,28.63468709438995,77.22866026168526,2025-01-26 17:26:28,17,26,6,1,1
U001,28.64054359198984,77.22368068812244,2025-01-26 18:13:27,18,26,6,1,1
U001,28.641287717573697,77.22456701522269,2025-01-26 18:22:41,18,26,6,1,1
U001,28.637572503920147,77.22224204821622,2025-01-26 18:33:31,18,26,6,1,1
U001,28.637883411191023,77.22388640479294,2025-01-26 18:34:20,18,26,6,1,1
U001,28.64081332317212,77.21973922886683,2025-01-26 18:36:26,18,26,6,1,1
U001,28.639031214343557,77.22653600890045,2025-01-26 19:02:23,19,26,6,1,1
U001,28.64196789855564,77.22383450612458,2025-01-26 19:15:33,19,26,6,1,1
U001,28.63962036484196,77.2231721068317,2025-01-26 19:39:21,19,26,6,1,1
U001,28.63772251381065,77.2241731117106,2025-01-26 19:45:28,19,26,6,1,1
U001,28.636251413876096,77.22193267382384,2025-01-26 19:51:11,19,26,6,1,1
U001,28.612456286935785,77.20852435081146,2025-01-26 20:00:53,20,26,6,1,1
U001,28.613762543544343,77.20925178882878,2025-01-26 20:01:52,20,26,6,1,1
U001,28.61232265362651,77.20645770047201,2025-01-26 20:26:47,20,26,6,1,1
U001,28.615806185662446,77.20944672204801,2025-01-26 20:46:33,20,26,6,1,1
U001,28.616656764207026,77.21005794511518,2025-01-26 20:47:21,20,26,6,1,1
U001,28.61426425637838,77.20885253111209,2025-01-26 21:35:25,21,26,6,1,1
U001,28.61197308240639,77.20885694839781,2025-01-26 21:42:47,21,26,6,1,1
U001,28.61454343995206,77.20799180575506,2025-01-26 21:51:35,21,26,6,1,1
U001,28.6155283642587,77.20945601102596,2025-01-26 21:51:55,21,26,6,1,1
U001,28.612421079032792,77.20827584598517,2025-01-26 21:58:34,21,26,6,1,1
U001,28.615636191161236,77.20953896909302,2025-01-26 22:01:02,22,26,6,1,1
U001,28.61381666794824,77.2089262458704,2025-01-26 22:16:44,22,26,6,1,1
U001,28.61488852070127,77.20556726896169,2025-01-26 22:18:55,22,26,6,1,1
U001,28.616868723367823,77.20322325564861,2025-01-26 22:30:18,22,26,6,1,1
U001,28.61305041309348,77.21493669255037,2025-01-26 23:17:00,23,26,6,1,1
U001,28.61607577472684,77.20605139482261,2025-01-26 23:27:06,23,26,6,1,1
U001,28.61279838996651,77.20889751062187,2025-01-26 23:31:54,23,26,6,1,1
U001,28.60826744472887,77.20685894149631,2025-01-26 23:45:17,23,26,6,1,1
U001,28.6136012822059,77.20965136227233,2025-01-27 00:17:11,0,27,0,1,0
U001,28.61393714649014,77.20563112948231,2025-01-27 00:24:10,0,27,0,1,0
U001,28.61841321924932,77.20694940412533,2025-01-27 00:41:02,0,27,0,1,0
U001,28.61631953508641,77.20900916939026,2025-01-27 00:42:39,0,27,0,1,0
U001,28.61362200664974,77.20867965416677,2025-01-27 00:55:16,0,27,0,1,0
U001,28.615223626126337,77.20934866653398,2025-01-27 01:14:16,1,27,0,1,0
U001,28.617079227006773,77.21039564260222,2025-01-27 01:23:44,1,27,0,1,0
U001,28.614456634210647,77.21192835622126,2025-01-27 01:23:46,1,27,0,1,0
U001,28.614560488206745,77.20904085936994,2025-01-27 01:51:05,1,27,0,1,0
U001,28.610822736913438,77.20904003725684,2025-01-27 02:08:07,2,27,0,1,0
U001,28.61344811441114,77.20873486452207,2025-01-27 02:23:46,2,27,0,1,0
U001,28.61518982955259,77.20760892026978,2025-01-27 02:58:14,2,27,0,1,0
U001,28.613172828777056,77.20836779267357,2025-01-27 03:05:24,3,27,0,1,0
U001,28.61455147705953,77.2095423075885,2025-01-27 03:36:53,3,27,0,1,0
U001,28.61376367036733,77.20551316181525,2025-01-27 03:46:46,3,27,0,1,0
U001,28.61533225960729,77.20766168862549,2025-01-27 03:52:35,3,27,0,1,0
U001,28.61490572562077,77.2096666071809,2025-01-27 03:54:46,3,27,0,1,0
U001,28.61648623985703,77.20999577215233,2025-01-27 04:06:06,4,27,0,1,0
U001,28.61278506107689,77.20821440827036,2025-01-27 04:18:52,4,27,0,1,0
U001,28.613535692733805,77.21078203930398,2025-01-27 04:27:10,4,27,0,1,0
U001,28.60615834160505,77.21176831531828,2025-01-27 04:27:56,4,27,0,1,0
U001,28.615218280900912,77.2109258094471,2025-01-27 04:49:20,4,27,0,1,0
U001,28.61262202159185,77.20823437789943,2025-01-27 05:28:48,5,27,0,1,0
U001,28.615085379435538,77.2082206973379,2025-01-27 05:41:12,5,27,0,1,0
U001,28.61354894656755,77.20996446434084,2025-01-27 05:46:14,5,27,0,1,0
U001,28.612310196218544,77.20836919465243,2025-01-27 06:05:01,6,27,0,1,0
U001,28.61561917157233,77.21060358525823,2025-01-27 06:16:25,6,27,0,1,0
U001,28.61274850102995,77.20521646344461,2025-01-27 06:32:31,6,27,0,1,0
U001,28.61180639855833,77.2121149379541,2025-01-27 06:33:04,6,27,0,1,0
U001,28.61490243148267,77.20891183497386,2025-01-27 06:56:30,6,27,0,1,0
U001,28.61331669708821,77.21091322997849,2025-01-27 07:34:38,7,27,0,1,0
U001,28.61295195183712,77.20954929803636,2025-01-27 07:49:03,7,27,0,1,0
U001,28.612372412181657,77.20865741349971,2025-01-27 07:56:27,7,27,0,1,0
U001,28.629902096120222,77.21577136123126,2025-01-27 08:08:35,8,27,0,1,0
U001,28.63205276901711,77.21676300782849,2025-01-27 08:24:30,8,27,0,1,0
U001,28.6348134398235,77.21805737444585,2025-01-27 08:36:03,8,27,0,1,0
U001,28.63296896558938,77.21776646268484,2025-01-27 09:07:57,9,27,0,1,0
U001,28.63018275739841,77.22013524002794,2025-01-27 09:27:14,9,27,0,1,0
U001,28.62956072607525,77.21670862192055,2025-01-27 09:48:03,9,27,0,1,0
U001,28.628959589758946,77.21616461402674,2025-01-27 09:53:39,9,27,0,1,0
U001,28.630365744421265,77.21855449564306,2025-01-27 10:06:08,10,27,0,1,0
U001,28.62873047140673,77.22368205802502,2025-01-27 10:10:39,10,27,0,1,0
U001,28.62951726790929,77.22078701306286,2025-01-27 10:10:40,10,27,0,1,0
U001,28.62941310521053,77.2152988325302,2025-01-27 10:37:35,10,27,0,1,0
U001,28.62781040127465,77.22011687651099,2025-01-27 10:41:26,10,27,0,1,0
U001,28.630590123393517,77.21989553237157,2025-01-27 11:32:51,11,27,0,1,0
U001,28.63159800100043,77.21744029899675,2025-01-27 11:38:02,11,27,0,1,0
U001,28.63131029905201,77.21684023033328,2025-01-27 11:38:49,11,27,0,1,0
U001,28.632902915575773,77.21797239386115,2025-01-27 12:30:42,12,27,0,1,0
U001,28.62468459077549,77.22208844691163,2025-01-27 12:33:58,12,27,0,1,0
U001,28.629527419521917,77.21791781931115,2025-01-27 12:36:19,12,27,0,1,0
U001,28.63014003096948,77.21446289365026,2025-01-27 12:43:26,12,27,0,1,0
U001,28.62972320143511,77.21408302684482,2025-01-27 12:54:29,12,27,0,1,0
U001,28.630590358435214,77.21873582002922,2025-01-27 13:01:39,13,27,0,1,0
U001,28.631929549814043,77.21604322355162,2025-01-27 13:17:52,13,27,0,1,0
U001,28.62905900001796,77.21608899526375,2025-01-27 13:34:29,13,27,0,1,0
U001,28.63040152935569,77.21971721915503,2025-01-27 13:47:11,13,27,0,1,0
U001,28.628273459217727,77.21840417420172,2025-01-27 14:00:35,14,27,0,1,0
U001,28.627864739811468,77.21614182011635,2025-01-27 14:41:51,14,27,0,1,0
U001,28.628631553136863,77.2194504323916,2025-01-27 14:42:13,14,27,0,1,0
U001,28.62933179508135,77.21913632982255,2025-01-27 14:53:50,14,27,0,1,0
U001,28.631354907489065,77.21664627657006,2025-01-27 15:08:34,15,27,0,1,0
U001,28.632501042925465,77.21826758766524,2025-01-27 15:24:16,15,27,0,1,0
U001,28.63282682909607,77.21834928567031,2025-01-27 15:36:00,15,27,0,1,0
U001,28.63023418696662,77.21726698666407,2025-01-27 15:49:20,15,27,0,1,0
U001,28.63533590482164,77.21828794548973,2025-01-27 15:58:11,15,27,0,1,0
U001,28.63100259628944,77.21836182284135,2025-01-27 16:01:42,16,27,0,1,0
U001,28.6291830794354,77.21987173794139,2025-01-27 16:28:30,16,27,0,1,0
U001,28.628453773995084,77.22014387882538,2025-01-27 16:42:02,16,27,0,1,0
U001,28.62966949811813,77.21845300978619,2025-01-27 17:15:28,17,27,0,1,0
U001,28.629977579195955,77.2228448929838,2025-01-27 17:22:30,17,27,0,1,0
U001,28.629898140411456,77.21928963690937,2025-01-27 17:27:39,17,27,0,1,0
U001,28.6299238095662,77.2164957888609,2025-01-27 17:49:18,17,27,0,1,0
U001,28.63205893765027,77.21812592237237,2025-01-27 18:14:15,18,27,0,1,0
U001,28.629179440081572,77.21535139727396,2025-01-27 18:19:53,18,27,0,1,0
U001,28.63374820347016,77.21861935757653,2025-01-27 18:30:25,18,27,0,1,0
U001,28.63247641750181,77.21631078272075,2025-01-27 18:30:27,18,27,0,1,0
U001,28.631060800854183,77.21507980464678,2025-01-27 18:54:48,18,27,0,1,0
U001,28.60882976606168,77.22691834644974,2025-01-27 19:18:10,19,27,0,1,0
U001,28.61219971516151,77.22920092552816,2025-01-27 19:25:45,19,27,0,1,0
U001,28.60942791850713,77.22902943883246,2025-01-27 19:27:42,19,27,0,1,0
U001,28.610295887247997,77.23313763239732,2025-01-27 19:53:50,19,27,0,1,0
U001,28.609721905172776,77.2312931143936,2025-01-27 20:00:55,20,27,0,1,0
U001,28.612157868268586,77.2315296259562,2025-01-27 20:08:08,20,27,0,1,0
U001,28.60753523386915,77.23141184615898,2025-01-27 20:16:55,20,27,0,1,0
U001,28.609303608523565,77.22802552012747,2025-01-27 20:24:32,20,27,0,1,0
U001,28.61050313543945,77.225819725317,2025-01-27 20:33:13,20,27,0,1,0
U001,28.6128510040462,77.21194139072777,2025-01-27 21:06:11,21,27,0,1,0
U001,28.61500960347043,77.20582443780323,2025-01-27 21:18:02,21,27,0,1,0
U001,28.614173252886506,77.21040382729555,2025-01-27 21:38:55,21,27,0,1,0
U001,28.61672988917788,77.2071014393836,2025-01-27 21:42:00,21,27,0,1,0
U001,28.61282279048341,77.20844231555667,2025-01-27 21:43:58,21,27,0,1,0
U001,28.612476608310605,77.2085443302919,2025-01-27 22:06:41,22,27,0,1,0
U001,28.616551126333388,77.2112739022331,2025-01-27 22:11:40,22,27,0,1,0
U001,28.614686945211133,77.21104806211032,2025-01-27 22:25:37,22,27,0,1,0
U001,28.61204853713247,77.20969884580403,2025-01-27 22:36:53,22,27,0,1,0
U001,28.613738562869493,77.21041478808337,2025-01-27 23:27:30,23,27,0,1,0
U001,28.61594491213644,77.20687973896788,2025-01-27 23:30:13,23,27,0,1,0
U001,28.615953659834467,77.20850656673072,2025-01-27 23:40:49,23,27,0,1,0
U001,28.61474641433104,77.20878119849252,2025-01-27 23:53:48,23,27,0,1,0
U001,28.61353618407772,77.21390072787206,2025-01-28 00:20:22,0,28,1,1,0
U001,28.610819435771965,77.2124339942539,2025-01-28 00:27:36,0,28,1,1,0
U001,28.612592330709887,77.2112977959088,2025-01-28 00:53:08,0,28,1,1,0
U001,28.613066686672777,77.20881865441278,2025-01-28 00:58:32,0,28,1,1,0
U001,28.61098367025576,77.21157932269844,2025-01-28 00:59:11,0,28,1,1,0
U001,28.614594072231704,77.21234264510682,2025-01-28 01:21:17,1,28,1,1,0
U001,28.61438201408172,77.21143549867344,2025-01-28 01:44:51,1,28,1,1,0
U001,28.61400891715421,77.20615031659766,2025-01-28 01:55:09,1,28,1,1,0
U001,28.613410605278503,77.20865860351321,2025-01-28 01:58:14,1,28,1,1,0
U001,28.61649172777897,77.20738999982262,2025-01-28 02:37:50,2,28,1,1,0
U001,28.61395697025617,77.2070378423895,2025-01-28 02:39:35,2,28,1,1,0
U001,28.61537520293652,77.20847741270416,2025-01-28 02:39:36,2,28,1,1,0
U001,28.618405116199234,77.21017457853539,2025-01-28 02:48:55,2,28,1,1,0
U001,28.610441080817232,77.21157233242428,2025-01-28 02:55:56,2,28,1,1,0
U001,28.61751986491925,77.20901200292975,2025-01-28 03:06:29,3,28,1,1,0
U001,28.615456074889284,77.205716863262,2025-01-28 03:09:54,3,28,1,1,0
U001,28.614607883398666,77.21055313052848,2025-01-28 03:48:21,3,28,1,1,0
U001,28.61177450062138,77.21107645724368,2025-01-28 04:21:05,4,28,1,1,0
U001,28.6173208687297,77.20732488070908,2025-01-28 04:27:25,4,28,1,1,0
U001,28.615708821718467,77.21343562685514,2025-01-28 04:27:40,4,28,1,1,0
U001,28.613857628040336,77.21052690215944,2025-01-28 04:56:28,4,28,1,1,0
U001,28.61069587625285,77.20798783221927,2025-01-28 05:20:12,5,28,1,1,0
U001,28.61454572015706,77.20750211245078,2025-01-28 05:42:26,5,28,1,1,0
U001,28.612192211765343,77.20968648872166,2025-01-28 05:46:53,5,28,1,1,0
U001,28.614154521108265,77.20826141466284,2025-01-28 05:47:31,5,28,1,1,0
U001,28.61498343601793,77.20929385886475,2025-01-28 05:49:35,5,28,1,1,0
U001,28.611606915746982,77.20935139015826,2025-01-28 06:13:32,6,28,1,1,0
U001,28.609567787917065,77.2088169862494,2025-01-28 06:16:52,6,28,1,1,0
U001,28.61372377942827,77.2073799818142,2025-01-28 06:20:52,6,28,1,1,0
U001,28.61566049373015,77.20810575678972,2025-01-28 07:00:32,7,28,1,1,0
U001,28.61087667336372,77.20843067074732,2025-01-28 07:24:49,7,28,1,1,0
U001,28.60971620789644,77.20885893420787,2025-01-28 07:25:47,7,28,1,1,0
U001,28.610203028104063,77.20487826634337,2025-01-28 07:43:51,7,28,1,1,0
U001,28.631948505632327,77.22017432218702,2025-01-28 08:33:33,8,28,1,1,0
U001,28.63144672883825,77.21678150033507,2025-01-28 08:34:50,8,28,1,1,0
U001,28.63146206230661,77.21825376400247,2025-01-28 08:41:47,8,28,1,1,0
U001,28.631521773384428,77.21793418995131,2025-01-28 08:51:13,8,28,1,1,0
U001,28.629685066220212,77.21789584309332,2025-01-28 09:04:16,9,28,1,1,0
U001,28.627949262813424,77.21871587484296,2025-01-28 09:15:53,9,28,1,1,0
U001,28.633204704020912,77.21073966596138,2025-01-28 09:24:50,9,28,1,1,0
U001,28.629030793589017,77.21397181285258,2025-01-28 09:25:15,9,28,1,1,0
U001,28.633375732818244,77.21763224626868,2025-01-28 09:57:48,9,28,1,1,0
U001,28.6277158330108,77.21715076843343,2025-01-28 10:12:02,10,28,1,1,0
U001,28.62866388626761,77.21576555142425,2025-01-28 10:22:13,10,28,1,1,0
U001,28.63050309553692,77.2206899983723,2025-01-28 10:26:07,10,28,1,1,0
U001,28.629505504099747,77.21686623760633,2025-01-28 10:52:09,10,28,1,1,0
U001,28.628574163256,77.219521787761,2025-01-28 11:07:51,11,28,1,1,0
U001,28.63432552072878,77.22155607023906,2025-01-28 11:17:24,11,28,1,1,0
U001,28.630671687076653,77.21812035759602,2025-01-28 11:21:13,11,28,1,1,0
U001,28.63445797144792,77.21767873483665,2025-01-28 11:51:04,11,28,1,1,0
U001,28.63199889273702,77.21641730594904,2025-01-28 12:39:58,12,28,1,1,0
U001,28.629266820620348,77.21511938230607,2025-01-28 12:41:52,12,28,1,1,0
U001,28.62533209758416,77.21721364211778,2025-01-28 12:59:26,12,28,1,1,0
U001,28.63358081326552,77.22028234026781,2025-01-28 13:12:10,13,28,1,1,0
U001,28.62784100192597,77.21433956279371,2025-01-28 13:32:05,13,28,1,1,0
U001,28.63005962707673,77.21985575656285,2025-01-28 13:41:39,13,28,1,1,0
U001,28.631402470524943,77.21823673388077,2025-01-28 13:57:22,13,28,1,1,0
U001,28.62775802405835,77.21911540183895,2025-01-28 14:21:05,14,28,1,1,0
U001,28.630888629731164,77.21542504617588,2025-01-28 14:23:16,14,28,1,1,0
U001,28.63071563730633,77.21614884993787,2025-01-28 14:39:02,14,28,1,1,0
U001,28.627489013732184,77.21688286288884,2025-01-28 15:09:20,15,28,1,1,0
U001,28.628930455905245,77.218653510057,2025-01-28 15:19:39,15,28,1,1,0
U001,28.634649605009024,77.21886050426554,2025-01-28 15:21:46,15,28,1,1,0
U001,28.631785939143665,77.21463116059496,2025-01-28 15:56:14,15,28,1,1,0
U001,28.629876023802897,77.21755805266385,2025-01-28 16:01:42,16,28,1,1,0
U001,28.630413919904267,77.21941583175257,2025-01-28 16:02:20,16,28,1,1,0
U001,28.629632155856186,77.21525906969615,2025-01-28 16:10:05,16,28,1,1,0
U001,28.631630857537893,77.21611787590717,2025-01-28 16:28:03,16,28,1,1,0
U001,28.630433256950734,77.21564902660678,2025-01-28 17:00:02,17,28,1,1,0
U001,28.62919809885004,77.2177001336971,2025-01-28 17:18:15,17,28,1,1,0
U001,28.63316507158065,77.21788397434814,2025-01-28 17:48:54,17,28,1,1,0
U001,28.627098399016585,77.21735369639194,2025-01-28 18:43:54,18,28,1,1,0
U001,28.63264130513731,77.219402808293,2025-01-28 18:48:46,18,28,1,1,0
U001,28.631314359560463,77.22199468642229,2025-01-28 18:53:08,18,28,1,1,0
U001,28.612688712851256,77.21118037583692,2025-01-28 19:11:13,19,28,1,1,0
U001,28.61314196082454,77.20906953662681,2025-01-28 19:31:03,19,28,1,1,0
U001,28.61460612058139,77.21029673498848,2025-01-28 19:32:13,19,28,1,1,0
U001,28.61408099000353,77.20524791554348,2025-01-28 19:46:38,19,28,1,1,0
U001,28.616804336538934,77.20615133963122,2025-01-28 20:01:15,20,28,1,1,0
U001,28.61377623871568,77.20509918059962,2025-01-28 20:07:24,20,28,1,1,0
U001,28.614689216338803,77.20578958947061,2025-01-28 20:10:12,20,28,1,1,0
U001,28.616212139137616,77.20906565566413,2025-01-28 21:21:04,21,28,1,1,0
U001,28.61404122098364,77.20364147737436,2025-01-28 21:57:22,21,28,1,1,0
U001,28.613383518815223,77.21156668093569,2025-01-28 21:58:07,21,28,1,1,0
U001,28.6164794451095,77.20911363986878,2025-01-28 22:03:32,22,28,1,1,0
U001,28.612355911636456,77.2135615836778,2025-01-28 22:04:06,22,28,1,1,0
U001,28.61677443243382,77.2131867979284,2025-01-28 22:17:14,22,28,1,1,0
U001,28.61702370961924,77.21067784912768,2025-01-28 22:38:49,22,28,1,1,0
U001,28.61147747795777,77.20973485803013,2025-01-28 23:05:46,23,28,1,1,0
U001,28.61138092540672,77.21362239606218,2025-01-28 23:21:38,23,28,1,1,0
U001,28.614782313436194,77.2088079861382,2025-01-28 23:43:43,23,28,1,1,0
U001,28.61647420493958,77.21219032856867,2025-01-28 23:47:02,23,28,1,1,0
U001,28.61435053150895,77.20743030050586,2025-01-28 23:51:28,23,28,1,1,0
U001,28.61557657854257,77.20753206187898,2025-01-29 00:19:18,0,29,2,1,0
U001,28.615013979599965,77.2093598723751,2025-01-29 00:28:32,0,29,2,1,0
U001,28.612854178403744,77.20706748904993,2025-01-29 00:51:33,0,29,2,1,0
U001,28.61394263863504,77.20875220947123,2025-01-29 01:03:53,1,29,2,1,0
U001,28.6165726546245,77.21180069087181,2025-01-29 01:04:46,1,29,2,1,0
U001,28.61610961211301,77.207821641202,2025-01-29 01:18:40,1,29,2,1,0
U001,28.61539922730512,77.20903578027178,2025-01-29 01:21:50,1,29,2,1,0
U001,28.61504331337755,77.21282216338525,2025-01-29 02:16:21,2,29,2,1,0
U001,28.61178191947808,77.20962443572134,2025-01-29 02:17:37,2,29,2,1,0
U001,28.613941055426388,77.20606187692421,2025-01-29 02:31:50,2,29,2,1,0
U001,28.61257762367935,77.20863765232217,2025-01-29 02:48:50,2,29,2,1,0
U001,28.61525100344144,77.20933103384336,2025-01-29 02:59:51,2,29,2,1,0
U001,28.61379144179328,77.21425932286445,2025-01-29 03:20:38,3,29,2,1,0
U001,28.614833134704902,77.20722194128112,2025-01-29 03:33:08,3,29,2,1,0
U001,28.6155651715824,77.21092250684127,2025-01-29 03:35:56,3,29,2,1,0
U001,28.61425971860261,77.20967472210545,2025-01-29 04:07:14,4,29,2,1,0
U001,28.6168219130348,77.20994639725062,2025-01-29 04:24:48,4,29,2,1,0
U001,28.61677526451013,77.20957147609487,2025-01-29 04:38:24,4,29,2,1,0
U001,28.61461165844044,77.20809761931906,2025-01-29 04:39:08,4,29,2,1,0
U001,28.612359679849607,77.20726893238584,2025-01-29 05:10:48,5,29,2,1,0
U001,28.61337210566606,77.20852021436873,2025-01-29 05:30:18,5,29,2,1,0
U001,28.613170374534448,77.20688236891536,2025-01-29 05:36:16,5,29,2,1,0
U001,28.61285365735544,77.20944692370689,2025-01-29 05:58:24,5,29,2,1,0
U001,28.616697075632743,77.21129996111898,2025-01-29 06:28:54,6,29,2,1,0
U001,28.614818872805245,77.20882130092326,2025-01-29 06:40:54,6,29,2,1,0
U001,28.612272432833667,77.20904670164376,2025-01-29 06:58:27,6,29,2,1,0
U001,28.61430384434687,77.20750656657508,2025-01-29 07:03:07,7,29,2,1,0
U001,28.61423542489049,77.20967822612998,2025-01-29 07:10:49,7,29,2,1,0
U001,28.612414393187574,77.20910926200993,2025-01-29 07:35:27,7,29,2,1,0
U001,28.61383935003921,77.20742024167184,2025-01-29 07:48:12,7,29,2,1,0
U001,28.629834754171547,77.21878961155252,2025-01-29 08:19:08,8,29,2,1,0
U001,28.63152835058094,77.21668336142726,2025-01-29 08:26:08,8,29,2,1,0
U001,28.627439042366632,77.2168944214718,2025-01-29 08:45:19,8,29,2,1,0
U001,28.63420881822568,77.21454623970052,2025-01-29 08:49:51,8,29,2,1,0
U001,28.630719564668382,77.21477629512253,2025-01-29 09:04:14,9,29,2,1,0
U001,28.62924118379845,77.21604618987625,2025-01-29 09:09:17,9,29,2,1,0
U001,28.62755973518792,77.21676290296261,2025-01-29 09:10:33,9,29,2,1,0
U001,28.629123201676677,77.21869685991062,2025-01-29 09:22:11,9,29,2,1,0
U001,28.63259506968509,77.2173976160527,2025-01-29 09:44:22,9,29,2,1,0
U001,28.62906522652519,77.21846930670648,2025-01-29 10:10:02,10,29,2,1,0
U001,28.6290985248078,77.21779366297368,2025-01-29 10:40:31,10,29,2,1,0
U001,28.630029983835552,77.21715757128712,2025-01-29 10:52:50,10,29,2,1,0
U001,28.63194222898916,77.21567141971684,2025-01-29 10:55:07,10,29,2,1,0
U001,28.63073925373966,77.21777380449052,2025-01-29 10:55:09,10,29,2,1,0
U001,28.630059914598498,77.21758348047089,2025-01-29 11:03:24,11,29,2,1,0
U001,28.62945277605164,77.21673666801422,2025-01-29 11:03:40,11,29,2,1,0
U001,28.6288023266042,77.21859328112522,2025-01-29 11:16:25,11,29,2,1,0
U001,28.63027178068817,77.21612998064242,2025-01-29 11:22:34,11,29,2,1,0
U001,28.628855696400517,77.21931398477635,2025-01-29 11:41:46,11,29,2,1,0
U001,28.633556479182936,77.21726442315831,2025-01-29 12:22:01,12,29,2,1,0
U001,28.631364396810543,77.21893027288775,2025-01-29 12:41:20,12,29,2,1,0
U001,28.63055192096848,77.21846816341592,2025-01-29 12:45:21,12,29,2,1,0
U001,28.63425911276784,77.22158793692044,2025-01-29 12:46:49,12,29,2,1,0
U001,28.628376393959645,77.2139977160853,2025-01-29 13:00:45,13,29,2,1,0
U001,28.62955874806528,77.21668731853251,2025-01-29 13:01:57,13,29,2,1,0
U001,28.62817049177516,77.21646183328774,2025-01-29 13:13:45,13,29,2,1,0
U001,28.63114302390293,77.21878088611363,2025-01-29 13:16:28,13,29,2,1,0
U001,28.63288622737838,77.21508573983701,2025-01-29 13:41:41,13,29,2,1,0
U001,28.631404223955588,77.21983463945199,2025-01-29 14:29:58,14,29,2,1,0
U001,28.62808575610722,77.21780522759438,2025-01-29 14:48:52,14,29,2,1,0
U001,28.62962112482649,77.21405604208167,2025-01-29 14:53:50,14,29,2,1,0
U001,28.630488380269878,77.21657095471102,2025-01-29 14:55:34,14,29,2,1,0
U001,28.63074996340801,77.21799829704604,2025-01-29 15:03:01,15,29,2,1,0
U001,28.6295815884159,77.21712030366507,2025-01-29 15:24:38,15,29,2,1,0
U001,28.631344279597087,77.21945844569684,2025-01-29 15:47:31,15,29,2,1,0
U001,28.634727846514465,77.21972823488989,2025-01-29 16:20:25,16,29,2,1,0
U001,28.62871214650068,77.21629574922048,2025-01-29 16:38:46,16,29,2,1,0
U001,28.6299508599224,77.2170136889346,2025-01-29 16:47:34,16,29,2,1,0
U001,28.62727432013961,77.2187759382014,2025-01-29 16:47:42,16,29,2,1,0
U001,28.6280285142869,77.21987538383749,2025-01-29 17:08:02,17,29,2,1,0
U001,28.628811822085485,77.22104539471421,2025-01-29 17:25:54,17,29,2,1,0
U001,28.62925431674377,77.21571118937489,2025-01-29 17:35:25,17,29,2,1,0
U001,28.627912850491796,77.22060299794353,2025-01-29 17:51:37,17,29,2,1,0
U001,28.631197737990096,77.21706555060958,2025-01-29 18:11:58,18,29,2,1,0
U001,28.632979577314163,77.21845686550542,2025-01-29 18:42:43,18,29,2,1,0
U001,28.63204374030768,77.21849133651526,2025-01-29 18:49:04,18,29,2,1,0
U001,28.609232573791505,77.22883927714314,2025-01-29 19:06:18,19,29,2,1,0
U001,28.60911185887871,77.23654471789122,2025-01-29 19:29:55,19,29,2,1,0
U001,28.606760331973145,77.22968559531627,2025-01-29 19:33:15,19,29,2,1,0
U001,28.610332690401428,77.23271558329604,2025-01-29 19:51:58,19,29,2,1,0
U001,28.609698511276587,77.22769309186916,2025-01-29 20:09:50,20,29,2,1,0
U001,28.607791563301834,77.22916399886272,2025-01-29 20:12:13,20,29,2,1,0
U001,28.60971592414791,77.23037913068691,2025-01-29 20:38:11,20,29,2,1,0
U001,28.608345201253098,77.23012045678864,2025-01-29 20:47:05,20,29,2,1,0
U001,28.611420785366303,77.22684900701117,2025-01-29 20:56:22,20,29,2,1,0
U001,28.615204915634116,77.21041127983767,2025-01-29 21:08:29,21,29,2,1,0
U001,28.614121483460288,77.20562702870538,2025-01-29 21:18:21,21,29,2,1,0
U001,28.61087587159453,77.20805595265482,2025-01-29 21:20:11,21,29,2,1,0
U001,28.617057297570188,77.20742258643087,2025-01-29 21:20:19,21,29,2,1,0
U001,28.61374565897627,77.20800825056995,2025-01-29 21:40:45,21,29,2,1,0
U001,28.61709425569348,77.20717298692627,2025-01-29 22:12:10,22,29,2,1,0
U001,28.61141582837448,77.20550592465749,2025-01-29 22:22:41,22,29,2,1,0
U001,28.6098298705004,77.20784805908379,2025-01-29 22:30:04,22,29,2,1,0
U001,28.614742246389373,77.20810701199657,2025-01-29 23:08:03,23,29,2,1,0
U001,28.612202577659577,77.20655738318688,2025-01-29 23:12:39,23,29,2,1,0
U001,28.61600660792485,77.20807096133606,2025-01-29 23:25:45,23,29,2,1,0
U001,28.61109076313265,77.20707375112481,2025-01-29 23:50:34,23,29,2,1,0
U001,28.6142329705916,77.20837825187583,2025-01-30 00:27:33,0,30,3,1,0
U001,28.61189638344949,77.20771735091733,2025-01-30 00:40:24,0,30,3,1,0
U001,28.610517906499503,77.20970819382401,2025-01-30 00:46:09,0,30,3,1,0
U001,28.61408240338573,77.21139662464475,2025-01-30 01:20:49,1,30,3,1,0
U001,28.616231237205803,77.20693434664868,2025-01-30 01:24:38,1,30,3,1,0
U001,28.612410145573165,77.2101795411593,2025-01-30 01:36:15,1,30,3,1,0
U001,28.60927967402666,77.20984132557204,2025-01-30 01:53:31,1,30,3,1,0
U001,28.610936464178653,77.21158834605868,2025-01-30 01:56:26,1,30,3,1,0
U001,28.614954405915157,77.20962663484163,2025-01-30 02:12:06,2,30,3,1,0
U001,28.615681297470225,77.20738364010913,2025-01-30 02:31:05,2,30,3,1,0
U001,28.612019133150763,77.20382913839121,2025-01-30 02:36:43,2,30,3,1,0
U001,28.616404912787,77.2100178479388,2025-01-30 02:46:46,2,30,3,1,0
U001,28.61150572148193,77.2067971466235,2025-01-30 03:10:34,3,30,3,1,0
U001,28.610938768668937,77.20571122466751,2025-01-30 03:13:49,3,30,3,1,0
U001,28.611106325186235,77.20578422239453,2025-01-30 03:29:50,3,30,3,1,0
U001,28.61348892109828,77.20794079784525,2025-01-30 03:33:34,3,30,3,1,0
U001,28.611778316674307,77.20617601964658,2025-01-30 03:40:26,3,30,3,1,0
U001,28.610870059310837,77.20994063806538,2025-01-30 04:06:44,4,30,3,1,0
U001,28.61471254154818,77.20726234333158,2025-01-30 04:09:01,4,30,3,1,0
U001,28.61410791015816,77.21369192537112,2025-01-30 04:17:09,4,30,3,1,0
U001,28.612915897949005,77.21260074264809,2025-01-30 04:21:11,4,30,3,1,0
U001,28.614847739731477,77.20855834384686,2025-01-30 04:42:23,4,30,3,1,0
U001,28.61583989447504,77.20897510622524,2025-01-30 05:00:44,5,30,3,1,0
U001,28.613729176241925,77.20756723258175,2025-01-30 05:12:29,5,30,3,1,0
U001,28.61551177880113,77.20970542161378,2025-01-30 05:12:34,5,30,3,1,0
U001,28.61611533053655,77.20994812016873,2025-01-30 05:34:01,5,30,3,1,0
U001,28.616092340594907,77.21176368923527,2025-01-30 05:54:08,5,30,3,1,0
U001,28.613970936896305,77.20792623314713,2025-01-30 06:02:25,6,30,3,1,0
U001,28.615829614968906,77.20898494734006,2025-01-30 06:38:04,6,30,3,1,0
U001,28.61658184137271,77.20792586317843,2025-01-30 06:56:45,6,30,3,1,0
U001,28.61455705084467,77.20815126566323,2025-01-30 07:20:28,7,30,3,1,0
U001,28.612860914193156,77.21147298558606,2025-01-30 07:29:45,7,30,3,1,0
U001,28.618188548840624,77.20922181980042,2025-01-30 07:33:39,7,30,3,1,0
U001,28.617691594804118,77.21365094744901,2025-01-30 07:42:11,7,30,3,1,0
U001,28.612723373263652,77.21060742227326,2025-01-30 07:57:38,7,30,3,1,0
U001,28.6296309447502,77.21886996977493,2025-01-30 08:14:02,8,30,3,1,0
U001,28.63236214433517,77.2190111795204,2025-01-30 08:17:02,8,30,3,1,0
U001,28.632640434577795,77.21681970895267,2025-01-30 08:19:41,8,30,3,1,0
U001,28.63150153195472,77.21835081618106,2025-01-30 08:55:06,8,30,3,1,0
U001,28.629454208091985,77.21863349852224,2025-01-30 08:59:12,8,30,3,1,0
U001,28.630659386054727,77.2186297227878,2025-01-30 09:05:37,9,30,3,1,0
U001,28.62950569131711,77.21916972817843,2025-01-30 09:28:15,9,30,3,1,0
U001,28.628371251680395,77.22294979190966,2025-01-30 09:56:37,9,30,3,1,0
U001,28.631395000554456,77.21499635515943,2025-01-30 10:15:27,10,30,3,1,0
U001,28.64170370845177,77.2209531125085,2025-01-30 10:19:47,10,30,3,1,0
U001,28.63118436218597,77.21475057356407,2025-01-30 10:30:19,10,30,3,1,0
U001,28.628906408342065,77.2194538508875,2025-01-30 10:31:42,10,30,3,1,0
U001,28.62979135654324,77.21771159352437,2025-01-30 10:46:20,10,30,3,1,0
U001,28.628604477502037,77.2170557681887,2025-01-30 11:10:02,11,30,3,1,0
U001,28.63036892629673,77.2154291401769,2025-01-30 11:24:00,11,30,3,1,0
U001,28.631819519318167,77.21492174566265,2025-01-30 11:48:49,11,30,3,1,0
U001,28.62879291995512,77.21893127466576,2025-01-30 11:51:12,11,30,3,1,0
U001,28.629819194694672,77.21726528164903,2025-01-30 12:15:41,12,30,3,1,0
U001,28.63098536363504,77.21784478018658,2025-01-30 12:23:44,12,30,3,1,0
U001,28.62893237435225,77.21691999560541,2025-01-30 12:25:27,12,30,3,1,0
U001,28.62800825065913,77.21995390837587,2025-01-30 12:29:41,12,30,3,1,0
U001,28.62977658665144,77.21779650378141,2025-01-30 12:58:15,12,30,3,1,0
U001,28.63345801092712,77.21991454737746,2025-01-30 13:00:35,13,30,3,1,0
U001,28.63238727200608,77.2181064833143,2025-01-30 13:11:15,13,30,3,1,0
U001,28.628112608669557,77.20972747778204,2025-01-30 13:37:39,13,30,3,1,0
U001,28.62812262941464,77.21865151296377,2025-01-30 13:59:20,13,30,3,1,0
U001,28.630463850528443,77.21481731068486,2025-01-30 13:59:41,13,30,3,1,0
U001,28.630239070446823,77.21539707033133,2025-01-30 14:47:49,14,30,3,1,0
U001,28.630966675367063,77.217791765534,2025-01-30 14:50:24,14,30,3,1,0
U001,28.634381603239767,77.2150995044322,2025-01-30 14:53:12,14,30,3,1,0
U001,28.629729521287,77.22007387393276,2025-01-30 15:18:10,15,30,3,1,0
U001,28.62968885800336,77.21731907466528,2025-01-30 15:20:04,15,30,3,1,0
U001,28.63060654962141,77.21650938682643,2025-01-30 15:33:44,15,30,3,1,0
U001,28.63194875149757,77.22114248004179,2025-01-30 15:35:30,15,30,3,1,0
U001,28.633933408741488,77.21927400930005,2025-01-30 16:06:11,16,30,3,1,0
U001,28.629075047803124,77.21837529117451,2025-01-30 16:10:24,16,30,3,1,0
U001,28.6273415531124,77.21784986410209,2025-01-30 16:29:23,16,30,3,1,0
U001,28.62940019189475,77.21661102573852,2025-01-30 17:02:18,17,30,3,1,0
U001,28.628286031163125,77.21901926824911,2025-01-30 17:12:13,17,30,3,1,0
U001,28.630752654704413,77.21730203302018,2025-01-30 17:58:27,17,30,3,1,0
U001,28.62805179554701,77.22144693935695,2025-01-30 18:06:47,18,30,3,1,0
U001,28.63100953931437,77.21504984022873,2025-01-30 18:08:23,18,30,3,1,0
U001,28.62940474741957,77.21854791277974,2025-01-30 18:18:17,18,30,3,1,0
U001,28.629055177143176,77.21607656905752,2025-01-30 18:55:09,18,30,3,1,0
U001,28.61318130683305,77.23095919609166,2025-01-30 19:30:23,19,30,3,1,0
U001,28.60976048721801,77.22639423860893,2025-01-30 19:31:13,19,30,3,1,0
U001,28.61038538963404,77.23243161406054,2025-01-30 19:31:34,19,30,3,1,0
U001,28.60969496255512,77.22923932207588,2025-01-30 19:40:56,19,30,3,1,0
U001,28.607253504758894,77.2300987248937,2025-01-30 19:53:04,19,30,3,1,0
U001,28.610337833647066,77.2280486530843,2025-01-30 20:01:12,20,30,3,1,0
U001,28.605901794323163,77.23065727114415,2025-01-30 20:19:46,20,30,3,1,0
U001,28.61044518625988,77.22780112917002,2025-01-30 20:28:24,20,30,3,1,0
U001,28.610886055232008,77.227596531327,2025-01-30 20:37:48,20,30,3,1,0
U001,28.61298496064773,77.20704970039343,2025-01-30 21:19:03,21,30,3,1,0
U001,28.6130785724433,77.20822742859953,2025-01-30 21:35:08,21,30,3,1,0
U001,28.6122805946496,77.20881309755599,2025-01-30 21:44:22,21,30,3,1,0
U001,28.614838325484392,77.20876042800634,2025-01-30 21:45:32,21,30,3,1,0
U001,28.61517222073355,77.20795448807655,2025-01-30 21:58:34,21,30,3,1,0
U001,28.61328741191076,77.20731843159693,2025-01-30 22:05:30,22,30,3,1,0
U001,28.61452184046694,77.20572386817044,2025-01-30 22:06:06,22,30,3,1,0
U001,28.61196332295147,77.20768960529851,2025-01-30 22:19:02,22,30,3,1,0
U001,28.60998222325437,77.21054174384848,2025-01-30 22:30:03,22,30,3,1,0
U001,28.61390745822573,77.21457357343026,2025-01-30 23:06:04,23,30,3,1,0
U001,28.611083398333783,77.20730126666919,2025-01-30 23:29:53,23,30,3,1,0
U001,28.61382382803585,77.2081490750581,2025-01-30 23:35:25,23,30,3,1,0
U001,28.613922660251127,77.20951056731532,2025-01-30 23:51:52,23,30,3,1,0
U001,28.61210413111696,77.21178093537945,2025-01-31 00:12:23,0,31,4,1,0
U001,28.61329601548971,77.20635816252731,2025-01-31 00:24:35,0,31,4,1,0
U001,28.613221033667276,77.20872853657838,2025-01-31 00:27:35,0,31,4,1,0
U001,28.614933054441355,77.20958199873564,2025-01-31 01:06:16,1,31,4,1,0
U001,28.61375236066112,77.20851718752999,2025-01-31 01:18:40,1,31,4,1,0
U001,28.61435176672039,77.20579250828716,2025-01-31 01:44:06,1,31,4,1,0
U001,28.616276844274093,77.20792207152071,2025-01-31 02:26:58,2,31,4,1,0
U001,28.611665265620022,77.20957967099058,2025-01-31 02:29:19,2,31,4,1,0
U001,28.615767183712283,77.21151883059619,2025-01-31 02:36:23,2,31,4,1,0
U001,28.614604942237527,77.20708745033369,2025-01-31 02:52:04,2,31,4,1,0
U001,28.61350840687524,77.20958113936264,2025-01-31 03:03:11,3,31,4,1,0
U001,28.61419564104965,77.20930506068424,2025-01-31 03:28:24,3,31,4,1,0
U001,28.618598960702418,77.21103562871316,2025-01-31 03:32:26,3,31,4,1,0
U001,28.613525546108733,77.210914266675,2025-01-31 03:38:34,3,31,4,1,0
U001,28.61490771886366,77.20941130816719,2025-01-31 03:45:33,3,31,4,1,0
U001,28.611478165805323,77.21069837665522,2025-01-31 04:01:37,4,31,4,1,0
U001,28.61192151632787,77.20855240446554,2025-01-31 04:02:42,4,31,4,1,0
U001,28.61817383525528,77.20828554913005,2025-01-31 04:19:36,4,31,4,1,0
U001,28.616012500777625,77.209440043853,2025-01-31 04:29:04,4,31,4,1,0
U001,28.619040322169088,77.20970453916405,2025-01-31 05:19:38,5,31,4,1,0
U001,28.61243131766113,77.20854707274978,2025-01-31 05:33:10,5,31,4,1,0
U001,28.615896655301157,77.20754545148131,2025-01-31 05:57:45,5,31,4,1,0
U001,28.613401596663223,77.20634604745788,2025-01-31 06:08:00,6,31,4,1,0
U001,28.614609991638638,77.20969342455507,2025-01-31 06:20:37,6,31,4,1,0
U001,28.61424916486136,77.20913903207709,2025-01-31 06:24:14,6,31,4,1,0
U001,28.611641841739196,77.20889642453767,2025-01-31 06:29:38,6,31,4,1,0
U001,28.61200808939464,77.20902609975256,2025-01-31 06:33:31,6,31,4,1,0
U001,28.61204292057952,77.20569838851864,2025-01-31 07:03:09,7,31,4,1,0
U001,28.61546350055569,77.20743570251373,2025-01-31 07:19:26,7,31,4,1,0
U001,28.613423899885557,77.20851671844409,2025-01-31 07:24:00,7,31,4,1,0
U001,28.624609067598357,77.21322311092926,2025-01-31 08:03:42,8,31,4,1,0
U001,28.62616582118953,77.21335654304181,2025-01-31 08:43:30,8,31,4,1,0
U001,28.622613725069,77.21702386835993,2025-01-31 08:48:40,8,31,4,1,0
U001,28.62802910757094,77.21795969100327,2025-01-31 09:10:20,9,31,4,1,0
U001,28.629665530480164,77.21603951530724,2025-01-31 09:40:16,9,31,4,1,0
U001,28.63064256635971,77.21677162147394,2025-01-31 09:40:26,9,31,4,1,0
U001,28.63158440771062,77.2177368995112,2025-01-31 09:51:27,9,31,4,1,0
U001,28.63110384465213,77.21824600802749,2025-01-31 09:55:35,9,31,4,1,0
U001,28.63053710783037,77.21715469678296,2025-01-31 10:23:42,10,31,4,1,0
U001,28.62692739696197,77.21949070870005,2025-01-31 10:41:24,10,31,4,1,0
U001,28.629414330536974,77.21752587737896,2025-01-31 10:45:41,10,31,4,1,0
U001,28.63081695055753,77.21822662926856,2025-01-31 10:52:44,10,31,4,1,0
U001,28.62753127043097,77.21691947752173,2025-01-31 11:02:03,11,31,4,1,0
U001,28.63227689157651,77.21670751094679,2025-01-31 11:08:09,11,31,4,1,0
U001,28.630135709319383,77.21941701401674,2025-01-31 11:08:40,11,31,4,1,0
U001,28.630778441969284,77.21612688173985,2025-01-31 12:08:11,12,31,4,1,0
U001,28.62894080170315,77.22035561456269,2025-01-31 12:40:20,12,31,4,1,0
U001,28.629554190925116,77.21786446206258,2025-01-31 12:51:56,12,31,4,1,0
U001,28.629924406006687,77.21172940552842,2025-01-31 12:53:37,12,31,4,1,0
U001,28.630355968585253,77.21938742791808,2025-01-31 13:08:35,13,31,4,1,0
U001,28.627810172594277,77.21762243326422,2025-01-31 13:12:26,13,31,4,1,0
U001,28.63233491850672,77.21691212320843,2025-01-31 13:26:00,13,31,4,1,0
U001,28.62857026051237,77.21690771212934,2025-01-31 13:50:50,13,31,4,1,0
U001,28.63000431524066,77.22011786758183,2025-01-31 14:37:50,14,31,4,1,0
U001,28.629365817069356,77.21874999911614,2025-01-31 14:45:21,14,31,4,1,0
U001,28.62875027086631,77.21761124759806,2025-01-31 14:48:08,14,31,4,1,0
U001,28.631642869086942,77.21942210011076,2025-01-31 14:48:21,14,31,4,1,0
U001,28.62994779141369,77.21655887964903,2025-01-31 15:30:36,15,31,4,1,0
U001,28.63065311023014,77.21555339569748,2025-01-31 15:38:20,15,31,4,1,0
U001,28.634287779891103,77.21067462127333,2025-01-31 15:41:51,15,31,4,1,0
U001,28.630984494556984,77.21870602085434,2025-01-31 16:18:58,16,31,4,1,0
U001,28.627327970049283,77.22087961045678,2025-01-31 16:26:09,16,31,4,1,0
U001,28.636192020160664,77.21584936494702,2025-01-31 16:39:25,16,31,4,1,0
U001,28.630923038985184,77.21521895165013,2025-01-31 16:47:36,16,31,4,1,0
U001,28.632579862455003,77.21470433818239,2025-01-31 16:50:29,16,31,4,1,0
U001,28.631128592975237,77.2203079184308,2025-01-31 17:04:03,17,31,4,1,0
U001,28.63094244735136,77.21788798372532,2025-01-31 17:09:10,17,31,4,1,0
U001,28.629742804453624,77.21572673232139,2025-01-31 17:12:12,17,31,4,1,0
U001,28.631291006658504,77.21722674171708,2025-01-31 17:32:42,17,31,4,1,0
U001,28.632135022225945,77.21629478541992,2025-01-31 17:46:18,17,31,4,1,0
U001,28.63105786391085,77.22000350765897,2025-01-31 18:00:13,18,31,4,1,0
U001,28.628872244297863,77.21771283384153,2025-01-31 18:18:45,18,31,4,1,0
U001,28.62920810406316,77.21840036709551,2025-01-31 18:38:39,18,31,4,1,0
U001,28.627246372463617,77.21810523478223,2025-01-31 18:44:44,18,31,4,1,0
U001,28.62186289796393,77.21179030861569,2025-01-31 19:00:24,19,31,4,1,0
U001,28.62599963189673,77.21366364666731,2025-01-31 19:35:55,19,31,4,1,0
U001,28.623077714184145,77.21456434414253,2025-01-31 19:43:36,19,31,4,1,0
U001,28.62362720946183,77.21393875501819,2025-01-31 19:56:51,19,31,4,1,0
U001,28.621666202134307,77.21238342793713,2025-01-31 19:56:51,19,31,4,1,0
U001,28.609865547563025,77.22468237033262,2025-01-31 20:07:57,20,31,4,1,0
U001,28.608394713728487,77.23124977929783,2025-01-31 20:35:26,20,31,4,1,0
U001,28.6095251213244,77.22549943740322,2025-01-31 20:46:01,20,31,4,1,0
U001,28.60862623599708,77.22976310373961,2025-01-31 21:01:47,21,31,4,1,0
U001,28.610612180236583,77.22795622948067,2025-01-31 21:16:42,21,31,4,1,0
U001,28.611671846193484,77.2271834848494,2025-01-31 21:25:20,21,31,4,1,0
U001,28.61198647558132,77.22961840832416,2025-01-31 21:32:27,21,31,4,1,0
U001,28.60866636270213,77.22719890925028,2025-01-31 21:40:25,21,31,4,1,0
U001,28.615368071901965,77.2059168607659,2025-01-31 22:15:06,22,31,4,1,0
U001,28.61345965409762,77.21131952471315,2025-01-31 22:32:12,22,31,4,1,0
U001,28.609755108259293,77.20898437160437,2025-01-31 22:36:07,22,31,4,1,0
U001,28.61456527813781,77.20761023800236,2025-01-31 22:52:04,22,31,4,1,0
U001,28.613899182065836,77.20906731346165,2025-01-31 23:35:51,23,31,4,1,0
U001,28.612057645344745,77.21079734026293,2025-01-31 23:39:28,23,31,4,1,0
U001,28.61493682041297,77.2063084459613,2025-01-31 23:41:22,23,31,4,1,0
U001,28.615136030455943,77.20803026635099,2025-01-31 23:51:42,23,31,4,1,0
U001,28.611838331714505,77.20774470300967,2025-02-01 00:13:09,0,1,5,2,1
U001,28.612837304639054,77.20686507542793,2025-02-01 00:14:36,0,1,5,2,1
U001,28.61107193514727,77.2080254085185,2025-02-01 00:38:57,0,1,5,2,1
U001,28.61409644826352,77.20806747323363,2025-02-01 00:42:55,0,1,5,2,1
U001,28.613254348845643,77.20854243217053,2025-02-01 00:49:45,0,1,5,2,1
U001,28.613566002722585,77.2080407845633,2025-02-01 01:28:30,1,1,5,2,1
U001,28.613274722477115,77.21051270029717,2025-02-01 01:29:06,1,1,5,2,1
U001,28.613079597392677,77.2082199580484,2025-02-01 01:30:55,1,1,5,2,1
U001,28.61235879400123,77.20858649634916,2025-02-01 02:00:33,2,1,5,2,1
U001,28.61548106098553,77.20795876813774,2025-02-01 02:33:31,2,1,5,2,1
U001,28.615106307690574,77.20765838478513,2025-02-01 02:42:26,2,1,5,2,1
U001,28.61353560741649,77.2071087961618,2025-02-01 03:04:22,3,1,5,2,1
U001,28.61340679329981,77.20971016661952,2025-02-01 03:13:11,3,1,5,2,1
U001,28.61239987581543,77.21041184354934,2025-02-01 03:17:39,3,1,5,2,1
U001,28.613764957314885,77.20796269446586,2025-02-01 03:30:32,3,1,5,2,1
U001,28.61269481472417,77.2103508693299,2025-02-01 03:55:24,3,1,5,2,1
U001,28.61069912972874,77.21121892883974,2025-02-01 04:15:29,4,1,5,2,1
U001,28.61301038840618,77.20760370168891,2025-02-01 04:16:38,4,1,5,2,1
U001,28.613470337927527,77.20965155534805,2025-02-01 04:21:22,4,1,5,2,1
U001,28.61052106068568,77.20960302247936,2025-02-01 04:59:55,4,1,5,2,1
U001,28.61422397806025,77.21433323891608,2025-02-01 05:24:29,5,1,5,2,1
U001,28.612663289284164,77.21056627010387,2025-02-01 05:24:37,5,1,5,2,1
U001,28.612902442304307,77.21411340192272,2025-02-01 05:42:24,5,1,5,2,1
U001,28.615680832183536,77.20898113673213,2025-02-01 05:59:09,5,1,5,2,1
U001,28.614212034649032,77.21173476274546,2025-02-01 06:21:50,6,1,5,2,1
U001,28.61210999922372,77.206802405307,2025-02-01 06:25:56,6,1,5,2,1
U001,28.61764681298941,77.20629089446669,2025-02-01 06:46:47,6,1,5,2,1
U001,28.61717148221088,77.20902923380699,2025-02-01 07:12:50,7,1,5,2,1
U001,28.61270188499597,77.20953374355454,2025-02-01 07:45:41,7,1,5,2,1
U001,28.61522994259283,77.21085472887077,2025-02-01 07:46:45,7,1,5,2,1
U001,28.615378856745316,77.21013755265027,2025-02-01 07:49:28,7,1,5,2,1
U001,28.613489322198816,77.20688179217579,2025-02-01 07:55:44,7,1,5,2,1
U001,28.611547906246685,77.20846009384928,2025-02-01 08:05:42,8,1,5,2,1
U001,28.61425973991287,77.2100714069197,2025-02-01 08:20:13,8,1,5,2,1
U001,28.613136752826502,77.20930538613035,2025-02-01 08:31:32,8,1,5,2,1
U001,28.615782614612105,77.20563943734716,2025-02-01 08:31:41,8,1,5,2,1
U001,28.613258703810665,77.21112270762852,2025-02-01 08:35:26,8,1,5,2,1
U001,28.6113835722082,77.20838250429446,2025-02-01 09:06:15,9,1,5,2,1
U001,28.608028709079,77.21056282921779,2025-02-01 09:12:07,9,1,5,2,1
U001,28.614758921819192,77.2084086205124,2025-02-01 09:37:07,9,1,5,2,1
U001,28.626377152476863,77.19643941284417,2025-02-01 10:13:06,10,1,5,2,1
U001,28.624247394490254,77.1943825932082,2025-02-01 10:41:30,10,1,5,2,1
U001,28.624567737408317,77.19461810966048,2025-02-01 10:42:35,10,1,5,2,1
U001,28.622469373806897,77.19645603011438,2025-02-01 10:56:23,10,1,5,2,1
U001,28.62512894461496,77.19677695496874,2025-02-01 11:00:17,11,1,5,2,1
U001,28.625537770612155,77.19742286377037,2025-02-01 11:03:10,11,1,5,2,1
U001,28.626977425363386,77.19286428256501,2025-02-01 11:31:33,11,1,5,2,1
U001,28.62663802914969,77.19530107369205,2025-02-01 11:55:33,11,1,5,2,1
U001,28.623749274785432,77.1929105290298,2025-02-01 11:57:08,11,1,5,2,1
U001,28.62064882139785,77.19412999019356,2025-02-01 12:32:24,12,1,5,2,1
U001,28.623345664204223,77.19257953325243,2025-02-01 12:41:03,12,1,5,2,1
U001,28.62549140961019,77.19333783533419,2025-02-01 12:48:13,12,1,5,2,1
U001,28.600787478435706,77.20784076463146,2025-02-01 13:01:30,13,1,5,2,1
U001,28.59975987844886,77.20615559728212,2025-02-01 13:49:17,13,1,5,2,1
U001,28.59865610309215,77.20536391017552,2025-02-01 13:52:38,13,1,5,2,1
U001,28.600286818025968,77.20157870485022,2025-02-01 13:55:20,13,1,5,2,1
U001,28.601500515453782,77.20324154066172,2025-02-01 14:05:55,14,1,5,2,1
U001,28.598471336057607,77.20910622690984,2025-02-01 14:07:54,14,1,5,2,1
U001,28.60424005322054,77.20667885893236,2025-02-01 14:38:37,14,1,5,2,1
U001,28.598684729152392,77.20527632339072,2025-02-01 15:08:55,15,1,5,2,1
U001,28.59989009882949,77.20261750016039,2025-02-01 15:09:20,15,1,5,2,1
U001,28.600794690425115,77.21220956825171,2025-02-01 15:33:08,15,1,5,2,1
U001,28.59760972597557,77.20249761112478,2025-02-01 15:48:04,15,1,5,2,1
U001,28.598665534777982,77.2037592255481,2025-02-01 15:52:10,15,1,5,2,1
U001,28.59882485550771,77.20601697298017,2025-02-01 16:06:08,16,1,5,2,1
U001,28.600541016875653,77.20292177596534,2025-02-01 16:16:45,16,1,5,2,1
U001,28.59751649888064,77.20635634893415,2025-02-01 16:17:30,16,1,5,2,1
U001,28.602852683421304,77.2050496247657,2025-02-01 16:22:47,16,1,5,2,1
U001,28.599695055146903,77.20335613683845,2025-02-01 16:25:06,16,1,5,2,1
U001,28.63854778741282,77.22606938235629,2025-02-01 17:30:29,17,1,5,2,1
U001,28.63828727248922,77.2235431306363,2025-02-01 17:37:45,17,1,5,2,1
U001,28.640393996533984,77.22390497341047,2025-02-01 17:51:46,17,1,5,2,1
U001,28.641082694528983,77.2250691525094,2025-02-01 18:08:11,18,1,5,2,1
U001,28.64074191688281,77.22492387969808,2025-02-01 18:29:42,18,1,5,2,1
U001,28.6413546109548,77.2246318521861,2025-02-01 18:38:31,18,1,5,2,1
U001,28.636693954132134,77.22439954520783,2025-02-01 18:52:15,18,1,5,2,1
U001,28.640816250399663,77.2236638079668,2025-02-01 18:55:31,18,1,5,2,1
U001,28.63960365392992,77.22542018694283,2025-02-01 19:20:11,19,1,5,2,1
U001,28.64152515153984,77.22560686650714,2025-02-01 19:21:43,19,1,5,2,1
U001,28.64116505696196,77.22240460885476,2025-02-01 19:27:02,19,1,5,2,1
U001,28.643578446531222,77.2258433585038,2025-02-01 19:31:38,19,1,5,2,1
U001,28.642026368969937,77.2243051244352,2025-02-01 19:53:56,19,1,5,2,1
U001,28.639947395151417,77.22567451910001,2025-02-01 20:02:16,20,1,5,2,1
U001,28.63410670586472,77.2283596864943,2025-02-01 20:09:37,20,1,5,2,1
U001,28.636978764899105,77.2240957451652,2025-02-01 20:17:01,20,1,5,2,1
U001,28.61599938198078,77.21167852755063,2025-02-01 21:13:04,21,1,5,2,1
U001,28.61418174965736,77.21014805189502,2025-02-01 21:13:14,21,1,5,2,1
U001,28.612615090491342,77.20999786743579,2025-02-01 21:28:31,21,1,5,2,1
U001,28.61652360920692,77.208117960062,2025-02-01 21:44:36,21,1,5,2,1
U001,28.614453535856807,77.20995473343068,2025-02-01 22:14:05,22,1,5,2,1
U001,28.6135482806896,77.20956916697368,2025-02-01 22:15:31,22,1,5,2,1
U001,28.615945673481463,77.211348925231,2025-02-01 22:21:31,22,1,5,2,1
U001,28.61180042796813,77.20910954656611,2025-02-01 22:52:49,22,1,5,2,1
U001,28.614910601002787,77.21061110463991,2025-02-01 22:54:23,22,1,5,2,1
U001,28.613394810099567,77.21033303050986,2025-02-01 23:02:19,23,1,5,2,1
U001,28.61351759924077,77.20725022742158,2025-02-01 23:11:36,23,1,5,2,1
U001,28.612308529271377,77.21449406806981,2025-02-01 23:18:18,23,1,5,2,1
U001,28.613487852216277,77.20359662866232,2025-02-01 23:45:41,23,1,5,2,1
U001,28.612131748230865,77.20949073967306,2025-02-02 00:00:29,0,2,6,2,1
U001,28.615211543470892,77.21088547891681,2025-02-02 00:01:14,0,2,6,2,1
U001,28.6140228126903,77.20812456458509,2025-02-02 00:16:18,0,2,6,2,1
U001,28.6146238523606,77.20546807730764,2025-02-02 00:47:08,0,2,6,2,1
U001,28.612961812539783,77.21137791671755,2025-02-02 00:59:17,0,2,6,2,1
U001,28.61514949971463,77.21288843327703,2025-02-02 01:05:36,1,2,6,2,1
U001,28.616765804321098,77.20648626648547,2025-02-02 01:33:07,1,2,6,2,1
U001,28.614975146319203,77.2077923768674,2025-02-02 01:35:40,1,2,6,2,1
U001,28.60916582083233,77.20799459750376,2025-02-02 01:44:20,1,2,6,2,1
U001,28.615123892214104,77.2119566291805,2025-02-02 01:55:26,1,2,6,2,1
U001,28.615524684313364,77.20852473298153,2025-02-02 02:03:26,2,2,6,2,1
U001,28.613807659159843,77.20692368829818,2025-02-02 02:26:49,2,2,6,2,1
U001,28.6144778164397,77.20911914257604,2025-02-02 02:34:28,2,2,6,2,1
U001,28.62047312357542,77.2098049164756,2025-02-02 03:12:18,3,2,6,2,1
U001,28.61351345332213,77.21013758630637,2025-02-02 03:32:13,3,2,6,2,1
U001,28.612595187799123,77.20878544531921,2025-02-02 03:47:17,3,2,6,2,1
U001,28.6132587090228,77.21282231514255,2025-02-02 03:54:48,3,2,6,2,1
U001,28.617650427926936,77.20830307918084,2025-02-02 03:58:13,3,2,6,2,1
U001,28.610825608751405,77.20840665460885,2025-02-02 04:07:04,4,2,6,2,1
U001,28.61500621785732,77.20907370862794,2025-02-02 04:19:40,4,2,6,2,1
U001,28.615341472556167,77.2086104324955,2025-02-02 04:44:12,4,2,6,2,1
U001,28.612587658004948,77.21132985048911,2025-02-02 04:51:04,4,2,6,2,1
U001,28.61371474649589,77.20718836560013,2025-02-02 05:11:09,5,2,6,2,1
U001,28.614169106355043,77.20743232417556,2025-02-02 05:48:24,5,2,6,2,1
U001,28.61316896521057,77.21101882533175,2025-02-02 05:50:54,5,2,6,2,1
U001,28.61400896214346,77.20945825394263,2025-02-02 06:29:34,6,2,6,2,1
U001,28.613470798052703,77.20768769706228,2025-02-02 06:38:22,6,2,6,2,1
U001,28.6183839619337,77.20935742155278,2025-02-02 06:49:26,6,2,6,2,1
U001,28.61527632361024,77.20833001712745,2025-02-02 06:49:35,6,2,6,2,1
U001,28.61204462493277,77.20794761404531,2025-02-02 06:50:13,6,2,6,2,1
U001,28.60990170549636,77.20499078010985,2025-02-02 07:21:48,7,2,6,2,1
U001,28.614996117233822,77.20910417032603,2025-02-02 07:22:07,7,2,6,2,1
U001,28.613850019725103,77.20897556340711,2025-02-02 07:28:17,7,2,6,2,1
U001,28.60958906796539,77.21438372164226,2025-02-02 07:41:38,7,2,6,2,1
U001,28.62249506890279,77.19408309126548,2025-02-02 08:02:36,8,2,6,2,1
U001,28.623970713319675,77.19737719574546,2025-02-02 08:04:32,8,2,6,2,1
U001,28.625154430848504,77.19449675588413,2025-02-02 08:17:49,8,2,6,2,1
U001,28.62587317591665,77.19474072326277,2025-02-02 08:29:14,8,2,6,2,1
U001,28.624000353758845,77.19071123382285,2025-02-02 08:52:42,8,2,6,2,1
U001,28.62544207684125,77.19196122037592,2025-02-02 09:03:43,9,2,6,2,1
U001,28.62385422508576,77.19572934642754,2025-02-02 09:21:08,9,2,6,2,1
U001,28.629930662831217,77.19860482185825,2025-02-02 09:33:01,9,2,6,2,1
U001,28.625294669600795,77.19411848965149,2025-02-02 09:57:55,9,2,6,2,1
U001,28.627118072921714,77.19517742680357,2025-02-02 10:03:28,10,2,6,2,1
U001,28.62094201913284,77.19142806096542,2025-02-02 10:45:50,10,2,6,2,1
U001,28.62538453030624,77.19368841848865,2025-02-02 10:54:29,10,2,6,2,1
U001,28.62388094040861,77.19500506973483,2025-02-02 10:55:25,10,2,6,2,1
U001,28.599761338866287,77.20606612204307,2025-02-02 11:03:39,11,2,6,2,1
U001,28.60344815162496,77.20326430621083,2025-02-02 11:10:29,11,2,6,2,1
U001,28.59728886620209,77.20212704357006,2025-02-02 11:10:44,11,2,6,2,1
U001,28.60016401137172,77.20582812741264,2025-02-02 12:07:55,12,2,6,2,1
U001,28.598812569491937,77.20399916343435,2025-02-02 12:27:31,12,2,6,2,1
U001,28.59755368376154,77.20390225906674,2025-02-02 12:39:07,12,2,6,2,1
U001,28.5986733592068,77.20456945654875,2025-02-02 12:59:03,12,2,6,2,1
U001,28.599748446731866,77.2067894119855,2025-02-02 12:59:11,12,2,6,2,1
U001,28.59826012142073,77.20486629118678,2025-02-02 13:06:07,13,2,6,2,1
U001,28.595447588394237,77.20432935487904,2025-02-02 13:07:29,13,2,6,2,1
U001,28.60025275647869,77.20266900479979,2025-02-02 13:11:26,13,2,6,2,1
U001,28.59863839036508,77.20446345414933,2025-02-02 13:17:50,13,2,6,2,1
U001,28.5949701500548,77.20677034192448,2025-02-02 13:39:10,13,2,6,2,1
U001,28.600395146995485,77.20686764201443,2025-02-02 14:10:43,14,2,6,2,1
U001,28.599265677587905,77.20758989525761,2025-02-02 14:17:53,14,2,6,2,1
U001,28.59907327863852,77.20492809823641,2025-02-02 14:23:48,14,2,6,2,1
U001,28.60050655319136,77.20655711219173,2025-02-02 14:28:52,14,2,6,2,1
U001,28.596414261071292,77.20238951371655,2025-02-02 14:44:10,14,2,6,2,1
U001,28.638141751938623,77.2233447717283,2025-02-02 15:07:57,15,2,6,2,1
U001,28.643785263841863,77.22811601132447,2025-02-02 15:09:02,15,2,6,2,1
U001,28.64006851215301,77.22561205636283,2025-02-02 15:11:44,15,2,6,2,1
U001,28.64042188348852,77.22434727254591,2025-02-02 15:57:40,15,2,6,2,1
U001,28.641032035208653,77.22487262447186,2025-02-02 15:59:03,15,2,6,2,1
U001,28.63980071702594,77.22584870720662,2025-02-02 16:08:00,16,2,6,2,1
U001,28.638934394216616,77.2271151644179,2025-02-02 16:14:57,16,2,6,2,1
U001,28.639673864938757,77.22427063516407,2025-02-02 16:28:49,16,2,6,2,1
U001,28.64277355384012,77.22523877473942,2025-02-02 17:23:03,17,2,6,2,1
U001,28.639165722687267,77.22384026336701,2025-02-02 17:25:55,17,2,6,2,1
U001,28.63893780044929,77.22362831906939,2025-02-02 17:43:10,17,2,6,2,1
U001,28.641417205571717,77.22381678311845,2025-02-02 17:49:21,17,2,6,2,1
U001,28.641821730574076,77.225944955486,2025-02-02 18:19:44,18,2,6,2,1
U001,28.639405210407443,77.22680046735246,2025-02-02 18:23:38,18,2,6,2,1
U001,28.638786842481096,77.22403267626305,2025-02-02 18:45:26,18,2,6,2,1
U001,28.63863604184399,77.2187122041725,2025-02-02 18:59:37,18,2,6,2,1
U001,28.614892934463043,77.2104683494391,2025-02-02 19:06:04,19,2,6,2,1
U001,28.613199684398666,77.20877246527695,2025-02-02 19:09:03,19,2,6,2,1
U001,28.612213483833976,77.20617419723018,2025-02-02 19:14:22,19,2,6,2,1
U001,28.61481969352385,77.20813050980296,2025-02-02 20:04:00,20,2,6,2,1
U001,28.60831530291795,77.21115007080162,2025-02-02 20:33:00,20,2,6,2,1
U001,28.614854617198663,77.20757798099353,2025-02-02 20:40:52,20,2,6,2,1
U001,28.61464922229072,77.20522251626743,2025-02-02 21:11:08,21,2,6,2,1
U001,28.61360253086445,77.2103966488926,2025-02-02 21:20:39,21,2,6,2,1
U001,28.615229766260025,77.20984974603985,2025-02-02 21:25:38,21,2,6,2,1
U001,28.613614314763893,77.20574716969062,2025-02-02 21:53:35,21,2,6,2,1
U001,28.609592306073665,77.21232417289029,2025-02-02 22:01:00,22,2,6,2,1
U001,28.613971501136238,77.20730928570532,2025-02-02 22:16:11,22,2,6,2,1
U001,28.611495198202725,77.2061307456081,2025-02-02 22:39:38,22,2,6,2,1
U001,28.61438592370193,77.20816575427018,2025-02-02 22:52:58,22,2,6,2,1
U001,28.61280601944137,77.20973643278788,2025-02-02 23:13:48,23,2,6,2,1
U001,28.61690361716744,77.21063177587375,2025-02-02 23:30:52,23,2,6,2,1
U001,28.61418642322406,77.21100797035487,2025-02-02 23:56:44,23,2,6,2,1
U001,28.61359379352848,77.20869994040848,2025-02-02 23:57:00,23,2,6,2,1
U001,28.6140054820851,77.2070614251036,2025-02-03 00:01:07,0,3,0,2,0
U001,28.610648963094903,77.2101604909695,2025-02-03 00:19:51,0,3,0,2,0
U001,28.615623808721864,77.20683955939116,2025-02-03 00:19:56,0,3,0,2,0
U001,28.613683437823287,77.20668304041006,2025-02-03 00:30:17,0,3,0,2,0
U001,28.612574128870893,77.20991816361266,2025-02-03 00:35:47,0,3,0,2,0
U001,28.613333219289277,77.20711083489265,2025-02-03 01:12:02,1,3,0,2,0
U001,28.610133972316465,77.2072139811364,2025-02-03 01:17:46,1,3,0,2,0
U001,28.61484835983539,77.21035786156824,2025-02-03 01:50:03,1,3,0,2,0
U001,28.613433226291374,77.20807027211252,2025-02-03 02:10:30,2,3,0,2,0
U001,28.614858802368484,77.20694031278882,2025-02-03 02:12:35,2,3,0,2,0
U001,28.61439002016438,77.20851306512127,2025-02-03 02:22:00,2,3,0,2,0
U001,28.612853915174178,77.21099316064198,2025-02-03 02:43:20,2,3,0,2,0
U001,28.616964938456,77.20711130732249,2025-02-03 02:53:43,2,3,0,2,0
U001,28.615665359924066,77.2080932670232,2025-02-03 03:10:15,3,3,0,2,0
U001,28.61632109932127,77.20788326214497,2025-02-03 03:19:38,3,3,0,2,0
U001,28.6154565930118,77.20852908654433,2025-02-03 03:41:02,3,3,0,2,0
U001,28.61332348680314,77.2134675209758,2025-02-03 03:49:12,3,3,0,2,0
U001,28.61308236580073,77.21290802143352,2025-02-03 03:58:29,3,3,0,2,0
U001,28.610605918635045,77.20543648911313,2025-02-03 04:06:28,4,3,0,2,0
U001,28.611774800176484,77.2097881775426,2025-02-03 04:23:07,4,3,0,2,0
U001,28.6153489807021,77.20950455224735,2025-02-03 04:40:19,4,3,0,2,0
U001,28.6143520319174,77.2086490283658,2025-02-03 04:46:48,4,3,0,2,0
U001,28.61040420016786,77.21032098345854,2025-02-03 05:09:31,5,3,0,2,0
U001,28.614894889915053,77.21195593992145,2025-02-03 05:16:31,5,3,0,2,0
U001,28.612805353229355,77.2062766342758,2025-02-03 05:18:13,5,3,0,2,0
U001,28.61435670898424,77.20342822592973,2025-02-03 05:55:17,5,3,0,2,0
U001,28.60910201656156,77.2070462466379,2025-02-03 06:10:53,6,3,0,2,0
U001,28.61459531061834,77.20446152422012,2025-02-03 06:20:39,6,3,0,2,0
U001,28.609652643365163,77.21052361743503,2025-02-03 06:28:12,6,3,0,2,0
U001,28.614102421653214,77.20920008375286,2025-02-03 07:08:45,7,3,0,2,0
U001,28.613853655813703,77.20914154863608,2025-02-03 07:12:17,7,3,0,2,0
U001,28.6140598436586,77.21103833293851,2025-02-03 07:24:03,7,3,0,2,0
U001,28.62355046518568,77.2127823318096,2025-02-03 08:12:57,8,3,0,2,0
U001,28.622416718391268,77.2143987517152,2025-02-03 08:32:18,8,3,0,2,0
U001,28.620692552227656,77.21634138820106,2025-02-03 08:35:16,8,3,0,2,0
U001,28.63058957317256,77.22049053795023,2025-02-03 09:03:26,9,3,0,2,0
U001,28.63007981398399,77.21800077540549,2025-02-03 09:23:20,9,3,0,2,0
U001,28.630106155745636,77.22021793683213,2025-02-03 09:31:08,9,3,0,2,0
U001,28.63152869558904,77.21862859169404,2025-02-03 09:42:03,9,3,0,2,0
U001,28.62972321241603,77.21807625972478,2025-02-03 09:51:23,9,3,0,2,0
U001,28.629044555268656,77.21663845538043,2025-02-03 10:24:30,10,3,0,2,0
U001,28.630835286811948,77.21655444893483,2025-02-03 10:31:01,10,3,0,2,0
U001,28.628187055917028,77.21794949856614,2025-02-03 10:59:57,10,3,0,2,0
U001,28.63134487182401,77.21721251055995,2025-02-03 11:10:39,11,3,0,2,0
U001,28.63249617355284,77.21768397882721,2025-02-03 11:17:48,11,3,0,2,0
U001,28.62853174758859,77.21516405217889,2025-02-03 11:19:30,11,3,0,2,0
U001,28.63319666100301,77.21768077734575,2025-02-03 11:37:18,11,3,0,2,0
U001,28.627119862095764,77.21577429166116,2025-02-03 12:06:02,12,3,0,2,0
U001,28.63019919299848,77.21930873539844,2025-02-03 12:24:01,12,3,0,2,0
U001,28.628174678909485,77.21652786142975,2025-02-03 12:32:35,12,3,0,2,0
U001,28.631535728141003,77.21797326701707,2025-02-03 12:44:05,12,3,0,2,0
U001,28.63245020703335,77.21690413870259,2025-02-03 13:06:33,13,3,0,2,0
U001,28.62825820395382,77.21737204429846,2025-02-03 13:08:58,13,3,0,2,0
U001,28.626420889320237,77.22158894569068,2025-02-03 13:13:15,13,3,0,2,0
U001,28.632521238963665,77.21667503595485,2025-02-03 13:29:09,13,3,0,2,0
U001,28.632486990875737,77.21912884266575,2025-02-03 13:55:09,13,3,0,2,0
U001,28.62876995385345,77.21679756009678,2025-02-03 14:07:15,14,3,0,2,0
U001,28.63169836511308,77.21866631989434,2025-02-03 14:08:03,14,3,0,2,0
U001,28.632618282887904,77.21935297365926,2025-02-03 14:22:06,14,3,0,2,0
U001,28.63299685658915,77.21821494981451,2025-02-03 14:42:29,14,3,0,2,0
U001,28.627317780646614,77.22089806791047,2025-02-03 14:55:50,14,3,0,2,0
U001,28.628067773807487,77.21486127527557,2025-02-03 15:13:37,15,3,0,2,0
U001,28.629451007406026,77.21671982628482,2025-02-03 15:28:16,15,3,0,2,0
U001,28.628744883166853,77.22012232380936,2025-02-03 15:52:48,15,3,0,2,0
U001,28.629081974602183,77.21049645530027,2025-02-03 16:38:58,16,3,0,2,0
U001,28.630033285022414,77.22125339600629,2025-02-03 16:39:31,16,3,0,2,0
U001,28.630949340906163,77.2164441536927,2025-02-03 16:47:54,16,3,0,2,0
U001,28.630199167478565,77.21925465668355,2025-02-03 17:06:11,17,3,0,2,0
U001,28.631020178738037,77.21909078963051,2025-02-03 17:55:23,17,3,0,2,0
U001,28.62970145864444,77.21586098641102,2025-02-03 17:58:36,17,3,0,2,0
U001,28.63037183596684,77.22050067999734,2025-02-03 18:36:17,18,3,0,2,0
U001,28.62965741087379,77.21532624966251,2025-02-03 18:41:23,18,3,0,2,0
U001,28.637669588956506,77.21588304445837,2025-02-03 18:59:36,18,3,0,2,0
U001,28.622584571876963,77.21310142831686,2025-02-03 19:10:15,19,3,0,2,0
U001,28.61973682358676,77.21389480532011,2025-02-03 19:17:36,19,3,0,2,0
U001,28.623376107424463,77.21454388039695,2025-02-03 19:31:26,19,3,0,2,0
U001,28.61932698391654,77.21316550859322,2025-02-03 19:51:05,19,3,0,2,0
U001,28.609369832987724,77.21062537703102,2025-02-03 20:24:54,20,3,0,2,0
U001,28.61218863910124,77.20911826730988,2025-02-03 20:37:32,20,3,0,2,0
U001,28.61667466089123,77.20931643722936,2025-02-03 20:44:02,20,3,0,2,0
U001,28.608141342143185,77.21155381741687,2025-02-03 21:32:51,21,3,0,2,0
U001,28.613903477919973,77.212216418318,2025-02-03 21:45:34,21,3,0,2,0
U001,28.61627413937069,77.2115863344575,2025-02-03 21:46:19,21,3,0,2,0
U001,28.611379794918044,77.20988076631414,2025-02-03 21:57:35,21,3,0,2,0
U001,28.613497192265285,77.20971146934139,2025-02-03 21:58:54,21,3,0,2,0
U001,28.61417786722717,77.20929942069851,2025-02-03 22:03:20,22,3,0,2,0
U001,28.611044473256936,77.20709271672209,2025-02-03 22:33:51,22,3,0,2,0
U001,28.614175503599544,77.20863438717923,2025-02-03 22:59:48,22,3,0,2,0
U001,28.612192055836225,77.21581735093034,2025-02-03 23:05:03,23,3,0,2,0
U001,28.61569595168213,77.2062088855459,2025-02-03 23:07:19,23,3,0,2,0
U001,28.61274015635317,77.21103130671273,2025-02-03 23:34:40,23,3,0,2,0
U001,28.614432728802612,77.20799418217466,2025-02-03 23:36:30,23,3,0,2,0
U001,28.615307456059377,77.20917646636687,2025-02-03 23:43:19,23,3,0,2,0
U001,28.6134172251394,77.20905302019142,2025-02-04 00:11:38,0,4,1,2,0
U001,28.610035382200465,77.20475480740112,2025-02-04 00:11:40,0,4,1,2,0
U001,28.614220885012063,77.20633117882522,2025-02-04 00:13:36,0,4,1,2,0
U001,28.61211107697151,77.20867146952601,2025-02-04 00:44:11,0,4,1,2,0
U001,28.610164132762485,77.2074738960839,2025-02-04 01:25:05,1,4,1,2,0
U001,28.613582302338767,77.20738212777793,2025-02-04 01:27:46,1,4,1,2,0
U001,28.613894149529564,77.20626427988071,2025-02-04 01:38:53,1,4,1,2,0
U001,28.61380129982074,77.21055888539782,2025-02-04 01:40:18,1,4,1,2,0
U001,28.61171709087008,77.20914437644844,2025-02-04 01:48:01,1,4,1,2,0
U001,28.614418806289876,77.20940648335534,2025-02-04 02:03:24,2,4,1,2,0
U001,28.612327634483165,77.21142781350073,2025-02-04 02:09:51,2,4,1,2,0
U001,28.617264338000066,77.20993081159129,2025-02-04 02:24:18,2,4,1,2,0
U001,28.61838830205249,77.21066086350004,2025-02-04 02:31:30,2,4,1,2,0
U001,28.6150841534462,77.21099843449248,2025-02-04 02:41:26,2,4,1,2,0
U001,28.61393771366195,77.2134094767071,2025-02-04 03:20:18,3,4,1,2,0
U001,28.61551277731876,77.20936343043725,2025-02-04 03:22:51,3,4,1,2,0
U001,28.61357925724874,77.20522719488129,2025-02-04 03:36:14,3,4,1,2,0
U001,28.615504086134298,77.20925356504931,2025-02-04 04:13:23,4,4,1,2,0
U001,28.6154516599387,77.20772641389377,2025-02-04 04:14:08,4,4,1,2,0
U001,28.616434656892505,77.21268771781251,2025-02-04 04:15:49,4,4,1,2,0
U001,28.61065645710752,77.20928295529542,2025-02-04 04:40:15,4,4,1,2,0
U001,28.615778636829507,77.20774696327405,2025-02-04 05:02:45,5,4,1,2,0
U001,28.61275156887304,77.2081775024711,2025-02-04 05:23:42,5,4,1,2,0
U001,28.61430298526756,77.2076709208005,2025-02-04 05:46:23,5,4,1,2,0
U001,28.6146254113542,77.20894779260101,2025-02-04 06:21:39,6,4,1,2,0
U001,28.612687676744848,77.21064673960372,2025-02-04 06:22:56,6,4,1,2,0
U001,28.613353358672207,77.20571809386959,2025-02-04 06:29:49,6,4,1,2,0
U001,28.614268830055167,77.20868871617041,2025-02-04 07:18:07,7,4,1,2,0
U001,28.61349090742212,77.20743128426497,2025-02-04 07:20:57,7,4,1,2,0
U001,28.61513012680253,77.20811211707245,2025-02-04 07:54:40,7,4,1,2,0
U001,28.62588040707457,77.21295692285382,2025-02-04 08:00:36,8,4,1,2,0
U001,28.61905177852916,77.21398215043729,2025-02-04 08:07:29,8,4,1,2,0
U001,28.6209926504245,77.2120771678676,2025-02-04 08:21:43,8,4,1,2,0
U001,28.62967375131789,77.21393536806046,2025-02-04 09:12:20,9,4,1,2,0
U001,28.6302538893727,77.2221821240848,2025-02-04 09:16:08,9,4,1,2,0
U001,28.628742470635565,77.21912530361234,2025-02-04 09:27:10,9,4,1,2,0
U001,28.63135156702892,77.2167833763644,2025-02-04 09:52:35,9,4,1,2,0
U001,28.63232771379972,77.21592942505049,2025-02-04 09:54:06,9,4,1,2,0
U001,28.631350615988968,77.21662209014616,2025-02-04 10:27:52,10,4,1,2,0
U001,28.62964124687212,77.22126413678782,2025-02-04 10:35:10,10,4,1,2,0
U001,28.62605462480014,77.21944243103374,2025-02-04 10:41:07,10,4,1,2,0
U001,28.629739765464866,77.2161029808839,2025-02-04 11:11:00,11,4,1,2,0
U001,28.630193683060828,77.21736980660548,2025-02-04 11:34:53,11,4,1,2,0
U001,28.62954917452867,77.21775789764149,2025-02-04 11:41:49,11,4,1,2,0
U001,28.63015763057008,77.21645743146316,2025-02-04 12:04:40,12,4,1,2,0
U001,28.62946100223864,77.21421559708435,2025-02-04 12:28:20,12,4,1,2,0
U001,28.63046102445562,77.21791783271348,2025-02-04 12:37:28,12,4,1,2,0
U001,28.628071573169617,77.21589771876603,2025-02-04 13:24:22,13,4,1,2,0
U001,28.629101811263705,77.22020240056405,2025-02-04 13:40:55,13,4,1,2,0
U001,28.631575740168447,77.22032803936563,2025-02-04 13:56:52,13,4,1,2,0
U001,28.629658736558014,77.21801728717507,2025-02-04 14:26:25,14,4,1,2,0
U001,28.630498333121395,77.21780104798825,2025-02-04 14:32:19,14,4,1,2,0
U001,28.632144160386108,77.21947953488021,2025-02-04 14:33:44,14,4,1,2,0
U001,28.631546467722757,77.21973258823601,2025-02-04 14:35:50,14,4,1,2,0
U001,28.63252330275732,77.22056039118286,2025-02-04 14:57:23,14,4,1,2,0
U001,28.632785626120214,77.21994545676027,2025-02-04 15:01:10,15,4,1,2,0
U001,28.633672650879987,77.21604773645547,2025-02-04 15:12:41,15,4,1,2,0
U001,28.62442128114898,77.2137838019666,2025-02-04 15:41:53,15,4,1,2,0
U001,28.63145272302896,77.2160060588888,2025-02-04 15:53:30,15,4,1,2,0
U001,28.629793699877197,77.2172490542209,2025-02-04 16:06:17,16,4,1,2,0
U001,28.630037646669283,77.21766879707172,2025-02-04 16:21:37,16,4,1,2,0
U001,28.63530812608383,77.21939083658025,2025-02-04 16:22:28,16,4,1,2,0
U001,28.62932353266223,77.21663510854158,2025-02-04 16:29:41,16,4,1,2,0
U001,28.63346645440016,77.21773660556076,2025-02-04 16:56:09,16,4,1,2,0
U001,28.6295390507477,77.21920454239354,2025-02-04 17:15:56,17,4,1,2,0
U001,28.62852453384087,77.21432707988424,2025-02-04 17:35:15,17,4,1,2,0
U001,28.62629953085786,77.21863892755121,2025-02-04 17:49:09,17,4,1,2,0
U001,28.63056653274212,77.21951475576584,2025-02-04 17:50:01,17,4,1,2,0
U001,28.628436199558063,77.21768185954663,2025-02-04 17:58:48,17,4,1,2,0
U001,28.634288719187765,77.21640166134966,2025-02-04 18:13:02,18,4,1,2,0
U001,28.631654937214385,77.215418298513,2025-02-04 18:16:34,18,4,1,2,0
U001,28.626690051586383,77.2208350149415,2025-02-04 18:36:16,18,4,1,2,0
U001,28.630033535648387,77.22035634147615,2025-02-04 18:55:56,18,4,1,2,0
U001,28.62590335020632,77.20986666458734,2025-02-04 19:14:58,19,4,1,2,0
U001,28.622012938480427,77.21230115236546,2025-02-04 19:17:04,19,4,1,2,0
U001,28.621706920779875,77.21344180722406,2025-02-04 19:47:43,19,4,1,2,0
U001,28.623897610966253,77.21200998357081,2025-02-04 19:57:36,19,4,1,2,0
U001,28.610525307737795,77.22824238955877,2025-02-04 20:00:44,20,4,1,2,0
U001,28.606861422104373,77.2283186001972,2025-02-04 20:30:48,20,4,1,2,0
U001,28.608125843668795,77.23087396040927,2025-02-04 20:47:17,20,4,1,2,0
U001,28.61283884319846,77.22790395924886,2025-02-04 20:53:28,20,4,1,2,0
U001,28.6086676410715,77.23113251422576,2025-02-04 21:16:00,21,4,1,2,0
U001,28.609692246213083,77.22997122032572,2025-02-04 21:18:07,21,4,1,2,0
U001,28.610211242335257,77.23147584005548,2025-02-04 21:23:14,21,4,1,2,0
U001,28.60785208080513,77.22864974480193,2025-02-04 21:59:46,21,4,1,2,0
U001,28.614397564124964,77.20598934269104,2025-02-04 22:21:56,22,4,1,2,0
U001,28.61118335235424,77.20510556052456,2025-02-04 22:23:44,22,4,1,2,0
U001,28.61790998524797,77.20756833689727,2025-02-04 22:27:42,22,4,1,2,0
U001,28.613856432606138,77.20976202036155,2025-02-04 23:05:58,23,4,1,2,0
U001,28.6162981541759,77.2012430626186,2025-02-04 23:22:03,23,4,1,2,0
U001,28.612059095249645,77.20976277040874,2025-02-04 23:23:22,23,4,1,2,0
U001,28.6169246730208,77.20825981796747,2025-02-04 23:27:05,23,4,1,2,0
U001,28.614576327174603,77.20877521956467,2025-02-04 23:34:36,23,4,1,2,0
U001,28.613706812146543,77.21069648357651,2025-02-05 00:05:29,0,5,2,2,0
U001,28.61488934641788,77.20791923640417,2025-02-05 00:23:29,0,5,2,2,0
U001,28.614760812219327,77.20978334869729,2025-02-05 00:31:57,0,5,2,2,0
U001,28.616441754723244,77.20755142101316,2025-02-05 00:51:10,0,5,2,2,0
U001,28.611205531380072,77.20451528206127,2025-02-05 01:19:37,1,5,2,2,0
U001,28.615115351523983,77.20991735859754,2025-02-05 01:20:53,1,5,2,2,0
U001,28.61291780881614,77.20867025667393,2025-02-05 01:31:50,1,5,2,2,0
U001,28.61335756924482,77.2077602221181,2025-02-05 01:53:28,1,5,2,2,0
U001,28.61470767592101,77.20887844793214,2025-02-05 02:34:27,2,5,2,2,0
U001,28.62120321747599,77.20485899177572,2025-02-05 02:50:32,2,5,2,2,0
U001,28.612352728093946,77.2077895398063,2025-02-05 02:58:01,2,5,2,2,0
U001,28.61572780525133,77.20749497408353,2025-02-05 03:03:47,3,5,2,2,0
U001,28.613030978133427,77.20848407823034,2025-02-05 03:51:49,3,5,2,2,0
U001,28.61464646638793,77.20740296409737,2025-02-05 03:55:03,3,5,2,2,0
U001,28.612786119321623,77.21219490515873,2025-02-05 04:15:17,4,5,2,2,0
U001,28.61345732938521,77.21278740860356,2025-02-05 04:42:35,4,5,2,2,0
U001,28.615230670858853,77.20768950133996,2025-02-05 04:44:31,4,5,2,2,0
U001,28.61305670746417,77.21226063525866,2025-02-05 04:45:09,4,5,2,2,0
U001,28.617938538072234,77.20253168350818,2025-02-05 04:51:24,4,5,2,2,0
U001,28.61325393312138,77.20993567479636,2025-02-05 05:09:46,5,5,2,2,0
U001,28.61200270401286,77.2063108713833,2025-02-05 05:12:25,5,5,2,2,0
U001,28.61130637099752,77.20699525934687,2025-02-05 05:27:04,5,5,2,2,0
U001,28.61309686603957,77.2075335297123,2025-02-05 05:48:18,5,5,2,2,0
U001,28.61360705016856,77.21137552171176,2025-02-05 06:11:33,6,5,2,2,0
U001,28.61615151329569,77.20451422880241,2025-02-05 06:32:48,6,5,2,2,0
U001,28.61494600183659,77.21074747504505,2025-02-05 06:46:30,6,5,2,2,0
U001,28.612989374659648,77.20934949411865,2025-02-05 07:14:46,7,5,2,2,0
U001,28.613074895801265,77.20510235376372,2025-02-05 07:15:50,7,5,2,2,0
U001,28.61399733240949,77.20794214313636,2025-02-05 07:37:19,7,5,2,2,0
U001,28.614509829322277,77.20307135055718,2025-02-05 07:45:00,7,5,2,2,0
U001,28.61467065715969,77.21073066365136,2025-02-05 07:51:43,7,5,2,2,0
U001,28.619222598466223,77.21104395783192,2025-02-05 08:00:55,8,5,2,2,0
U001,28.61871272306921,77.21319475789373,2025-02-05 08:13:27,8,5,2,2,0
U001,28.621548877253595,77.21564949708863,2025-02-05 08:14:05,8,5,2,2,0
U001,28.622542071604357,77.21504114156491,2025-02-05 08:26:56,8,5,2,2,0
U001,28.62459428440961,77.2149030003951,2025-02-05 08:55:35,8,5,2,2,0
U001,28.629570707258477,77.21638344410708,2025-02-05 09:16:36,9,5,2,2,0
U001,28.63302069722312,77.21784579446154,2025-02-05 09:33:00,9,5,2,2,0
U001,28.62927142493812,77.21594434998919,2025-02-05 09:48:27,9,5,2,2,0
U001,28.633970791805872,77.21754771832627,2025-02-05 09:55:36,9,5,2,2,0
U001,28.632081950496275,77.22031733041126,2025-02-05 10:24:58,10,5,2,2,0
U001,28.63004223093768,77.21476053231362,2025-02-05 10:32:40,10,5,2,2,0
U001,28.632724002857103,77.21926444449242,2025-02-05 10:54:12,10,5,2,2,0
U001,28.62886707590448,77.21593265879032,2025-02-05 11:24:32,11,5,2,2,0
U001,28.627722618820528,77.21797853805737,2025-02-05 11:25:52,11,5,2,2,0
U001,28.633990649523003,77.21851419286175,2025-02-05 11:28:08,11,5,2,2,0
U001,28.63121847471422,77.21859860250349,2025-02-05 11:41:43,11,5,2,2,0
U001,28.62849098040149,77.21071435950095,2025-02-05 12:22:12,12,5,2,2,0
U001,28.63093288813071,77.21731539363877,2025-02-05 12:28:55,12,5,2,2,0
U001,28.63170842829069,77.21853154250309,2025-02-05 12:39:31,12,5,2,2,0
U001,28.62987131118906,77.21580299472842,2025-02-05 12:57:44,12,5,2,2,0
U001,28.631208669427878,77.21687394694854,2025-02-05 13:20:42,13,5,2,2,0
U001,28.629695164607323,77.21987825763561,2025-02-05 13:44:37,13,5,2,2,0
U001,28.63112815673874,77.22099749071266,2025-02-05 13:55:40,13,5,2,2,0
U001,28.63412279608324,77.21572854540126,2025-02-05 13:57:11,13,5,2,2,0
U001,28.629768244589165,77.21858884289256,2025-02-05 14:02:49,14,5,2,2,0
U001,28.62849683877063,77.21860178053063,2025-02-05 14:03:58,14,5,2,2,0
U001,28.630901322195104,77.21749534309035,2025-02-05 14:20:34,14,5,2,2,0
U001,28.63320191634537,77.2235341450104,2025-02-05 14:25:36,14,5,2,2,0
U001,28.62937323386585,77.21990279972948,2025-02-05 15:04:55,15,5,2,2,0
U001,28.63107771328096,77.21815680016032,2025-02-05 15:07:07,15,5,2,2,0
U001,28.631014429801155,77.21612005548486,2025-02-05 15:16:00,15,5,2,2,0
U001,28.631211635546176,77.21745559842111,2025-02-05 16:34:10,16,5,2,2,0
U001,28.63704705325402,77.21974572170335,2025-02-05 16:55:52,16,5,2,2,0
U001,28.629637730727683,77.2177028155981,2025-02-05 16:58:22,16,5,2,2,0
U001,28.631530910478453,77.2140395314859,2025-02-05 17:04:28,17,5,2,2,0
U001,28.63124023032632,77.21630114035361,2025-02-05 17:24:24,17,5,2,2,0
U001,28.63011563911409,77.21681097090885,2025-02-05 17:30:05,17,5,2,2,0
U001,28.631677913382426,77.21712219104596,2025-02-05 17:31:25,17,5,2,2,0
U001,28.632327596623774,77.2178270539654,2025-02-05 18:07:13,18,5,2,2,0
U001,28.628547105834,77.2124687482619,2025-02-05 18:25:40,18,5,2,2,0
U001,28.62966965146197,77.21623559859486,2025-02-05 18:26:34,18,5,2,2,0
U001,28.63056113697317,77.22040004030585,2025-02-05 18:39:15,18,5,2,2,0
U001,28.628320666487188,77.21775397038826,2025-02-05 18:55:39,18,5,2,2,0
U001,28.62125186537636,77.20919785594617,2025-02-05 19:00:05,19,5,2,2,0
U001,28.621452410790127,77.21136815418573,2025-02-05 19:11:54,19,5,2,2,0
U001,28.6228860357732,77.21195654051184,2025-02-05 19:47:50,19,5,2,2,0
U001,28.619102227284568,77.21529826061999,2025-02-05 19:59:12,19,5,2,2,0
U001,28.611477934008157,77.20985694126897,2025-02-05 20:10:35,20,5,2,2,0
U001,28.61394125530947,77.20825707378715,2025-02-05 20:20:42,20,5,2,2,0
U001,28.615628124336524,77.21169362813164,2025-02-05 20:41:58,20,5,2,2,0
U001,28.61009382001081,77.2118529037721,2025-02-05 20:42:48,20,5,2,2,0
U001,28.6132260528229,77.20900641388607,2025-02-05 20:46:54,20,5,2,2,0
U001,28.612599442291987,77.20668226269508,2025-02-05 21:01:53,21,5,2,2,0
U001,28.616498393443205,77.2076774973913,2025-02-05 21:19:21,21,5,2,2,0
U001,28.612564545406084,77.20876806769972,2025-02-05 21:24:14,21,5,2,2,0
U001,28.6133587249129,77.20815445877723,2025-02-05 21:32:12,21,5,2,2,0
U001,28.61167801726282,77.20996179288794,2025-02-05 21:38:11,21,5,2,2,0
U001,28.61344328616313,77.20816134818556,2025-02-05 22:01:30,22,5,2,2,0
U001,28.612610320905244,77.20749222941761,2025-02-05 22:08:34,22,5,2,2,0
U001,28.617376593728668,77.20972142397018,2025-02-05 22:27:46,22,5,2,2,0
U001,28.61442261132734,77.205622118954,2025-02-05 22:30:49,22,5,2,2,0
U001,28.61558711713856,77.20760370251178,2025-02-05 22:47:13,22,5,2,2,0
U001,28.608737002560662,77.2083485056117,2025-02-05 23:14:06,23,5,2,2,0
U001,28.61234891724303,77.20944879846064,2025-02-05 23:14:58,23,5,2,2,0
U001,28.613007772366316,77.20942132660083,2025-02-05 23:29:52,23,5,2,2,0
U001,28.61359005776009,77.20822712241086,2025-02-06 00:00:57,0,6,3,2,0
U001,28.612918553223118,77.2116833785981,2025-02-06 00:07:35,0,6,3,2,0
U001,28.614703764499296,77.20735083075492,2025-02-06 00:19:36,0,6,3,2,0
U001,28.61342606583341,77.21104272546526,2025-02-06 00:27:03,0,6,3,2,0
U001,28.61278565498103,77.21162923520268,2025-02-06 01:13:42,1,6,3,2,0
U001,28.61189543453205,77.2083677215088,2025-02-06 01:34:19,1,6,3,2,0
U001,28.612827272907563,77.20870700672343,2025-02-06 01:48:04,1,6,3,2,0
U001,28.6122731251524,77.20745591552001,2025-02-06 01:57:16,1,6,3,2,0
U001,28.610216667786435,77.21069014640197,2025-02-06 02:01:24,2,6,3,2,0
U001,28.61402156101134,77.20984006388704,2025-02-06 02:09:03,2,6,3,2,0
U001,28.612938222225612,77.20816306756815,2025-02-06 02:17:05,2,6,3,2,0
U001,28.616620859400086,77.20909691923713,2025-02-06 02:47:46,2,6,3,2,0
U001,28.613635751717634,77.20926089095427,2025-02-06 03:01:25,3,6,3,2,0
U001,28.616325837879213,77.20204789431207,2025-02-06 03:31:56,3,6,3,2,0
U001,28.61535368951284,77.2047094489343,2025-02-06 03:50:41,3,6,3,2,0
U001,28.613620760558035,77.20957240635734,2025-02-06 03:55:05,3,6,3,2,0
U001,28.618713787140276,77.20822990334327,2025-02-06 03:59:10,3,6,3,2,0
U001,28.613072836850574,77.20740027386327,2025-02-06 04:19:19,4,6,3,2,0
U001,28.61312045966256,77.20925379281542,2025-02-06 04:27:18,4,6,3,2,0
U001,28.61330380672787,77.20850862445864,2025-02-06 04:51:04,4,6,3,2,0
U001,28.61818321042832,77.21248722437618,2025-02-06 05:08:35,5,6,3,2,0
U001,28.613333992896564,77.20800334803432,2025-02-06 05:27:39,5,6,3,2,0
U001,28.611576761153067,77.20996001381128,2025-02-06 05:55:15,5,6,3,2,0
U001,28.614511667922613,77.20517562328433,2025-02-06 06:21:32,6,6,3,2,0
U001,28.61229492366177,77.20714435339288,2025-02-06 06:26:48,6,6,3,2,0
U001,28.61334293449366,77.20946891835383,2025-02-06 06:47:00,6,6,3,2,0
U001,28.61722521797379,77.20730971192872,2025-02-06 06:47:13,6,6,3,2,0
U001,28.615363729747564,77.2093799912996,2025-02-06 07:08:19,7,6,3,2,0
U001,28.61330330490644,77.2058847642642,2025-02-06 07:24:29,7,6,3,2,0
U001,28.610782341792795,77.20768948656382,2025-02-06 07:33:47,7,6,3,2,0
U001,28.612039987460108,77.21307941899589,2025-02-06 07:44:49,7,6,3,2,0
U001,28.629258517072333,77.21694260071584,2025-02-06 08:25:42,8,6,3,2,0
U001,28.627547063851367,77.2185959866131,2025-02-06 08:25:51,8,6,3,2,0
U001,28.629951853248105,77.21486842195554,2025-02-06 08:32:38,8,6,3,2,0
U001,28.63321157886299,77.21771767814171,2025-02-06 09:26:51,9,6,3,2,0
U001,28.62838978760894,77.22204872582633,2025-02-06 09:50:21,9,6,3,2,0
U001,28.626538893822534,77.2155561752235,2025-02-06 09:53:49,9,6,3,2,0
U001,28.631084303962517,77.21731611431245,2025-02-06 09:59:32,9,6,3,2,0
U001,28.630150808589644,77.22032509446854,2025-02-06 10:09:00,10,6,3,2,0
U001,28.63198655750337,77.21938723547771,2025-02-06 10:23:31,10,6,3,2,0
U001,28.630506590616907,77.21742828439105,2025-02-06 10:52:34,10,6,3,2,0
U001,28.629822503405343,77.218794103089,2025-02-06 10:56:06,10,6,3,2,0
U001,28.62943976364429,77.21814916506932,2025-02-06 11:47:22,11,6,3,2,0
U001,28.632294585328587,77.21751011882371,2025-02-06 11:51:17,11,6,3,2,0
U001,28.631399240865207,77.21660237224637,2025-02-06 11:52:17,11,6,3,2,0
U001,28.63428834676907,77.22001433334503,2025-02-06 11:55:09,11,6,3,2,0
U001,28.63023705660888,77.21943905805284,2025-02-06 12:06:38,12,6,3,2,0
U001,28.63239430845721,77.21839210052907,2025-02-06 12:36:01,12,6,3,2,0
U001,28.631012886812005,77.21912592994347,2025-02-06 12:39:49,12,6,3,2,0
U001,28.63110871427676,77.21590387429889,2025-02-06 13:02:14,13,6,3,2,0
U001,28.629821923448468,77.2159019680308,2025-02-06 13:10:10,13,6,3,2,0
U001,28.63028552730093,77.21579384401485,2025-02-06 13:39:53,13,6,3,2,0
U001,28.632811291009613,77.21613407145468,2025-02-06 13:41:58,13,6,3,2,0
U001,28.62700647824516,77.21755212608339,2025-02-06 14:09:39,14,6,3,2,0
U001,28.63008102749721,77.21594512697266,2025-02-06 14:21:43,14,6,3,2,0
U001,28.626981251627857,77.21735744500538,2025-02-06 14:46:20,14,6,3,2,0
U001,28.627938073279008,77.2187756078715,2025-02-06 14:51:45,14,6,3,2,0
U001,28.631255767299837,77.21385596094163,2025-02-06 14:53:31,14,6,3,2,0
U001,28.63015357225346,77.2184800682965,2025-02-06 15:16:30,15,6,3,2,0
U001,28.630772859671968,77.21506395516447,2025-02-06 15:21:22,15,6,3,2,0
U001,28.630726139478664,77.21520001745407,2025-02-06 15:25:39,15,6,3,2,0
U001,28.630293331802427,77.21553603362798,2025-02-06 15:27:08,15,6,3,2,0
U001,28.630290520219937,77.22142305354986,2025-02-06 15:48:03,15,6,3,2,0
U001,28.632128195289745,77.21815955976949,2025-02-06 16:00:17,16,6,3,2,0
U001,28.63028581254519,77.2158834099656,2025-02-06 16:21:14,16,6,3,2,0
U001,28.62945132398909,77.21730035707031,2025-02-06 16:46:18,16,6,3,2,0
U001,28.63330465358114,77.2187806851732,2025-02-06 17:24:09,17,6,3,2,0
U001,28.634094147040305,77.21564726060735,2025-02-06 17:34:27,17,6,3,2,0
U001,28.62816399033077,77.21842456608397,2025-02-06 17:37:40,17,6,3,2,0
U001,28.62669380455197,77.21568456414442,2025-02-06 17:45:26,17,6,3,2,0
U001,28.62996576785315,77.22037299129775,2025-02-06 17:51:02,17,6,3,2,0
U001,28.63064435252698,77.21623736678794,2025-02-06 18:11:05,18,6,3,2,0
U001,28.63162087105021,77.21582484701474,2025-02-06 18:15:30,18,6,3,2,0
U001,28.63288526434312,77.2195501050762,2025-02-06 18:38:16,18,6,3,2,0
U001,28.633346651864347,77.21754437013966,2025-02-06 18:48:54,18,6,3,2,0
U001,28.629618742672346,77.21786295884823,2025-02-06 18:50:30,18,6,3,2,0
U001,28.61137897165729,77.22914836428552,2025-02-06 19:05:45,19,6,3,2,0
U001,28.61033750694303,77.2338288731401,2025-02-06 19:22:22,19,6,3,2,0
U001,28.612892165863144,77.22872602495242,2025-02-06 19:33:34,19,6,3,2,0
U001,28.609602165482904,77.23065830564929,2025-02-06 19:54:05,19,6,3,2,0
U001,28.609016642311943,77.22778458780692,2025-02-06 20:04:43,20,6,3,2,0
U001,28.611082274725497,77.22878757794645,2025-02-06 20:08:02,20,6,3,2,0
U001,28.609312826550163,77.23197148904514,2025-02-06 20:16:36,20,6,3,2,0
U001,28.610508602423536,77.2266929546513,2025-02-06 20:59:25,20,6,3,2,0
U001,28.61287571891752,77.2077825247158,2025-02-06 21:09:30,21,6,3,2,0
U001,28.61327896409544,77.20891298207904,2025-02-06 21:14:34,21,6,3,2,0
U001,28.616189348874578,77.21006811347432,2025-02-06 21:36:36,21,6,3,2,0
U001,28.611953369135158,77.20941274482252,2025-02-06 21:36:45,21,6,3,2,0
U001,28.61278956430841,77.21179924571673,2025-02-06 22:15:00,22,6,3,2,0
U001,28.611861777644883,77.20868024764874,2025-02-06 22:16:54,22,6,3,2,0
U001,28.61192125686263,77.2064651526927,2025-02-06 22:24:51,22,6,3,2,0
U001,28.61525748036796,77.21105897281967,2025-02-06 22:45:46,22,6,3,2,0
U001,28.615325864360194,77.20937040230706,2025-02-06 23:02:13,23,6,3,2,0
U001,28.617481181871245,77.20719633404374,2025-02-06 23:27:22,23,6,3,2,0
U001,28.61500874655743,77.20853545624924,2025-02-06 23:50:51,23,6,3,2,0
U001,28.617301346370272,77.20712951355696,2025-02-06 23:51:33,23,6,3,2,0
U001,28.61039537270088,77.20829319072054,2025-02-07 00:01:24,0,7,4,2,0
U001,28.613421179176196,77.20650204489363,2025-02-07 00:15:35,0,7,4,2,0
U001,28.61737119689238,77.20998447450113,2025-02-07 00:22:24,0,7,4,2,0
U001,28.61801328879775,77.20911812788604,2025-02-07 00:38:39,0,7,4,2,0
U001,28.61489544204511,77.2099233742122,2025-02-07 00:49:10,0,7,4,2,0
U001,28.613156316156733,77.20816400543204,2025-02-07 01:05:38,1,7,4,2,0
U001,28.615501777193547,77.21170523225597,2025-02-07 01:26:17,1,7,4,2,0
U001,28.613698631542288,77.20847739407863,2025-02-07 01:36:53,1,7,4,2,0
U001,28.614329926035158,77.21054445049123,2025-02-07 01:45:45,1,7,4,2,0
U001,28.615991482490685,77.20929690658043,2025-02-07 02:00:26,2,7,4,2,0
U001,28.61237444874103,77.21214863513705,2025-02-07 02:29:32,2,7,4,2,0
U001,28.612612997792688,77.20898599232083,2025-02-07 02:42:04,2,7,4,2,0
U001,28.61641704908476,77.20629413667179,2025-02-07 03:08:20,3,7,4,2,0
U001,28.6130693273686,77.20625143281025,2025-02-07 03:29:41,3,7,4,2,0
U001,28.61596338764321,77.20968374066051,2025-02-07 03:32:57,3,7,4,2,0
U001,28.61380435607557,77.21019962921665,2025-02-07 03:40:16,3,7,4,2,0
U001,28.619276224224407,77.20419938376445,2025-02-07 04:01:47,4,7,4,2,0
U001,28.615582961706377,77.20926111881423,2025-02-07 04:21:17,4,7,4,2,0
U001,28.613480088487112,77.20769556318818,2025-02-07 04:44:51,4,7,4,2,0
U001,28.615112055147776,77.2098728742382,2025-02-07 04:51:52,4,7,4,2,0
U001,28.61831487633056,77.20646406324575,2025-02-07 05:06:17,5,7,4,2,0
U001,28.61442607057426,77.20730490778041,2025-02-07 05:30:10,5,7,4,2,0
U001,28.6127262315438,77.21108327580656,2025-02-07 05:54:18,5,7,4,2,0
U001,28.61757283474557,77.21353628159929,2025-02-07 05:55:17,5,7,4,2,0
U001,28.61346420370494,77.20707347086118,2025-02-07 06:09:10,6,7,4,2,0
U001,28.617235265980067,77.20853091810966,2025-02-07 06:18:56,6,7,4,2,0
U001,28.618754438097223,77.20912986148437,2025-02-07 06:20:16,6,7,4,2,0
U001,28.616622483917396,77.20935309306958,2025-02-07 06:40:39,6,7,4,2,0
U001,28.615053747295526,77.20866355084993,2025-02-07 06:53:42,6,7,4,2,0
U001,28.61442181560711,77.20969861869646,2025-02-07 07:03:30,7,7,4,2,0
U001,28.614895140643853,77.2093653711067,2025-02-07 07:10:00,7,7,4,2,0
U001,28.61253798338153,77.21125932706389,2025-02-07 07:51:27,7,7,4,2,0
U001,28.61192947024752,77.21101264642202,2025-02-07 07:54:47,7,7,4,2,0
U001,28.626890074212884,77.2192266920185,2025-02-07 08:17:38,8,7,4,2,0
U001,28.634315427335704,77.2143173860921,2025-02-07 08:20:15,8,7,4,2,0
U001,28.63054716035067,77.2203211871025,2025-02-07 08:31:06,8,7,4,2,0
U001,28.6343577851836,77.22144724466133,2025-02-07 08:39:55,8,7,4,2,0
U001,28.63191890798377,77.2204775143953,2025-02-07 08:48:19,8,7,4,2,0
U001,28.63043730634866,77.21512207991753,2025-02-07 09:05:33,9,7,4,2,0
U001,28.62977254947521,77.21799751763342,2025-02-07 09:28:02,9,7,4,2,0
U001,28.63155778855026,77.218137077941,2025-02-07 09:47:21,9,7,4,2,0
U001,28.63227447207979,77.21770588914379,2025-02-07 09:55:10,9,7,4,2,0
U001,28.630035260062453,77.21710149609935,2025-02-07 10:19:20,10,7,4,2,0
U001,28.635493382540474,77.22119993315725,2025-02-07 10:31:39,10,7,4,2,0
U001,28.63593888647892,77.21749226661609,2025-02-07 10:47:53,10,7,4,2,0
U001,28.630223743435284,77.22022896807866,2025-02-07 10:49:09,10,7,4,2,0
U001,28.633882185822003,77.21876841141825,2025-02-07 11:06:38,11,7,4,2,0
U001,28.63117985646448,77.21511071300826,2025-02-07 11:14:23,11,7,4,2,0
U001,28.629838106012347,77.21705213305525,2025-02-07 11:36:53,11,7,4,2,0
U001,28.6327717042338,77.21494015107585,2025-02-07 11:55:50,11,7,4,2,0
U001,28.629111477035885,77.21909758940677,2025-02-07 12:08:29,12,7,4,2,0
U001,28.62673659286801,77.2166269597983,2025-02-07 12:26:12,12,7,4,2,0
U001,28.62815019860723,77.21686773451245,2025-02-07 12:47:36,12,7,4,2,0
U001,28.631029951114478,77.21770798114065,2025-02-07 12:50:23,12,7,4,2,0
U001,28.63061691499664,77.21987552567606,2025-02-07 12:55:41,12,7,4,2,0
U001,28.632855211289293,77.21734163366227,2025-02-07 13:09:49,13,7,4,2,0
U001,28.63303490171816,77.2237046926824,2025-02-07 13:20:18,13,7,4,2,0
U001,28.62912991377789,77.21678019275959,2025-02-07 13:28:21,13,7,4,2,0
U001,28.632999505646037,77.21909946939411,2025-02-07 13:37:33,13,7,4,2,0
U001,28.63009907112385,77.21631587004026,2025-02-07 14:19:55,14,7,4,2,0
U001,28.63150707044753,77.21836417549446,2025-02-07 14:21:03,14,7,4,2,0
U001,28.628971903943725,77.21553664250712,2025-02-07 14:21:10,14,7,4,2,0
U001,28.61523248073077,77.2079642279409,2025-02-07 15:12:13,15,7,4,2,0
U001,28.61174478672573,77.21035868850427,2025-02-07 15:44:39,15,7,4,2,0
U001,28.614718009992004,77.20795295417314,2025-02-07 15:50:52,15,7,4,2,0
U001,28.617048046608023,77.2074392234332,2025-02-07 15:55:35,15,7,4,2,0
U001,28.628056858819072,77.21769843944554,2025-02-07 16:05:17,16,7,4,2,0
U001,28.629504334328,77.21768108911704,2025-02-07 16:13:46,16,7,4,2,0
U001,28.63020442201234,77.22104802197256,2025-02-07 16:19:51,16,7,4,2,0
U001,28.63256712780786,77.21662045694245,2025-02-07 16:49:41,16,7,4,2,0
U001,28.63289499236741,77.21696175882613,2025-02-07 16:56:16,16,7,4,2,0
U001,28.62988657269945,77.2170118433401,2025-02-07 17:18:16,17,7,4,2,0
U001,28.63402995671658,77.21728925974614,2025-02-07 17:22:44,17,7,4,2,0
U001,28.632011054753107,77.21815481310074,2025-02-07 17:32:00,17,7,4,2,0
U001,28.63086292192304,77.21721695370191,2025-02-07 17:40:40,17,7,4,2,0
U001,28.62876731029756,77.21570779100847,2025-02-07 18:17:20,18,7,4,2,0
U001,28.630176992707803,77.21743490198416,2025-02-07 18:18:44,18,7,4,2,0
U001,28.630308907412413,77.21679678250912,2025-02-07 18:44:43,18,7,4,2,0
U001,28.63446831088611,77.21632334618405,2025-02-07 18:53:14,18,7,4,2,0
U001,28.63219585354691,77.21454478615411,2025-02-07 18:54:05,18,7,4,2,0
U001,28.612443658335327,77.22857194018648,2025-02-07 19:11:04,19,7,4,2,0
U001,28.60965811351175,77.22783666944261,2025-02-07 19:33:15,19,7,4,2,0
U001,28.61546408091607,77.23212099043698,2025-02-07 19:48:09,19,7,4,2,0
U001,28.61062694736531,77.23430992284952,2025-02-07 19:49:10,19,7,4,2,0
U001,28.608012487507114,77.22988462367111,2025-02-07 19:52:17,19,7,4,2,0
U001,28.612545118229107,77.22979053685405,2025-02-07 20:01:02,20,7,4,2,0
U001,28.614320376454547,77.22656996316125,2025-02-07 20:04:16,20,7,4,2,0
U001,28.608612961798,77.23002085689484,2025-02-07 20:06:58,20,7,4,2,0
U001,28.610302613250266,77.22889382229411,2025-02-07 20:11:52,20,7,4,2,0
U001,28.61438526060543,77.2081032579759,2025-02-07 21:21:12,21,7,4,2,0
U001,28.61314811682546,77.21171223271247,2025-02-07 21:23:07,21,7,4,2,0
U001,28.611272478681727,77.20852226671175,2025-02-07 21:31:06,21,7,4,2,0
U001,28.614618995696823,77.21139420334259,2025-02-07 21:31:42,21,7,4,2,0
U001,28.61147501089776,77.21145429723457,2025-02-07 21:56:45,21,7,4,2,0
U001,28.612522301232023,77.20864134916471,2025-02-07 22:13:37,22,7,4,2,0
U001,28.612676916992942,77.20934914254292,2025-02-07 22:17:24,22,7,4,2,0
U001,28.6119838684803,77.20335651568162,2025-02-07 22:40:06,22,7,4,2,0
U001,28.61602212148406,77.20795553863337,2025-02-07 23:01:13,23,7,4,2,0
U001,28.613786830661144,77.2076798119677,2025-02-07 23:25:49,23,7,4,2,0
U001,28.61481096785527,77.20769179225945,2025-02-07 23:27:19,23,7,4,2,0
U001,28.612643069568318,77.20749125465449,2025-02-07 23:47:26,23,7,4,2,0
U001,28.61500138421681,77.20878993211072,2025-02-07 23:59:16,23,7,4,2,0
U001,28.61265507524352,77.20787791237576,2025-02-08 00:03:12,0,8,5,2,1
U001,28.614382655035275,77.20771069450508,2025-02-08 00:16:27,0,8,5,2,1
U001,28.616011993527497,77.20986956964603,2025-02-08 00:58:52,0,8,5,2,1
U001,28.61334250932669,77.20795415210554,2025-02-08 00:59:00,0,8,5,2,1
U001,28.61218806309258,77.21037228859835,2025-02-08 00:59:30,0,8,5,2,1
U001,28.616190141353574,77.21078643782636,2025-02-08 01:17:39,1,8,5,2,1
U001,28.617170055456903,77.20972876649193,2025-02-08 01:19:39,1,8,5,2,1
U001,28.615845471694215,77.20759822835416,2025-02-08 01:28:14,1,8,5,2,1
U001,28.613641726750654,77.21137294576994,2025-02-08 01:50:46,1,8,5,2,1
U001,28.610735497028617,77.20642637885696,2025-02-08 01:53:31,1,8,5,2,1
U001,28.61515400787697,77.20529513024597,2025-02-08 02:06:16,2,8,5,2,1
U001,28.614069249456595,77.2109764709909,2025-02-08 02:10:07,2,8,5,2,1
U001,28.615624303397198,77.21157614893099,2025-02-08 02:41:34,2,8,5,2,1
U001,28.610960131694995,77.20809143785604,2025-02-08 03:09:33,3,8,5,2,1
U001,28.61497103867308,77.20889301953733,2025-02-08 03:12:47,3,8,5,2,1
U001,28.615550959114294,77.21568879843686,2025-02-08 03:14:03,3,8,5,2,1
U001,28.6102427446892,77.20871654349921,2025-02-08 03:33:20,3,8,5,2,1
U001,28.61299912795505,77.20947035641943,2025-02-08 03:57:03,3,8,5,2,1
U001,28.61455868355755,77.2094593236039,2025-02-08 04:05:51,4,8,5,2,1
U001,28.614384431699825,77.21033003030101,2025-02-08 04:10:19,4,8,5,2,1
U001,28.61622439516987,77.21053185619928,2025-02-08 04:14:46,4,8,5,2,1
U001,28.61512331255418,77.20704813267204,2025-02-08 04:29:14,4,8,5,2,1
U001,28.614094722008534,77.20883919883192,2025-02-08 04:35:32,4,8,5,2,1
U001,28.61406992449231,77.20740284689877,2025-02-08 05:13:06,5,8,5,2,1
U001,28.614285003835576,77.21303263132697,2025-02-08 05:15:43,5,8,5,2,1
U001,28.615860891788387,77.21078866638292,2025-02-08 05:22:56,5,8,5,2,1
U001,28.618516300419152,77.20856236350578,2025-02-08 05:36:27,5,8,5,2,1
U001,28.611981381639517,77.20922534155248,2025-02-08 06:13:03,6,8,5,2,1
U001,28.61152463881377,77.2129962772483,2025-02-08 06:33:38,6,8,5,2,1
U001,28.61173157296405,77.2036359376164,2025-02-08 06:45:55,6,8,5,2,1
U001,28.615962500103663,77.20988636984254,2025-02-08 06:52:27,6,8,5,2,1
U001,28.61211550737577,77.20930385479386,2025-02-08 07:02:08,7,8,5,2,1
U001,28.6132724498636,77.20783196188474,2025-02-08 07:07:38,7,8,5,2,1
U001,28.618776031340435,77.21088058511587,2025-02-08 07:39:08,7,8,5,2,1
U001,28.62805444690657,77.1886042091921,2025-02-08 08:03:05,8,8,5,2,1
U001,28.622530239616104,77.19497773859875,2025-02-08 08:19:05,8,8,5,2,1
U001,28.6209327795088,77.19690591056785,2025-02-08 08:21:20,8,8,5,2,1
U001,28.623352970184254,77.19415274080987,2025-02-08 09:18:18,9,8,5,2,1
U001,28.62614406923116,77.1974641329084,2025-02-08 09:24:08,9,8,5,2,1
U001,28.625721642322898,77.19252983088677,2025-02-08 09:53:52,9,8,5,2,1
U001,28.625018327206394,77.19632918865956,2025-02-08 10:07:33,10,8,5,2,1
U001,28.626853077501423,77.19696023438098,2025-02-08 10:31:19,10,8,5,2,1
U001,28.62492722279209,77.19480401088475,2025-02-08 10:33:36,10,8,5,2,1
U001,28.624769477988323,77.19390177462596,2025-02-08 10:52:22,10,8,5,2,1
U001,28.62675202602966,77.19786051613663,2025-02-08 10:56:46,10,8,5,2,1
U001,28.59772729774259,77.20742947205417,2025-02-08 11:26:09,11,8,5,2,1
U001,28.597931660892133,77.20140411596284,2025-02-08 11:35:36,11,8,5,2,1
U001,28.60035126601075,77.20588744679527,2025-02-08 11:40:18,11,8,5,2,1
U001,28.603568315663583,77.20506238931944,2025-02-08 11:46:04,11,8,5,2,1
U001,28.6003210423966,77.2054721513913,2025-02-08 11:57:52,11,8,5,2,1
U001,28.597140979327914,77.20332018590766,2025-02-08 12:24:32,12,8,5,2,1
U001,28.601505697018045,77.20481644684037,2025-02-08 12:47:41,12,8,5,2,1
U001,28.594948993371634,77.2025753441683,2025-02-08 12:59:40,12,8,5,2,1
U001,28.600571884237123,77.20207348619844,2025-02-08 13:03:39,13,8,5,2,1
U001,28.599927622227845,77.20502637600431,2025-02-08 13:55:47,13,8,5,2,1
U001,28.60341478648108,77.20786691040902,2025-02-08 13:57:25,13,8,5,2,1
U001,28.600000848445674,77.20173297827185,2025-02-08 14:10:06,14,8,5,2,1
U001,28.60216582644393,77.20247323775402,2025-02-08 14:16:27,14,8,5,2,1
U001,28.597981620192165,77.20205373449508,2025-02-08 14:26:18,14,8,5,2,1
U001,28.600027369460037,77.20512058635268,2025-02-08 14:48:56,14,8,5,2,1
U001,28.63873394710901,77.22548991834661,2025-02-08 15:02:22,15,8,5,2,1
U001,28.639526569553528,77.2242627696805,2025-02-08 15:08:42,15,8,5,2,1
U001,28.638455067287133,77.22491430993647,2025-02-08 15:17:30,15,8,5,2,1
U001,28.63711689944372,77.22563223766491,2025-02-08 15:32:46,15,8,5,2,1
U001,28.64216440877052,77.22499534773436,2025-02-08 16:09:30,16,8,5,2,1
U001,28.6432483143323,77.22532048323752,2025-02-08 16:35:32,16,8,5,2,1
U001,28.63939981611395,77.22425927963658,2025-02-08 16:56:12,16,8,5,2,1
U001,28.636540508907565,77.22594825402345,2025-02-08 17:12:12,17,8,5,2,1
U001,28.6385967216494,77.22543430615748,2025-02-08 17:24:37,17,8,5,2,1
U001,28.64287090620649,77.2232206165375,2025-02-08 17:31:43,17,8,5,2,1
U001,28.64016244646508,77.22505252326751,2025-02-08 17:32:33,17,8,5,2,1
U001,28.6403565473878,77.22462205253566,2025-02-08 17:57:46,17,8,5,2,1
U001,28.639288771608047,77.22296813931204,2025-02-08 18:08:22,18,8,5,2,1
U001,28.6370192447633,77.22666930351191,2025-02-08 18:12:44,18,8,5,2,1
U001,28.639090298824563,77.22246091715091,2025-02-08 18:15:46,18,8,5,2,1
U001,28.640640451553104,77.22594206255734,2025-02-08 18:20:35,18,8,5,2,1
U001,28.63960365852602,77.22497710901649,2025-02-08 18:24:00,18,8,5,2,1
U001,28.613567233064447,77.20832719311643,2025-02-08 19:10:17,19,8,5,2,1
U001,28.612822151515417,77.21004057975829,2025-02-08 19:14:50,19,8,5,2,1
U001,28.613198415631523,77.20835494164453,2025-02-08 19:46:14,19,8,5,2,1
U001,28.616851845620445,77.20598956089503,2025-02-08 19:58:09,19,8,5,2,1
U001,28.61231459209402,77.20706842208403,2025-02-08 20:13:07,20,8,5,2,1
U001,28.61478415463717,77.2100200300636,2025-02-08 20:22:38,20,8,5,2,1
U001,28.611187634369003,77.21043565317746,2025-02-08 20:34:47,20,8,5,2,1
U001,28.61783056477428,77.21003442058158,2025-02-08 20:52:15,20,8,5,2,1
U001,28.615983419047065,77.20892100317216,2025-02-08 21:01:18,21,8,5,2,1
U001,28.614652452166467,77.2105316225122,2025-02-08 21:06:14,21,8,5,2,1
U001,28.61372217401719,77.20971060889288,2025-02-08 21:26:01,21,8,5,2,1
U001,28.60918691535303,77.20818134394243,2025-02-08 21:47:33,21,8,5,2,1
U001,28.616175435836045,77.20639508445099,2025-02-08 21:56:57,21,8,5,2,1
U001,28.611758610260697,77.21404897616058,2025-02-08 22:06:48,22,8,5,2,1
U001,28.613965142473884,77.20668814059385,2025-02-08 22:26:01,22,8,5,2,1
U001,28.61218507851745,77.20467804757162,2025-02-08 22:39:42,22,8,5,2,1
U001,28.61130952088469,77.21486955676453,2025-02-08 23:14:45,23,8,5,2,1
U001,28.613295695247263,77.20785805195699,2025-02-08 23:19:16,23,8,5,2,1
U001,28.61805862851252,77.20763071163893,2025-02-08 23:25:56,23,8,5,2,1
U001,28.612347861248622,77.21045066262695,2025-02-09 00:04:16,0,9,6,2,1
U001,28.61362400346152,77.2114079720031,2025-02-09 00:29:37,0,9,6,2,1
U001,28.612906348398187,77.20985676774858,2025-02-09 00:33:32,0,9,6,2,1
U001,28.615442473986437,77.20865887713684,2025-02-09 01:07:29,1,9,6,2,1
U001,28.6142219201024,77.20854375253313,2025-02-09 01:15:17,1,9,6,2,1
U001,28.61466707372657,77.20849088932917,2025-02-09 01:33:16,1,9,6,2,1
U001,28.613805651924203,77.21100330301124,2025-02-09 01:33:22,1,9,6,2,1
U001,28.61356948258344,77.20854323483547,2025-02-09 02:07:13,2,9,6,2,1
U001,28.61392322889558,77.21088726190582,2025-02-09 02:28:08,2,9,6,2,1
U001,28.616887375755685,77.21073748524091,2025-02-09 02:35:42,2,9,6,2,1
U001,28.615670391941336,77.21021992718599,2025-02-09 02:43:47,2,9,6,2,1
U001,28.616638489737483,77.20695630722696,2025-02-09 02:59:14,2,9,6,2,1
U001,28.614551316548503,77.21076673547378,2025-02-09 03:04:42,3,9,6,2,1
U001,28.615359692559853,77.20750671393517,2025-02-09 03:07:11,3,9,6,2,1
U001,28.6143548502577,77.2073599690097,2025-02-09 03:23:46,3,9,6,2,1
U001,28.61318648728106,77.20806234886422,2025-02-09 04:25:39,4,9,6,2,1
U001,28.61938685947919,77.20623837319326,2025-02-09 04:33:15,4,9,6,2,1
U001,28.617786054093173,77.20979468491966,2025-02-09 04:39:57,4,9,6,2,1
U001,28.611021340565134,77.21229381590884,2025-02-09 04:49:56,4,9,6,2,1
U001,28.610874088644284,77.20680034652203,2025-02-09 05:27:30,5,9,6,2,1
U001,28.609915687893004,77.2071978397881,2025-02-09 05:30:25,5,9,6,2,1
U001,28.61349055207721,77.2102327238308,2025-02-09 05:41:01,5,9,6,2,1
U001,28.613845437721668,77.21081890313276,2025-02-09 06:20:47,6,9,6,2,1
U001,28.61774512282461,77.2124973471269,2025-02-09 06:41:15,6,9,6,2,1
U001,28.61270468949242,77.20993589757649,2025-02-09 06:44:06,6,9,6,2,1
U001,28.61043030270344,77.20966974654479,2025-02-09 06:47:03,6,9,6,2,1
U001,28.61053165574916,77.20710573061685,2025-02-09 07:06:11,7,9,6,2,1
U001,28.611442479371103,77.205041651542,2025-02-09 07:16:53,7,9,6,2,1
U001,28.61328702582336,77.21339807546141,2025-02-09 07:56:15,7,9,6,2,1
U001,28.616551506793115,77.21004344437432,2025-02-09 08:22:54,8,9,6,2,1
U001,28.612689005174555,77.20819655008961,2025-02-09 08:23:48,8,9,6,2,1
U001,28.61750204632305,77.20365151994693,2025-02-09 08:39:39,8,9,6,2,1
U001,28.61490213788669,77.20648010053445,2025-02-09 08:59:00,8,9,6,2,1
U001,28.61328974123616,77.21030673908275,2025-02-09 09:14:01,9,9,6,2,1
U001,28.6131066081376,77.21046323779865,2025-02-09 09:21:53,9,9,6,2,1
U001,28.61483349997332,77.21104966148582,2025-02-09 09:31:39,9,9,6,2,1
U001,28.626248213611337,77.1932909057366,2025-02-09 10:06:35,10,9,6,2,1
U001,28.62337885132764,77.19306225088604,2025-02-09 10:10:36,10,9,6,2,1
U001,28.62386305255438,77.19498973898469,2025-02-09 10:19:28,10,9,6,2,1
U001,28.6229043234915,77.1948265512503,2025-02-09 10:40:29,10,9,6,2,1
U001,28.624844233799884,77.19339979491943,2025-02-09 10:57:52,10,9,6,2,1
U001,28.62549012010891,77.19496202039828,2025-02-09 11:22:12,11,9,6,2,1
U001,28.62540025876674,77.19561092982146,2025-02-09 11:26:25,11,9,6,2,1
U001,28.626062561373523,77.19861026304054,2025-02-09 11:33:37,11,9,6,2,1
U001,28.624733922603266,77.19289994906265,2025-02-09 12:05:04,12,9,6,2,1
U001,28.624402749811622,77.19577358168095,2025-02-09 12:38:14,12,9,6,2,1
U001,28.62334324639674,77.19115888701496,2025-02-09 12:44:44,12,9,6,2,1
U001,28.621778430010124,77.1918796274337,2025-02-09 12:49:13,12,9,6,2,1
U001,28.59761259379321,77.20186262920903,2025-02-09 13:00:14,13,9,6,2,1
U001,28.59760719419097,77.20511985811005,2025-02-09 13:41:00,13,9,6,2,1
U001,28.600809413370687,77.20539298412737,2025-02-09 13:52:43,13,9,6,2,1
U001,28.598957424362137,77.20404630916865,2025-02-09 14:10:07,14,9,6,2,1
U001,28.597636910635167,77.2062794464782,2025-02-09 14:34:03,14,9,6,2,1
U001,28.604504957659547,77.20109699666021,2025-02-09 14:53:24,14,9,6,2,1
U001,28.602576509623496,77.20320469994664,2025-02-09 15:12:41,15,9,6,2,1
U001,28.60134578140348,77.20441925979199,2025-02-09 15:37:57,15,9,6,2,1
U001,28.59909333278136,77.20450122220282,2025-02-09 15:48:13,15,9,6,2,1
U001,28.60114427629928,77.20418544156654,2025-02-09 16:02:40,16,9,6,2,1
U001,28.600675133998894,77.20578045821867,2025-02-09 16:28:30,16,9,6,2,1
U001,28.59699020789277,77.20192625931365,2025-02-09 16:37:21,16,9,6,2,1
U001,28.638987550749267,77.22780708168597,2025-02-09 17:20:06,17,9,6,2,1
U001,28.639243183868796,77.22869121404771,2025-02-09 17:38:56,17,9,6,2,1
U001,28.63837089447793,77.22365540436978,2025-02-09 17:56:03,17,9,6,2,1
U001,28.64210561507111,77.22230746812932,2025-02-09 18:05:28,18,9,6,2,1
U001,28.642237440515597,77.2278039377089,2025-02-09 18:12:21,18,9,6,2,1
U001,28.638759600696467,77.2240628000089,2025-02-09 18:13:55,18,9,6,2,1
U001,28.63685808907961,77.22556095981007,2025-02-09 18:14:25,18,9,6,2,1
U001,28.640864603468756,77.22605258116289,2025-02-09 18:26:39,18,9,6,2,1
U001,28.641807771197957,77.22423567374237,2025-02-09 19:04:56,19,9,6,2,1
U001,28.63620779503465,77.22373405386625,2025-02-09 19:14:38,19,9,6,2,1
U001,28.63864138079404,77.22349121089357,2025-02-09 19:14:58,19,9,6,2,1
U001,28.639591697070024,77.2231600082807,2025-02-09 19:41:13,19,9,6,2,1
U001,28.639844923435795,77.22853686092694,2025-02-09 19:54:06,19,9,6,2,1
U001,28.63831951516016,77.22644722438172,2025-02-09 20:38:35,20,9,6,2,1
U001,28.64147461994441,77.22607389525263,2025-02-09 20:46:32,20,9,6,2,1
U001,28.637726991933828,77.22558619354754,2025-02-09 20:47:48,20,9,6,2,1
U001,28.61524331972597,77.20824663995022,2025-02-09 21:01:55,21,9,6,2,1
U001,28.611644406676504,77.20845034033653,2025-02-09 21:10:18,21,9,6,2,1
U001,28.615598935781403,77.20891195104869,2025-02-09 21:27:43,21,9,6,2,1
U001,28.61353026352101,77.20744306807951,2025-02-09 21:29:01,21,9,6,2,1
U001,28.616627223810056,77.20682937134023,2025-02-09 21:47:11,21,9,6,2,1
U001,28.614221298324217,77.20717438235967,2025-02-09 22:06:20,22,9,6,2,1
U001,28.613953591298586,77.20863210388927,2025-02-09 22:15:28,22,9,6,2,1
U001,28.61296095620885,77.21067420777513,2025-02-09 22:18:38,22,9,6,2,1
U001,28.612714478217764,77.20934405875059,2025-02-09 22:20:17,22,9,6,2,1
U001,28.61411486403611,77.20953059476591,2025-02-09 22:41:19,22,9,6,2,1
U001,28.614009672584647,77.20999728448469,2025-02-09 23:00:21,23,9,6,2,1
U001,28.614711268681067,77.21139979230502,2025-02-09 23:07:41,23,9,6,2,1
U001,28.611638855963644,77.20818943317313,2025-02-09 23:10:31,23,9,6,2,1
U001,28.61233971729126,77.21184744217217,2025-02-09 23:19:57,23,9,6,2,1
U001,28.611378658197424,77.2083532899356,2025-02-09 23:47:24,23,9,6,2,1
U001,28.612579077532143,77.21123854394327,2025-02-10 00:16:10,0,10,0,2,0
U001,28.61252652028692,77.21031636102211,2025-02-10 00:27:01,0,10,0,2,0
U001,28.613157993987357,77.21069338934055,2025-02-10 00:27:01,0,10,0,2,0
U001,28.616731691411584,77.21357196478056,2025-02-10 00:38:24,0,10,0,2,0
U001,28.61358660507332,77.20776839320587,2025-02-10 00:52:52,0,10,0,2,0
U001,28.61365502187084,77.20859772064112,2025-02-10 01:07:04,1,10,0,2,0
U001,28.617931279380617,77.21034635870066,2025-02-10 01:11:30,1,10,0,2,0
U001,28.610963555247107,77.21003160664583,2025-02-10 01:11:44,1,10,0,2,0
U001,28.61183581953648,77.20523822106097,2025-02-10 01:49:45,1,10,0,2,0
U001,28.615916158411853,77.20984477318962,2025-02-10 01:59:00,1,10,0,2,0
U001,28.60993450529141,77.20608801812706,2025-02-10 02:07:55,2,10,0,2,0
U001,28.61287633789107,77.2096252567704,2025-02-10 02:44:47,2,10,0,2,0
U001,28.615800558924263,77.21105375326059,2025-02-10 02:46:04,2,10,0,2,0
U001,28.61274813007259,77.20485117893408,2025-02-10 02:53:08,2,10,0,2,0
U001,28.616187341519865,77.20799795695717,2025-02-10 02:54:43,2,10,0,2,0
U001,28.612717510292747,77.20810646457906,2025-02-10 03:01:44,3,10,0,2,0
U001,28.615367014435908,77.20769000888676,2025-02-10 03:02:55,3,10,0,2,0
U001,28.61477764274599,77.2128680296731,2025-02-10 03:33:27,3,10,0,2,0
U001,28.6176753357196,77.20647879372348,2025-02-10 03:56:56,3,10,0,2,0
U001,28.611063018918653,77.20756219433828,2025-02-10 03:59:19,3,10,0,2,0
U001,28.61542646402559,77.20955680073776,2025-02-10 04:30:12,4,10,0,2,0
U001,28.61206178594849,77.20639858540999,2025-02-10 04:43:33,4,10,0,2,0
U001,28.61172329025963,77.20902178210379,2025-02-10 04:44:37,4,10,0,2,0
U001,28.61123613665393,77.20751418080927,2025-02-10 05:26:18,5,10,0,2,0
U001,28.612167040362102,77.21104407544544,2025-02-10 05:26:22,5,10,0,2,0
U001,28.614159740503133,77.21310419965208,2025-02-10 05:31:51,5,10,0,2,0
U001,28.61515204413552,77.21003178409404,2025-02-10 05:39:46,5,10,0,2,0
U001,28.61991142987961,77.20542967418227,2025-02-10 05:54:34,5,10,0,2,0
U001,28.612146774296036,77.21105202544034,2025-02-10 06:02:48,6,10,0,2,0
U001,28.61516512299302,77.20990436148114,2025-02-10 06:26:29,6,10,0,2,0
U001,28.61366935189739,77.2094784927187,2025-02-10 06:40:51,6,10,0,2,0
U001,28.61526463106771,77.2087448139333,2025-02-10 06:45:19,6,10,0,2,0
U001,28.61626459820781,77.20667146886659,2025-02-10 07:04:02,7,10,0,2,0
U001,28.61662770875512,77.20929981465862,2025-02-10 07:10:30,7,10,0,2,0
U001,28.615197135079267,77.2087331308035,2025-02-10 07:49:52,7,10,0,2,0
U001,28.630669696186988,77.21623029576658,2025-02-10 08:10:16,8,10,0,2,0
U001,28.634251945472208,77.21583548738238,2025-02-10 08:22:18,8,10,0,2,0
U001,28.631350336846506,77.22029042374686,2025-02-10 08:22:39,8,10,0,2,0
U001,28.62841185114869,77.21826485532807,2025-02-10 08:37:40,8,10,0,2,0
U001,28.63096805539485,77.2193176959541,2025-02-10 08:38:57,8,10,0,2,0
U001,28.633393876123225,77.21930696164596,2025-02-10 09:09:41,9,10,0,2,0
U001,28.629810408960356,77.21246658343921,2025-02-10 09:11:37,9,10,0,2,0
U001,28.634453675671544,77.21736772875937,2025-02-10 09:16:47,9,10,0,2,0
U001,28.630408097897817,77.21789722226501,2025-02-10 09:27:17,9,10,0,2,0
U001,28.628828340902427,77.21914013870449,2025-02-10 09:30:38,9,10,0,2,0
U001,28.62906367844138,77.21735457982489,2025-02-10 10:11:08,10,10,0,2,0
U001,28.62719282836497,77.21090801403713,2025-02-10 10:35:53,10,10,0,2,0
U001,28.62874031238765,77.21575918181719,2025-02-10 10:39:41,10,10,0,2,0
U001,28.62717970680132,77.22341833546622,2025-02-10 10:43:47,10,10,0,2,0
U001,28.632653961482117,77.21738054604671,2025-02-10 10:55:56,10,10,0,2,0
U001,28.63326016301015,77.22083948973325,2025-02-10 11:05:44,11,10,0,2,0
U001,28.63339418181208,77.21700209831235,2025-02-10 11:08:05,11,10,0,2,0
U001,28.62543776894752,77.2173077122499,2025-02-10 11:46:17,11,10,0,2,0
U001,28.63127976772556,77.21793113135672,2025-02-10 12:03:52,12,10,0,2,0
U001,28.631151618554025,77.21718941058933,2025-02-10 12:10:21,12,10,0,2,0
U001,28.62987532263549,77.22129006027475,2025-02-10 12:13:20,12,10,0,2,0
U001,28.629514018304853,77.21557576943901,2025-02-10 12:22:02,12,10,0,2,0
U001,28.63025194788268,77.22060865494446,2025-02-10 12:37:39,12,10,0,2,0
U001,28.629318280392543,77.21823675343951,2025-02-10 13:18:21,13,10,0,2,0
U001,28.63119462968453,77.21887585976494,2025-02-10 13:22:24,13,10,0,2,0
U001,28.630182655047985,77.21850496960792,2025-02-10 13:25:22,13,10,0,2,0
U001,28.627888182883595,77.21476051835845,2025-02-10 13:38:20,13,10,0,2,0
U001,28.631065764221333,77.21671214603774,2025-02-10 13:53:58,13,10,0,2,0
U001,28.629977768998625,77.22031144238449,2025-02-10 14:00:11,14,10,0,2,0
U001,28.631996299995265,77.21660229755888,2025-02-10 14:54:50,14,10,0,2,0
U001,28.625255162092245,77.21419816337226,2025-02-10 14:56:49,14,10,0,2,0
U001,28.626913587097505,77.21822928576353,2025-02-10 15:04:14,15,10,0,2,0
U001,28.62929473233877,77.21847361347677,2025-02-10 15:16:19,15,10,0,2,0
U001,28.6295517575066,77.2189718056571,2025-02-10 15:34:07,15,10,0,2,0
U001,28.632574931166765,77.21720697332272,2025-02-10 16:00:22,16,10,0,2,0
U001,28.63256330352708,77.2183592649844,2025-02-10 16:07:44,16,10,0,2,0
U001,28.63257337975274,77.21623647729227,2025-02-10 16:38:38,16,10,0,2,0
U001,28.632627149095786,77.22217689037133,2025-02-10 16:42:08,16,10,0,2,0
U001,28.62797511311162,77.2185063364989,2025-02-10 17:01:41,17,10,0,2,0
U001,28.63091346313153,77.22053491733695,2025-02-10 17:28:48,17,10,0,2,0
U001,28.628223768006137,77.21984070231663,2025-02-10 17:42:05,17,10,0,2,0
U001,28.630373219718237,77.21664266950235,2025-02-10 17:54:20,17,10,0,2,0
U001,28.63350066053504,77.21768213083195,2025-02-10 18:22:37,18,10,0,2,0
U001,28.62536844320577,77.21479131516541,2025-02-10 18:24:16,18,10,0,2,0
U001,28.628583690838063,77.21790778675472,2025-02-10 18:44:52,18,10,0,2,0
U001,28.63170852970783,77.21606214707633,2025-02-10 18:44:53,18,10,0,2,0
U001,28.628230584119347,77.21886244373503,2025-02-10 18:56:28,18,10,0,2,0
U001,28.617589752227225,77.20979367699769,2025-02-10 19:08:11,19,10,0,2,0
U001,28.617364228271253,77.21222524432905,2025-02-10 19:22:47,19,10,0,2,0
U001,28.60946875226302,77.20570283043071,2025-02-10 19:41:47,19,10,0,2,0
U001,28.61286914106932,77.20912623865624,2025-02-10 19:53:49,19,10,0,2,0
U001,28.61304914247125,77.21021745370076,2025-02-10 20:01:43,20,10,0,2,0
U001,28.6131368774593,77.21057119343901,2025-02-10 20:17:33,20,10,0,2,0
U001,28.613830598367365,77.2089896577522,2025-02-10 20:21:36,20,10,0,2,0
U001,28.61562613690745,77.20845661595156,2025-02-10 20:26:27,20,10,0,2,0
U001,28.61435077308325,77.20680661389132,2025-02-10 21:06:21,21,10,0,2,0
U001,28.61546273523879,77.20960720173835,2025-02-10 21:15:16,21,10,0,2,0
U001,28.615167155232108,77.20870349240039,2025-02-10 21:15:27,21,10,0,2,0
U001,28.60936393947392,77.20982070825139,2025-02-10 21:43:50,21,10,0,2,0
U001,28.61318235198799,77.21219081952175,2025-02-10 22:05:39,22,10,0,2,0
U001,28.61488699612313,77.2038467092559,2025-02-10 22:16:36,22,10,0,2,0
U001,28.61356539658782,77.20633626931703,2025-02-10 22:35:09,22,10,0,2,0
U001,28.61299560102453,77.2061960380662,2025-02-10 23:03:39,23,10,0,2,0
U001,28.61587972535584,77.2082965757085,2025-02-10 23:04:54,23,10,0,2,0
U001,28.61142664857505,77.20976520079293,2025-02-10 23:24:48,23,10,0,2,0
U001,28.61309270677721,77.20935674896995,2025-02-10 23:28:42,23,10,0,2,0
U001,28.612747530903672,77.21395240540328,2025-02-10 23:48:49,23,10,0,2,0
U001,28.6112006649496,77.2102355484317,2025-02-11 00:05:36,0,11,1,2,0
U001,28.615780268077188,77.21154271744368,2025-02-11 00:18:56,0,11,1,2,0
U001,28.610061230635186,77.20569727195053,2025-02-11 00:28:18,0,11,1,2,0
U001,28.614541873374392,77.20912338141055,2025-02-11 00:37:28,0,11,1,2,0
U001,28.61625569653424,77.20958183700523,2025-02-11 01:02:30,1,11,1,2,0
U001,28.614725154488,77.2101895746024,2025-02-11 01:35:42,1,11,1,2,0
U001,28.61548705732009,77.20782332141549,2025-02-11 01:58:30,1,11,1,2,0
U001,28.613495823262472,77.21057184409462,2025-02-11 02:03:19,2,11,1,2,0
U001,28.61160055387084,77.20884004182413,2025-02-11 02:19:17,2,11,1,2,0
U001,28.612843244330588,77.21209089610093,2025-02-11 02:46:23,2,11,1,2,0
U001,28.614154236511684,77.20580741967409,2025-02-11 02:58:09,2,11,1,2,0
U001,28.61806666411801,77.2076615372745,2025-02-11 03:16:01,3,11,1,2,0
U001,28.61403363345365,77.20541386253291,2025-02-11 03:23:17,3,11,1,2,0
U001,28.614773322643234,77.21080838939962,2025-02-11 03:35:19,3,11,1,2,0
U001,28.61382982657261,77.21151613720119,2025-02-11 03:38:19,3,11,1,2,0
U001,28.615066967063026,77.20839056453543,2025-02-11 03:52:36,3,11,1,2,0
U001,28.616240936322853,77.20886989906624,2025-02-11 04:07:35,4,11,1,2,0
U001,28.61278176510964,77.21344762420917,2025-02-11 04:27:34,4,11,1,2,0
U001,28.61289501433337,77.20994145797778,2025-02-11 04:39:43,4,11,1,2,0
U001,28.612932183432783,77.2091529386524,2025-02-11 04:52:12,4,11,1,2,0
U001,28.61346192750435,77.20866118160954,2025-02-11 05:19:01,5,11,1,2,0
U001,28.61616762241398,77.21428517566774,2025-02-11 05:22:21,5,11,1,2,0
U001,28.614439947921404,77.21059086107103,2025-02-11 05:35:47,5,11,1,2,0
U001,28.61474622410272,77.21125616813121,2025-02-11 05:37:07,5,11,1,2,0
U001,28.612878446719503,77.2083005466885,2025-02-11 05:55:21,5,11,1,2,0
U001,28.612383043309244,77.21118045781205,2025-02-11 06:05:51,6,11,1,2,0
U001,28.618414507220447,77.20966962981801,2025-02-11 06:14:27,6,11,1,2,0
U001,28.61519965322568,77.21054369773434,2025-02-11 06:17:50,6,11,1,2,0
U001,28.61442669076713,77.21141553254542,2025-02-11 06:37:16,6,11,1,2,0
U001,28.61635610220786,77.2144480571049,2025-02-11 06:57:46,6,11,1,2,0
U001,28.613271371306176,77.20715643212607,2025-02-11 07:02:52,7,11,1,2,0
U001,28.61661440026577,77.20223275032298,2025-02-11 07:14:56,7,11,1,2,0
U001,28.614835467019205,77.20748334704705,2025-02-11 07:31:20,7,11,1,2,0
U001,28.61378707490725,77.20730258402178,2025-02-11 07:51:56,7,11,1,2,0
U001,28.60951264446373,77.20921890645951,2025-02-11 07:57:30,7,11,1,2,0
U001,28.621132251658345,77.20778051864241,2025-02-11 08:09:39,8,11,1,2,0
U001,28.623936599182567,77.21062708689861,2025-02-11 08:25:03,8,11,1,2,0
U001,28.624412744141363,77.21239269211678,2025-02-11 08:39:56,8,11,1,2,0
U001,28.62080513294292,77.2127374293217,2025-02-11 08:47:48,8,11,1,2,0
U001,28.62138506000598,77.21147492418925,2025-02-11 08:56:54,8,11,1,2,0
U001,28.63080376198128,77.21787043301453,2025-02-11 09:08:21,9,11,1,2,0
U001,28.6293694453131,77.21559478745218,2025-02-11 09:16:09,9,11,1,2,0
U001,28.630013323538765,77.217635884692,2025-02-11 09:31:09,9,11,1,2,0
U001,28.630914150815524,77.22120624823033,2025-02-11 09:59:28,9,11,1,2,0
U001,28.6345243782369,77.21900437728482,2025-02-11 10:11:28,10,11,1,2,0
U001,28.626847003563405,77.21563420356983,2025-02-11 10:39:55,10,11,1,2,0
U001,28.63015374103243,77.22009762162122,2025-02-11 10:42:44,10,11,1,2,0
U001,28.6274387539571,77.21894041503191,2025-02-11 10:43:43,10,11,1,2,0
U001,28.63081254381396,77.21552678938929,2025-02-11 10:52:16,10,11,1,2,0
U001,28.634500710208663,77.21812221628936,2025-02-11 11:10:31,11,11,1,2,0
U001,28.62888867097816,77.21498487524029,2025-02-11 11:18:20,11,11,1,2,0
U001,28.62797924484327,77.21713476352761,2025-02-11 11:41:38,11,11,1,2,0
U001,28.632509778568547,77.21814321016929,2025-02-11 12:07:40,12,11,1,2,0
U001,28.63166643978656,77.218494463861,2025-02-11 12:19:05,12,11,1,2,0
U001,28.62967160251459,77.22060276703395,2025-02-11 12:45:08,12,11,1,2,0
U001,28.62947727273666,77.21962772421001,2025-02-11 12:59:21,12,11,1,2,0
U001,28.631616727923333,77.21938083623766,2025-02-11 13:24:38,13,11,1,2,0
U001,28.631212231684945,77.21477191859466,2025-02-11 13:29:20,13,11,1,2,0
U001,28.6320978432134,77.21862425290986,2025-02-11 13:36:30,13,11,1,2,0
U001,28.630930154006712,77.21866162915835,2025-02-11 13:37:00,13,11,1,2,0
U001,28.63133692930265,77.22007198109792,2025-02-11 14:29:49,14,11,1,2,0
U001,28.6319460384138,77.21480985666982,2025-02-11 14:34:08,14,11,1,2,0
U001,28.63274583820386,77.21719608497015,2025-02-11 14:39:48,14,11,1,2,0
U001,28.632684975463324,77.2191708416217,2025-02-11 14:41:53,14,11,1,2,0
U001,28.62876892150779,77.21647671907581,2025-02-11 14:43:30,14,11,1,2,0
U001,28.629663513958583,77.2172758309214,2025-02-11 15:01:51,15,11,1,2,0
U001,28.63063536044049,77.21656784386003,2025-02-11 15:09:44,15,11,1,2,0
U001,28.62724452103656,77.22317383735245,2025-02-11 15:30:07,15,11,1,2,0
U001,28.628102140396745,77.21644858592967,2025-02-11 15:36:17,15,11,1,2,0
U001,28.630995906254157,77.21829299478061,2025-02-11 15:55:00,15,11,1,2,0
U001,28.632016842627305,77.21964590534702,2025-02-11 16:09:22,16,11,1,2,0
U001,28.62998350787759,77.21339219144187,2025-02-11 16:24:03,16,11,1,2,0
U001,28.62994896935465,77.2184027674751,2025-02-11 16:24:06,16,11,1,2,0
U001,28.629256327447468,77.21646348593383,2025-02-11 16:24:16,16,11,1,2,0
U001,28.63240176500561,77.2174798352937,2025-02-11 16:30:07,16,11,1,2,0
U001,28.6319565761879,77.22136450024566,2025-02-11 17:36:37,17,11,1,2,0
U001,28.629445295767457,77.21977909230736,2025-02-11 17:38:52,17,11,1,2,0
U001,28.62911340229397,77.2169974241719,2025-02-11 17:47:45,17,11,1,2,0
U001,28.62826828783989,77.2163262021476,2025-02-11 17:58:28,17,11,1,2,0
U001,28.62992092273851,77.21799394796189,2025-02-11 18:18:44,18,11,1,2,0
U001,28.6258529871078,77.21630571165579,2025-02-11 18:37:34,18,11,1,2,0
U001,28.632735951536297,77.21965891152594,2025-02-11 18:41:55,18,11,1,2,0
U001,28.63008616208372,77.21830350449306,2025-02-11 18:57:27,18,11,1,2,0
U001,28.62190104881423,77.21697913530495,2025-02-11 19:05:31,19,11,1,2,0
U001,28.62247180283121,77.21355435503773,2025-02-11 19:08:55,19,11,1,2,0
U001,28.626261905209816,77.21003900848719,2025-02-11 19:13:25,19,11,1,2,0
U001,28.62273320805692,77.20941968690212,2025-02-11 19:32:04,19,11,1,2,0
U001,28.624068915212884,77.21168577969473,2025-02-11 19:48:09,19,11,1,2,0
U001,28.61422138547607,77.20903237604361,2025-02-11 20:22:55,20,11,1,2,0
U001,28.61312508732857,77.20755707313174,2025-02-11 20:25:19,20,11,1,2,0
U001,28.61334953693104,77.20889459272459,2025-02-11 20:27:32,20,11,1,2,0
U001,28.614579090604806,77.23153245145325,2025-02-11 21:23:43,21,11,1,2,0
U001,28.61058088782407,77.22939813747485,2025-02-11 21:42:15,21,11,1,2,0
U001,28.60948418641877,77.2313972534655,2025-02-11 21:49:06,21,11,1,2,0
U001,28.613210697681627,77.22726369678244,2025-02-11 22:35:53,22,11,1,2,0
U001,28.606703515360817,77.22685607717577,2025-02-11 22:47:25,22,11,1,2,0
U001,28.609203217540895,77.23008010570729,2025-02-11 22:51:35,22,11,1,2,0
U001,28.6127998520082,77.22867508264554,2025-02-11 22:56:02,22,11,1,2,0
U001,28.614918550181372,77.21005944414284,2025-02-11 23:03:09,23,11,1,2,0
U001,28.61170493068596,77.20925006225576,2025-02-11 23:28:54,23,11,1,2,0
U001,28.61394312339708,77.21002319800937,2025-02-11 23:48:57,23,11,1,2,0
U001,28.612414057350104,77.20791172073353,2025-02-12 00:13:12,0,12,2,2,0
U001,28.612618772180863,77.2143139644181,2025-02-12 00:25:57,0,12,2,2,0
U001,28.61305314556044,77.21018115647007,2025-02-12 00:38:08,0,12,2,2,0
U001,28.61365044802881,77.2091115371186,2025-02-12 00:40:23,0,12,2,2,0
U001,28.612682347474983,77.20805334982505,2025-02-12 01:06:22,1,12,2,2,0
U001,28.615640684385205,77.20894958929479,2025-02-12 01:16:35,1,12,2,2,0
U001,28.61255107771365,77.20896557718991,2025-02-12 01:24:47,1,12,2,2,0
U001,28.612063820239783,77.210960018081,2025-02-12 01:29:13,1,12,2,2,0
U001,28.613469628713396,77.20642148608549,2025-02-12 02:10:11,2,12,2,2,0
U001,28.61521736059321,77.21061860043369,2025-02-12 02:18:03,2,12,2,2,0
U001,28.61348877623214,77.20783022198603,2025-02-12 02:56:47,2,12,2,2,0
U001,28.613545399760604,77.20958032111513,2025-02-12 03:01:31,3,12,2,2,0
U001,28.613713716373336,77.20964654695952,2025-02-12 03:21:23,3,12,2,2,0
U001,28.6081828874163,77.20989148231752,2025-02-12 03:49:29,3,12,2,2,0
U001,28.617236526572533,77.21009267849733,2025-02-12 04:01:15,4,12,2,2,0
U001,28.61427409138226,77.20615238892975,2025-02-12 04:09:56,4,12,2,2,0
U001,28.609853945721355,77.20750722305297,2025-02-12 04:15:41,4,12,2,2,0
U001,28.61377013394476,77.20777892893857,2025-02-12 04:25:26,4,12,2,2,0
U001,28.610909769626097,77.20891232954423,2025-02-12 04:55:33,4,12,2,2,0
U001,28.616405960641,77.20975960605094,2025-02-12 05:01:08,5,12,2,2,0
U001,28.61587081041791,77.21219091377905,2025-02-12 05:17:24,5,12,2,2,0
U001,28.61474450606041,77.21037438384437,2025-02-12 05:23:55,5,12,2,2,0
U001,28.61849392945872,77.21043417139767,2025-02-12 06:21:10,6,12,2,2,0
U001,28.614396461532383,77.20717074455769,2025-02-12 06:24:16,6,12,2,2,0
U001,28.61659690139309,77.2094182780488,2025-02-12 06:26:17,6,12,2,2,0
U001,28.610883504968324,77.20891046603317,2025-02-12 06:47:08,6,12,2,2,0
U001,28.612994304958736,77.20737939364636,2025-02-12 06:56:46,6,12,2,2,0
U001,28.617699283569607,77.20951893112353,2025-02-12 07:05:07,7,12,2,2,0
U001,28.613332321553568,77.2090046484968,2025-02-12 07:21:36,7,12,2,2,0
U001,28.614454105107157,77.20982194484782,2025-02-12 07:25:54,7,12,2,2,0
U001,28.61465266559034,77.21090027096878,2025-02-12 07:29:11,7,12,2,2,0
U001,28.61813909861641,77.21354185488072,2025-02-12 08:02:50,8,12,2,2,0
U001,28.62024253281232,77.21481752948677,2025-02-12 08:30:50,8,12,2,2,0
U001,28.62163750878817,77.21472036625909,2025-02-12 08:44:51,8,12,2,2,0
U001,28.62307784935567,77.2151691169001,2025-02-12 08:53:16,8,12,2,2,0
U001,28.619720339191787,77.21268106405824,2025-02-12 08:54:31,8,12,2,2,0
U001,28.633012781798158,77.21993742169404,2025-02-12 09:09:00,9,12,2,2,0
U001,28.634432089968996,77.21892060442829,2025-02-12 09:42:12,9,12,2,2,0
U001,28.63152634219566,77.22013180415006,2025-02-12 09:46:38,9,12,2,2,0
U001,28.631082927055733,77.22052482280057,2025-02-12 09:57:35,9,12,2,2,0
U001,28.63117876577876,77.21636901188535,2025-02-12 09:59:57,9,12,2,2,0
U001,28.629256492847382,77.21970309399134,2025-02-12 10:00:30,10,12,2,2,0
U001,28.63316262131441,77.2198776022683,2025-02-12 10:02:21,10,12,2,2,0
U001,28.6325970597293,77.22027476029115,2025-02-12 10:06:03,10,12,2,2,0
U001,28.627555582526632,77.22317620270123,2025-02-12 10:39:04,10,12,2,2,0
U001,28.63304119537339,77.21872765086283,2025-02-12 10:59:10,10,12,2,2,0
U001,28.631424968384312,77.2200752066022,2025-02-12 11:35:40,11,12,2,2,0
U001,28.62856924496851,77.22033320834693,2025-02-12 11:43:06,11,12,2,2,0
U001,28.633246383120483,77.22314350117715,2025-02-12 11:47:45,11,12,2,2,0
U001,28.63059687856375,77.21729544768908,2025-02-12 12:27:06,12,12,2,2,0
U001,28.62778708575332,77.21619791558703,2025-02-12 12:30:20,12,12,2,2,0
U001,28.62618764979509,77.21854571657835,2025-02-12 12:31:35,12,12,2,2,0
U001,28.63245741966397,77.21843452830383,2025-02-12 12:34:32,12,12,2,2,0
U001,28.627729426977968,77.2200054680311,2025-02-12 12:45:42,12,12,2,2,0
U001,28.632118708599677,77.21879676212875,2025-02-12 13:04:38,13,12,2,2,0
U001,28.630998289616837,77.21570330078876,2025-02-12 13:14:15,13,12,2,2,0
U001,28.631340336677507,77.21642226743712,2025-02-12 13:15:51,13,12,2,2,0
U001,28.63107764679994,77.21749866415057,2025-02-12 13:18:30,13,12,2,2,0
U001,28.632184519733123,77.2153410970459,2025-02-12 13:51:41,13,12,2,2,0
U001,28.629670129660703,77.2203427452849,2025-02-12 14:01:32,14,12,2,2,0
U001,28.629563894452847,77.22021823402267,2025-02-12 14:19:25,14,12,2,2,0
U001,28.633557991666905,77.21715366834307,2025-02-12 14:20:52,14,12,2,2,0
U001,28.628220268730047,77.21967558495908,2025-02-12 14:24:29,14,12,2,2,0
U001,28.63016864833368,77.21880156575092,2025-02-12 14:26:15,14,12,2,2,0
U001,28.631434431511384,77.21752315279555,2025-02-12 15:04:41,15,12,2,2,0
U001,28.63142006216384,77.21715080703545,2025-02-12 15:13:55,15,12,2,2,0
U001,28.633704120918267,77.21823802072636,2025-02-12 15:42:12,15,12,2,2,0
U001,28.63060765140579,77.22245709528211,2025-02-12 15:49:10,15,12,2,2,0
U001,28.63190593128844,77.21645214903968,2025-02-12 16:00:58,16,12,2,2,0
U001,28.63313209982319,77.21922205318862,2025-02-12 16:03:29,16,12,2,2,0
U001,28.63024034258504,77.21862555717125,2025-02-12 16:24:43,16,12,2,2,0
U001,28.63295636430907,77.21513632962795,2025-02-12 16:37:36,16,12,2,2,0
U001,28.63117227115998,77.21898669078439,2025-02-12 17:39:28,17,12,2,2,0
U001,28.6293658933656,77.21686002701998,2025-02-12 17:44:56,17,12,2,2,0
U001,28.63213457150456,77.21939285676767,2025-02-12 17:46:21,17,12,2,2,0
U001,28.6292104740998,77.21855875950891,2025-02-12 18:07:31,18,12,2,2,0
U001,28.630327153836124,77.21619342949107,2025-02-12 18:25:54,18,12,2,2,0
U001,28.632223718816164,77.21354069281458,2025-02-12 18:35:10,18,12,2,2,0
U001,28.63191848830333,77.2189271885819,2025-02-12 18:43:00,18,12,2,2,0
U001,28.62312994114726,77.20969396333395,2025-02-12 19:01:37,19,12,2,2,0
U001,28.62255293103453,77.21306858396537,2025-02-12 19:16:44,19,12,2,2,0
U001,28.619455892960424,77.21760357126364,2025-02-12 19:27:24,19,12,2,2,0
U001,28.61656467756113,77.20883957205456,2025-02-12 20:22:52,20,12,2,2,0
U001,28.613520606784327,77.210116179124,2025-02-12 20:43:06,20,12,2,2,0
U001,28.61218351221041,77.20688023324016,2025-02-12 20:45:57,20,12,2,2,0
U001,28.614587363877988,77.20885912204609,2025-02-12 20:48:11,20,12,2,2,0
U001,28.61395815209573,77.20901751502903,2025-02-12 20:59:29,20,12,2,2,0
U001,28.61001908683746,77.22941121234827,2025-02-12 21:13:10,21,12,2,2,0
U001,28.61076659544284,77.22953784380934,2025-02-12 21:19:32,21,12,2,2,0
U001,28.61092664037668,77.22903370482494,2025-02-12 21:34:05,21,12,2,2,0
U001,28.613545921773277,77.23049012071212,2025-02-12 21:55:20,21,12,2,2,0
U001,28.612500340926395,77.22810684598434,2025-02-12 22:14:36,22,12,2,2,0
U001,28.6122117632365,77.23059570161519,2025-02-12 22:23:31,22,12,2,2,0
U001,28.61039098317962,77.23042077459806,2025-02-12 22:26:08,22,12,2,2,0
U001,28.61652697881561,77.20686194463097,2025-02-12 23:01:12,23,12,2,2,0
U001,28.61331225394242,77.21233609485411,2025-02-12 23:06:00,23,12,2,2,0
U001,28.61325591719785,77.21010098524978,2025-02-12 23:12:56,23,12,2,2,0
U001,28.615552507750056,77.21396893956391,2025-02-12 23:26:36,23,12,2,2,0
U001,28.61318643212408,77.20980685625707,2025-02-13 00:29:50,0,13,3,2,0
U001,28.61507481216303,77.20846464566596,2025-02-13 00:44:18,0,13,3,2,0
U001,28.61066445305844,77.21197122407776,2025-02-13 00:55:08,0,13,3,2,0
U001,28.614227369319227,77.20696742114802,2025-02-13 01:02:28,1,13,3,2,0
U001,28.61142162055432,77.20790793225264,2025-02-13 01:11:14,1,13,3,2,0
U001,28.613820020822207,77.21213601914978,2025-02-13 01:13:34,1,13,3,2,0
U001,28.61564614484735,77.20872122045304,2025-02-13 01:52:47,1,13,3,2,0
U001,28.613381698627848,77.20990046633081,2025-02-13 02:01:20,2,13,3,2,0
U001,28.614131933944805,77.21110704349628,2025-02-13 02:26:44,2,13,3,2,0
U001,28.61488227515505,77.20975356790147,2025-02-13 02:32:43,2,13,3,2,0
U001,28.61513215733924,77.2088604335953,2025-02-13 02:44:04,2,13,3,2,0
U001,28.613559545625435,77.2079420318571,2025-02-13 02:57:01,2,13,3,2,0
U001,28.61472691099372,77.20895934305508,2025-02-13 03:28:29,3,13,3,2,0
U001,28.609469720650274,77.21017609627698,2025-02-13 03:49:47,3,13,3,2,0
U001,28.615143066711106,77.20640935357434,2025-02-13 03:51:10,3,13,3,2,0
U001,28.616137973464564,77.21052343588951,2025-02-13 03:58:03,3,13,3,2,0
U001,28.60952936979736,77.20966941395895,2025-02-13 04:03:29,4,13,3,2,0
U001,28.612302824044065,77.21186816558789,2025-02-13 04:20:40,4,13,3,2,0
U001,28.613634242251948,77.20802664914908,2025-02-13 04:34:15,4,13,3,2,0
U001,28.611750198238774,77.20893708274015,2025-02-13 05:20:12,5,13,3,2,0
U001,28.61135355544507,77.20900672066927,2025-02-13 05:21:14,5,13,3,2,0
U001,28.61460597664999,77.2073819345871,2025-02-13 05:36:36,5,13,3,2,0
U001,28.616697098865505,77.20924603520676,2025-02-13 05:54:32,5,13,3,2,0
U001,28.6130498526636,77.21050664455639,2025-02-13 06:09:15,6,13,3,2,0
U001,28.61149329601992,77.2098618321576,2025-02-13 06:33:48,6,13,3,2,0
U001,28.61519235646772,77.21256179639316,2025-02-13 06:37:57,6,13,3,2,0
U001,28.618495257440998,77.2117283971443,2025-02-13 07:16:54,7,13,3,2,0
U001,28.61415708645759,77.20851498552315,2025-02-13 07:17:45,7,13,3,2,0
U001,28.613072160330795,77.20572933603397,2025-02-13 07:37:20,7,13,3,2,0
U001,28.60995979143817,77.21200511103349,2025-02-13 07:50:26,7,13,3,2,0
U001,28.621912741791355,77.2125089779028,2025-02-13 08:05:37,8,13,3,2,0
U001,28.62287655699836,77.21265440035653,2025-02-13 08:20:29,8,13,3,2,0
U001,28.62023662067681,77.21646385191364,2025-02-13 08:47:43,8,13,3,2,0
U001,28.630191089005518,77.21558522378857,2025-02-13 09:14:21,9,13,3,2,0
U001,28.63234393067237,77.22008787422132,2025-02-13 09:19:29,9,13,3,2,0
U001,28.630375453907465,77.21654717737468,2025-02-13 09:40:23,9,13,3,2,0
U001,28.6272102386259,77.21846495826787,2025-02-13 10:08:34,10,13,3,2,0
U001,28.63414567644431,77.21646739915093,2025-02-13 10:14:56,10,13,3,2,0
U001,28.63017336030541,77.21776992951683,2025-02-13 10:18:31,10,13,3,2,0
U001,28.629162064780747,77.21666831590387,2025-02-13 10:32:48,10,13,3,2,0
U001,28.63070567146651,77.2188940982034,2025-02-13 11:03:36,11,13,3,2,0
U001,28.63044224177933,77.2127776816068,2025-02-13 11:42:05,11,13,3,2,0
U001,28.63045423416279,77.21823075099164,2025-02-13 11:44:52,11,13,3,2,0
U001,28.63151329652598,77.21902272845213,2025-02-13 11:53:21,11,13,3,2,0
U001,28.629943914468544,77.2233155110574,2025-02-13 12:10:01,12,13,3,2,0
U001,28.631140396322177,77.22022678801915,2025-02-13 12:20:49,12,13,3,2,0
U001,28.626597427880107,77.21927980066442,2025-02-13 12:24:00,12,13,3,2,0
U001,28.629486863272245,77.22260513421755,2025-02-13 12:28:07,12,13,3,2,0
U001,28.63134609925759,77.21831038910942,2025-02-13 12:31:14,12,13,3,2,0
U001,28.63117257758581,77.21735117830498,2025-02-13 13:11:20,13,13,3,2,0
U001,28.631246479043767,77.21722688864786,2025-02-13 13:12:28,13,13,3,2,0
U001,28.62667155305025,77.2164771127509,2025-02-13 13:41:28,13,13,3,2,0
U001,28.62980995974215,77.21617050626296,2025-02-13 14:04:07,14,13,3,2,0
U001,28.63147504183768,77.21763599964567,2025-02-13 14:06:52,14,13,3,2,0
U001,28.63192074162942,77.21647044600148,2025-02-13 14:42:21,14,13,3,2,0
U001,28.630921731524303,77.21897162752481,2025-02-13 15:03:54,15,13,3,2,0
U001,28.63109976444777,77.21711144756881,2025-02-13 15:05:57,15,13,3,2,0
U001,28.63206379434072,77.21846808190172,2025-02-13 15:08:04,15,13,3,2,0
U001,28.62895211016372,77.22031246041891,2025-02-13 16:47:25,16,13,3,2,0
U001,28.631348111976784,77.21758867103381,2025-02-13 16:54:27,16,13,3,2,0
U001,28.629159739393558,77.215780101673,2025-02-13 16:57:14,16,13,3,2,0
U001,28.631350890212136,77.21790398990137,2025-02-13 17:02:52,17,13,3,2,0
U001,28.63207775291993,77.21909294205129,2025-02-13 17:45:42,17,13,3,2,0
U001,28.630978779763247,77.21851102131488,2025-02-13 17:55:19,17,13,3,2,0
U001,28.629078474127475,77.22013293173092,2025-02-13 18:12:15,18,13,3,2,0
U001,28.632489612209987,77.21643155487622,2025-02-13 18:21:18,18,13,3,2,0
U001,28.630766570272755,77.21560786235027,2025-02-13 18:35:43,18,13,3,2,0
U001,28.63074520564502,77.21976814603164,2025-02-13 18:44:48,18,13,3,2,0
U001,28.62146213637553,77.2128268402178,2025-02-13 19:10:54,19,13,3,2,0
U001,28.626469155511614,77.21101869604588,2025-02-13 19:26:23,19,13,3,2,0
U001,28.62181342201995,77.21366776804611,2025-02-13 19:29:50,19,13,3,2,0
U001,28.62268977879906,77.21418493112532,2025-02-13 19:38:35,19,13,3,2,0
U001,28.616725693445623,77.21291255204488,2025-02-13 20:00:20,20,13,3,2,0
U001,28.612920168780693,77.2085270149924,2025-02-13 20:01:07,20,13,3,2,0
U001,28.61345823312142,77.20740867072618,2025-02-13 20:47:52,20,13,3,2,0
U001,28.61262918242217,77.23205757985536,2025-02-13 21:02:33,21,13,3,2,0
U001,28.61094350909523,77.2303172632005,2025-02-13 21:10:02,21,13,3,2,0
U001,28.607878795429045,77.22847698518049,2025-02-13 21:26:42,21,13,3,2,0
U001,28.60787919581441,77.2350238751287,2025-02-13 21:48:30,21,13,3,2,0
U001,28.61357152257249,77.23157407760664,2025-02-13 21:57:23,21,13,3,2,0
U001,28.61036891665372,77.23058229096591,2025-02-13 22:12:26,22,13,3,2,0
U001,28.61879418797593,77.2331538834948,2025-02-13 22:24:20,22,13,3,2,0
U001,28.614973890276737,77.23508140889496,2025-02-13 22:41:18,22,13,3,2,0
U001,28.611468438998877,77.23073681006493,2025-02-13 22:55:11,22,13,3,2,0
U001,28.613634392697133,77.20573861427808,2025-02-13 23:20:45,23,13,3,2,0
U001,28.61450085746672,77.21187675288783,2025-02-13 23:33:43,23,13,3,2,0
U001,28.61368286153276,77.20977413114622,2025-02-13 23:33:52,23,13,3,2,0
U001,28.61397208288952,77.20701921665801,2025-02-13 23:57:20,23,13,3,2,0
U001,28.613291870480637,77.21047427002091,2025-02-14 00:10:23,0,14,4,2,0
U001,28.613639421785827,77.20676065038964,2025-02-14 00:23:55,0,14,4,2,0
U001,28.613178703819333,77.2118326540995,2025-02-14 00:52:53,0,14,4,2,0
U001,28.613656372700277,77.20797467212313,2025-02-14 01:11:25,1,14,4,2,0
U001,28.614023472463455,77.20878937766695,2025-02-14 01:16:27,1,14,4,2,0
U001,28.616732241583,77.20858675654117,2025-02-14 01:19:09,1,14,4,2,0
U001,28.612462195060612,77.20451323640448,2025-02-14 01:48:05,1,14,4,2,0
U001,28.617078825983025,77.21123324883573,2025-02-14 01:58:42,1,14,4,2,0
U001,28.61451096049653,77.21016685722228,2025-02-14 02:07:44,2,14,4,2,0
U001,28.614739075760788,77.20712127546638,2025-02-14 02:32:43,2,14,4,2,0
U001,28.610329744063133,77.211097838006,2025-02-14 02:38:30,2,14,4,2,0
U001,28.613888347234205,77.20830822498226,2025-02-14 03:24:12,3,14,4,2,0
U001,28.61175231963018,77.20995246893288,2025-02-14 03:26:33,3,14,4,2,0
U001,28.61809020197341,77.21101599397369,2025-02-14 03:46:43,3,14,4,2,0
U001,28.614678559646663,77.21185868485917,2025-02-14 03:50:51,3,14,4,2,0
U001,28.61777623373454,77.21494976422709,2025-02-14 03:51:35,3,14,4,2,0
U001,28.61303234845241,77.21243654129998,2025-02-14 04:04:37,4,14,4,2,0
U001,28.616518319572968,77.20816254842275,2025-02-14 04:26:29,4,14,4,2,0
U001,28.61437402803688,77.20887600889466,2025-02-14 04:36:40,4,14,4,2,0
U001,28.611679329888556,77.2064948102955,2025-02-14 05:04:01,5,14,4,2,0
U001,28.614488737861212,77.20615146167432,2025-02-14 05:31:32,5,14,4,2,0
U001,28.61466912641688,77.20449811795568,2025-02-14 05:38:08,5,14,4,2,0
U001,28.61200935599421,77.21043666289937,2025-02-14 05:47:25,5,14,4,2,0
U001,28.613555443700896,77.20855356543537,2025-02-14 06:00:11,6,14,4,2,0
U001,28.618729677355763,77.21057143371888,2025-02-14 06:03:31,6,14,4,2,0
U001,28.610825450155797,77.20935637186787,2025-02-14 06:52:41,6,14,4,2,0
U001,28.61275793343272,77.2090705748289,2025-02-14 07:04:35,7,14,4,2,0
U001,28.61269032733856,77.21482934243859,2025-02-14 07:20:05,7,14,4,2,0
U001,28.614006313165763,77.20834945902037,2025-02-14 07:22:38,7,14,4,2,0
U001,28.61306528548452,77.2101992232482,2025-02-14 07:25:40,7,14,4,2,0
U001,28.61763677169009,77.20738429560934,2025-02-14 07:54:38,7,14,4,2,0
U001,28.6303215453112,77.22237761469111,2025-02-14 08:22:44,8,14,4,2,0
U001,28.63048212886878,77.21799543884164,2025-02-14 08:38:45,8,14,4,2,0
U001,28.62799820796321,77.21661617806208,2025-02-14 08:48:56,8,14,4,2,0
U001,28.63121954142953,77.21584518350207,2025-02-14 08:49:29,8,14,4,2,0
U001,28.629902155595683,77.21717414758186,2025-02-14 08:58:56,8,14,4,2,0
U001,28.631164374723625,77.21776344504552,2025-02-14 09:15:03,9,14,4,2,0
U001,28.626096616191703,77.21488968214005,2025-02-14 09:23:03,9,14,4,2,0
U001,28.628189659103523,77.22029668436316,2025-02-14 09:24:11,9,14,4,2,0
U001,28.631378450047503,77.21767519137214,2025-02-14 09:55:54,9,14,4,2,0
U001,28.626214635476195,77.22124186995836,2025-02-14 09:59:14,9,14,4,2,0
U001,28.62643702204962,77.2177639001688,2025-02-14 10:08:20,10,14,4,2,0
U001,28.6295912301161,77.22022538356165,2025-02-14 10:09:00,10,14,4,2,0
U001,28.628201969180363,77.21700764373323,2025-02-14 10:25:13,10,14,4,2,0
U001,28.6316129640934,77.21758041079978,2025-02-14 10:37:23,10,14,4,2,0
U001,28.63130944653036,77.21722763278977,2025-02-14 11:13:24,11,14,4,2,0
U001,28.630199567254024,77.21846253106652,2025-02-14 11:36:23,11,14,4,2,0
U001,28.627992186649397,77.21849928558242,2025-02-14 11:45:05,11,14,4,2,0
U001,28.63141506360128,77.21902206537476,2025-02-14 11:57:44,11,14,4,2,0
U001,28.63036991445647,77.2168533810138,2025-02-14 12:09:36,12,14,4,2,0
U001,28.63134601537809,77.21625346626132,2025-02-14 12:19:32,12,14,4,2,0
U001,28.62987558606129,77.21853259303086,2025-02-14 12:37:38,12,14,4,2,0
U001,28.632967909683888,77.22075391551687,2025-02-14 12:37:52,12,14,4,2,0
U001,28.629798090747496,77.21786684267376,2025-02-14 12:39:57,12,14,4,2,0
U001,28.63284348100528,77.21800555873605,2025-02-14 13:17:49,13,14,4,2,0
U001,28.635541408588203,77.2119323632982,2025-02-14 13:35:21,13,14,4,2,0
U001,28.63166496233782,77.21700181646554,2025-02-14 13:41:41,13,14,4,2,0
U001,28.6315742883426,77.22172909073741,2025-02-14 13:47:37,13,14,4,2,0
U001,28.631622429584333,77.21741658556228,2025-02-14 13:51:03,13,14,4,2,0
U001,28.631752493543623,77.2205193273431,2025-02-14 14:00:54,14,14,4,2,0
U001,28.63202471122513,77.21666382318953,2025-02-14 14:04:03,14,14,4,2,0
U001,28.631197016303947,77.21726646141346,2025-02-14 14:23:23,14,14,4,2,0
U001,28.629785735560063,77.22076819622251,2025-02-14 14:35:49,14,14,4,2,0
U001,28.635913135343237,77.2199682154854,2025-02-14 14:36:06,14,14,4,2,0
U001,28.63100771952877,77.21775062764955,2025-02-14 15:16:26,15,14,4,2,0
U001,28.632463982450872,77.21611992393947,2025-02-14 15:25:21,15,14,4,2,0
U001,28.637253333820745,77.21695622315985,2025-02-14 15:39:44,15,14,4,2,0
U001,28.628685326923407,77.21726575645162,2025-02-14 16:11:43,16,14,4,2,0
U001,28.62817885471514,77.21850918910644,2025-02-14 16:14:58,16,14,4,2,0
U001,28.631329841696,77.21954016949137,2025-02-14 16:15:04,16,14,4,2,0
U001,28.632488705598348,77.21811757310016,2025-02-14 16:29:05,16,14,4,2,0
U001,28.630087018319625,77.21918050987237,2025-02-14 16:39:33,16,14,4,2,0
U001,28.63194733012513,77.21636658378173,2025-02-14 17:15:02,17,14,4,2,0
U001,28.631360757033388,77.21398307013683,2025-02-14 17:43:27,17,14,4,2,0
U001,28.63013046947041,77.21622547191183,2025-02-14 17:43:36,17,14,4,2,0
U001,28.62863481988457,77.21912100704746,2025-02-14 18:44:35,18,14,4,2,0
U001,28.63083853007612,77.21829295837466,2025-02-14 18:46:09,18,14,4,2,0
U001,28.630264571657715,77.21523478317894,2025-02-14 18:46:21,18,14,4,2,0
U001,28.63127022856717,77.21806154492121,2025-02-14 18:51:28,18,14,4,2,0
U001,28.61175360651112,77.23329991989362,2025-02-14 19:06:30,19,14,4,2,0
U001,28.612868416716253,77.2326229974926,2025-02-14 19:09:18,19,14,4,2,0
U001,28.60802005248305,77.22961691444755,2025-02-14 19:23:06,19,14,4,2,0
U001,28.610159986711597,77.22923008712942,2025-02-14 19:24:09,19,14,4,2,0
U001,28.61174221804497,77.23050411657832,2025-02-14 19:46:31,19,14,4,2,0
U001,28.60993141085415,77.23015628183012,2025-02-14 20:05:30,20,14,4,2,0
U001,28.610848370502268,77.23009705195022,2025-02-14 20:06:13,20,14,4,2,0
U001,28.608212074834032,77.22579186062028,2025-02-14 20:16:21,20,14,4,2,0
U001,28.61089957181943,77.23112587118975,2025-02-14 20:28:33,20,14,4,2,0
U001,28.61059118636626,77.23063348007919,2025-02-14 20:32:17,20,14,4,2,0
U001,28.6113355293757,77.20572653328608,2025-02-14 21:04:56,21,14,4,2,0
U001,28.61107586859815,77.20990127474089,2025-02-14 21:10:25,21,14,4,2,0
U001,28.614972589087348,77.20744926954839,2025-02-14 21:19:18,21,14,4,2,0
U001,28.614756088295177,77.21156766394607,2025-02-14 21:50:56,21,14,4,2,0
U001,28.6151642592002,77.20799765544551,2025-02-14 21:57:38,21,14,4,2,0
U001,28.616666492292907,77.21097355211782,2025-02-14 22:21:23,22,14,4,2,0
U001,28.61407644449209,77.21172613449941,2025-02-14 22:37:45,22,14,4,2,0
U001,28.61774107314947,77.21124218719153,2025-02-14 22:45:17,22,14,4,2,0
U001,28.613773123767444,77.20981929874014,2025-02-14 23:02:13,23,14,4,2,0
U001,28.616076476650864,77.21000806532294,2025-02-14 23:24:02,23,14,4,2,0
U001,28.61288560424396,77.20896114312083,2025-02-14 23:42:29,23,14,4,2,0
U001,28.61406199404568,77.20973751674704,2025-02-14 23:48:35,23,14,4,2,0
U001,28.615951678007477,77.20741773210817,2025-02-14 23:55:01,23,14,4,2,0
U001,28.61524170986165,77.20988469033429,2025-02-15 00:17:56,0,15,5,2,1
U001,28.612420007521003,77.20915399322767,2025-02-15 00:49:56,0,15,5,2,1
U001,28.613058141947025,77.20756981702557,2025-02-15 00:55:25,0,15,5,2,1
U001,28.615512696896435,77.20964663725412,2025-02-15 01:01:49,1,15,5,2,1
U001,28.61311018730497,77.20476180225839,2025-02-15 01:02:09,1,15,5,2,1
U001,28.6123149176155,77.20795685512203,2025-02-15 01:27:22,1,15,5,2,1
U001,28.61628329600832,77.21035834003924,2025-02-15 01:27:52,1,15,5,2,1
U001,28.61368506860792,77.20750131540731,2025-02-15 01:49:18,1,15,5,2,1
U001,28.61506954839753,77.20948186415393,2025-02-15 02:08:34,2,15,5,2,1
U001,28.613463625643664,77.20653156279516,2025-02-15 02:20:33,2,15,5,2,1
U001,28.618217757834437,77.20964951921611,2025-02-15 02:21:09,2,15,5,2,1
U001,28.612625235500555,77.20586553079342,2025-02-15 02:41:51,2,15,5,2,1
U001,28.61291062855776,77.20844529120689,2025-02-15 02:53:47,2,15,5,2,1
U001,28.615141046626945,77.20953520047395,2025-02-15 03:07:33,3,15,5,2,1
U001,28.61163305436169,77.20791819281533,2025-02-15 03:42:10,3,15,5,2,1
U001,28.61366892892637,77.20823323923153,2025-02-15 03:48:27,3,15,5,2,1
U001,28.616161869086397,77.21063952093698,2025-02-15 04:18:32,4,15,5,2,1
U001,28.61740241899531,77.20643725864427,2025-02-15 04:29:33,4,15,5,2,1
U001,28.613964773656456,77.20742511010513,2025-02-15 04:41:15,4,15,5,2,1
U001,28.61664950611041,77.20847413624105,2025-02-15 05:08:08,5,15,5,2,1
U001,28.61621561807958,77.20934041518137,2025-02-15 05:14:19,5,15,5,2,1
U001,28.611984236869965,77.20702058670864,2025-02-15 05:21:09,5,15,5,2,1
U001,28.61207606182684,77.20906307382177,2025-02-15 05:52:05,5,15,5,2,1
U001,28.61772051089604,77.2121393837329,2025-02-15 06:20:33,6,15,5,2,1
U001,28.6139125329642,77.21111117984962,2025-02-15 06:20:37,6,15,5,2,1
U001,28.61047025072705,77.20847903118458,2025-02-15 06:27:50,6,15,5,2,1
U001,28.61167097158754,77.20946953058099,2025-02-15 06:46:08,6,15,5,2,1
U001,28.61275419805209,77.20852827786953,2025-02-15 06:51:06,6,15,5,2,1
U001,28.61512605578155,77.20965893713823,2025-02-15 07:08:12,7,15,5,2,1
U001,28.613117240651924,77.20839332110249,2025-02-15 07:46:43,7,15,5,2,1
U001,28.614731480970104,77.2120562273986,2025-02-15 07:47:14,7,15,5,2,1
U001,28.610309468502724,77.20857517998819,2025-02-15 08:21:20,8,15,5,2,1
U001,28.61459850306716,77.21212233807344,2025-02-15 08:49:47,8,15,5,2,1
U001,28.614009162780224,77.2083227884628,2025-02-15 08:58:45,8,15,5,2,1
U001,28.62878568395484,77.19017960879204,2025-02-15 09:04:04,9,15,5,2,1
U001,28.62737957417936,77.19629388373095,2025-02-15 09:26:15,9,15,5,2,1
U001,28.623935509654046,77.19544628838011,2025-02-15 09:54:11,9,15,5,2,1
U001,28.627717815660358,77.19262481725737,2025-02-15 09:58:47,9,15,5,2,1
U001,28.622514952762515,77.19658499917799,2025-02-15 10:00:16,10,15,5,2,1
U001,28.624935902022365,77.19735604364816,2025-02-15 10:07:25,10,15,5,2,1
U001,28.62571659736279,77.19560195186901,2025-02-15 10:39:18,10,15,5,2,1
U001,28.623246655315317,77.19692493934481,2025-02-15 10:44:27,10,15,5,2,1
U001,28.62280560725084,77.19222628883671,2025-02-15 10:46:24,10,15,5,2,1
U001,28.627441099654853,77.19457477077115,2025-02-15 11:15:13,11,15,5,2,1
U001,28.6231580878178,77.1929074645737,2025-02-15 11:20:31,11,15,5,2,1
U001,28.626626968587853,77.19420552737493,2025-02-15 11:22:30,11,15,5,2,1
U001,28.62561359608206,77.1956939322174,2025-02-15 11:28:53,11,15,5,2,1
U001,28.598732965218023,77.20356085282037,2025-02-15 12:36:24,12,15,5,2,1
U001,28.6051207165248,77.20573119474098,2025-02-15 12:36:30,12,15,5,2,1
U001,28.60108693886073,77.20792776188287,2025-02-15 12:48:15,12,15,5,2,1
U001,28.60122323907355,77.20424246236465,2025-02-15 13:11:29,13,15,5,2,1
U001,28.60056751373761,77.20573282828485,2025-02-15 13:16:36,13,15,5,2,1
U001,28.599763566352262,77.20770351521314,2025-02-15 13:20:25,13,15,5,2,1
U001,28.59912202555569,77.2084257707161,2025-02-15 13:32:42,13,15,5,2,1
U001,28.597743815520182,77.20051306540674,2025-02-15 13:55:26,13,15,5,2,1
U001,28.59926465933229,77.20482186156997,2025-02-15 14:06:09,14,15,5,2,1
U001,28.600318867324,77.20239693279926,2025-02-15 14:40:23,14,15,5,2,1
U001,28.59977386210365,77.20657382281995,2025-02-15 14:55:05,14,15,5,2,1
U001,28.598945653256425,77.20384150895369,2025-02-15 15:03:58,15,15,5,2,1
U001,28.60368633019092,77.20558829378881,2025-02-15 15:17:11,15,15,5,2,1
U001,28.602123100994405,77.20210268869297,2025-02-15 15:22:32,15,15,5,2,1
U001,28.598638066082135,77.20597700788257,2025-02-15 15:32:48,15,15,5,2,1
U001,28.638107483888504,77.22566749109833,2025-02-15 16:18:34,16,15,5,2,1
U001,28.64168579098572,77.22918515251561,2025-02-15 16:20:39,16,15,5,2,1
U001,28.64048376230045,77.22523169750724,2025-02-15 16:25:11,16,15,5,2,1
U001,28.63947234152059,77.22573569650767,2025-02-15 16:50:29,16,15,5,2,1
U001,28.6332369008573,77.22481972343729,2025-02-15 17:01:33,17,15,5,2,1
U001,28.6427816261152,77.22272285850055,2025-02-15 17:06:28,17,15,5,2,1
U001,28.642938145040063,77.22573100149572,2025-02-15 17:16:30,17,15,5,2,1
U001,28.64029191227175,77.22699905991145,2025-02-15 17:28:24,17,15,5,2,1
U001,28.639141148365564,77.22933674290184,2025-02-15 18:22:31,18,15,5,2,1
U001,28.641181936638173,77.22447074289155,2025-02-15 18:27:00,18,15,5,2,1
U001,28.63962464547646,77.22419905037296,2025-02-15 18:52:47,18,15,5,2,1
U001,28.643069383548017,77.22644162141577,2025-02-15 19:34:53,19,15,5,2,1
U001,28.6437345986426,77.22453153328628,2025-02-15 19:35:19,19,15,5,2,1
U001,28.63884762392452,77.22531951278357,2025-02-15 19:42:42,19,15,5,2,1
U001,28.609317756370928,77.2087635808184,2025-02-15 20:18:28,20,15,5,2,1
U001,28.61348254782003,77.20930428089152,2025-02-15 20:18:43,20,15,5,2,1
U001,28.60988486339881,77.20839039760509,2025-02-15 20:30:48,20,15,5,2,1
U001,28.616474107940192,77.21042226372761,2025-02-15 20:45:16,20,15,5,2,1
U001,28.616078022793165,77.21039830894826,2025-02-15 20:45:38,20,15,5,2,1
U001,28.61700932210747,77.2099386632581,2025-02-15 21:07:53,21,15,5,2,1
U001,28.614701340327485,77.21112805924471,2025-02-15 21:17:17,21,15,5,2,1
U001,28.614692200234572,77.21003669842783,2025-02-15 21:45:03,21,15,5,2,1
U001,28.618216122849443,77.21032503265192,2025-02-15 22:14:54,22,15,5,2,1
U001,28.6139140783368,77.21055376682268,2025-02-15 22:43:03,22,15,5,2,1
U001,28.61535891924558,77.21109150176457,2025-02-15 22:49:38,22,15,5,2,1
U001,28.615824147905283,77.21329692762164,2025-02-15 23:30:09,23,15,5,2,1
U001,28.61779120361115,77.20876470721288,2025-02-15 23:31:24,23,15,5,2,1
U001,28.6124654862486,77.20895345567877,2025-02-15 23:36:36,23,15,5,2,1
U001,28.61434710886945,77.21253527592238,2025-02-16 00:00:33,0,16,6,2,1
U001,28.616679307097463,77.20849754548938,2025-02-16 00:36:53,0,16,6,2,1
U001,28.61281109578478,77.2108594197055,2025-02-16 00:57:44,0,16,6,2,1
U001,28.61509513061045,77.2076274238874,2025-02-16 00:59:37,0,16,6,2,1
U001,28.60956974181307,77.20680993393226,2025-02-16 01:02:19,1,16,6,2,1
U001,28.615573525008376,77.20757231899843,2025-02-16 01:13:58,1,16,6,2,1
U001,28.613986190598265,77.20812386213713,2025-02-16 01:59:36,1,16,6,2,1
U001,28.61229792084958,77.20981711737905,2025-02-16 02:15:04,2,16,6,2,1
U001,28.613590601617343,77.20813011602495,2025-02-16 02:36:21,2,16,6,2,1
U001,28.61239346813256,77.20944981176473,2025-02-16 02:48:39,2,16,6,2,1
U001,28.61341939030044,77.20579788940293,2025-02-16 03:00:11,3,16,6,2,1
U001,28.61458579986133,77.2094907594814,2025-02-16 03:24:20,3,16,6,2,1
U001,28.61227625924197,77.2110515307996,2025-02-16 03:42:06,3,16,6,2,1
U001,28.616287625901005,77.20688613331707,2025-02-16 03:58:30,3,16,6,2,1
U001,28.61393226691678,77.20833376087792,2025-02-16 04:02:41,4,16,6,2,1
U001,28.610675895481705,77.2106695302738,2025-02-16 04:18:10,4,16,6,2,1
U001,28.61334495889942,77.20663636748732,2025-02-16 04:41:23,4,16,6,2,1
U001,28.613308271486435,77.20881246533459,2025-02-16 05:04:21,5,16,6,2,1
U001,28.609868726651303,77.20775442855435,2025-02-16 05:11:10,5,16,6,2,1
U001,28.61553352635613,77.20724535776104,2025-02-16 05:23:01,5,16,6,2,1
U001,28.612411079008236,77.20817623288796,2025-02-16 05:47:29,5,16,6,2,1
U001,28.615166740207297,77.20290017190754,2025-02-16 05:48:42,5,16,6,2,1
U001,28.612422358354,77.21064929470776,2025-02-16 06:00:29,6,16,6,2,1
U001,28.61329764163425,77.20795101693595,2025-02-16 06:13:04,6,16,6,2,1
U001,28.61291070039477,77.20687471404408,2025-02-16 06:42:05,6,16,6,2,1
U001,28.614450542681343,77.20851757288291,2025-02-16 07:33:51,7,16,6,2,1
U001,28.613910834702388,77.20843283698952,2025-02-16 07:56:23,7,16,6,2,1
U001,28.6157236601607,77.20747679302976,2025-02-16 07:57:31,7,16,6,2,1
U001,28.62537415592853,77.19424799372031,2025-02-16 08:30:28,8,16,6,2,1
U001,28.623576539170955,77.19546225246236,2025-02-16 08:38:21,8,16,6,2,1
U001,28.62507733827172,77.19288107227696,2025-02-16 08:54:04,8,16,6,2,1
U001,28.62430530496628,77.19306339674812,2025-02-16 08:58:16,8,16,6,2,1
U001,28.62572266373689,77.19155672055298,2025-02-16 08:59:01,8,16,6,2,1
U001,28.624132152217644,77.19667828527514,2025-02-16 09:13:29,9,16,6,2,1
U001,28.624351679375945,77.19984673621558,2025-02-16 09:16:42,9,16,6,2,1
U001,28.62635374100848,77.19676172194463,2025-02-16 09:27:24,9,16,6,2,1
U001,28.62621945815402,77.19649912336224,2025-02-16 09:53:14,9,16,6,2,1
U001,28.624223687102624,77.19416705081002,2025-02-16 09:56:26,9,16,6,2,1
U001,28.625897971399446,77.19248722454398,2025-02-16 10:05:06,10,16,6,2,1
U001,28.623330816447044,77.19541859268553,2025-02-16 10:45:49,10,16,6,2,1
U001,28.62400072868997,77.19480520805223,2025-02-16 10:59:13,10,16,6,2,1
U001,28.598030558518214,77.20698489365711,2025-02-16 11:00:25,11,16,6,2,1
U001,28.60127353060325,77.20401079089359,2025-02-16 11:13:41,11,16,6,2,1
U001,28.597578718413637,77.20748512691839,2025-02-16 11:26:18,11,16,6,2,1
U001,28.59907412125263,77.20856181555439,2025-02-16 11:45:50,11,16,6,2,1
U001,28.59878207091475,77.20580418531893,2025-02-16 12:07:31,12,16,6,2,1
U001,28.59981932708673,77.20237880764337,2025-02-16 12:19:28,12,16,6,2,1
U001,28.598005784480925,77.20467593011936,2025-02-16 12:21:54,12,16,6,2,1
U001,28.600820670747883,77.2034284513429,2025-02-16 13:16:37,13,16,6,2,1
U001,28.599831201254656,77.20676449938279,2025-02-16 13:25:00,13,16,6,2,1
U001,28.60150874420491,77.20755867138793,2025-02-16 13:31:01,13,16,6,2,1
U001,28.601024694151757,77.20268179684766,2025-02-16 13:32:56,13,16,6,2,1
U001,28.59873983942629,77.20471464492348,2025-02-16 13:52:54,13,16,6,2,1
U001,28.59712519095211,77.20572955070406,2025-02-16 14:17:58,14,16,6,2,1
U001,28.598240946856112,77.20507791823012,2025-02-16 14:31:50,14,16,6,2,1
U001,28.60083272934148,77.205232749615,2025-02-16 14:32:03,14,16,6,2,1
U001,28.599886609987184,77.20266875711117,2025-02-16 14:43:09,14,16,6,2,1
U001,28.59534109552965,77.20820995532253,2025-02-16 14:48:20,14,16,6,2,1
U001,28.639071492701664,77.22396256543665,2025-02-16 15:32:53,15,16,6,2,1
U001,28.63421023695573,77.22295889675193,2025-02-16 15:45:38,15,16,6,2,1
U001,28.64103516146529,77.22765626201553,2025-02-16 15:48:27,15,16,6,2,1
U001,28.643891240184825,77.22645758792898,2025-02-16 16:02:49,16,16,6,2,1
U001,28.64060080076765,77.22520927237922,2025-02-16 16:08:36,16,16,6,2,1
U001,28.638017998390275,77.22417186455242,2025-02-16 16:49:34,16,16,6,2,1
U001,28.63753058134693,77.22602817216392,2025-02-16 16:49:51,16,16,6,2,1
U001,28.63969293005888,77.22370162429594,2025-02-16 17:11:34,17,16,6,2,1
U001,28.641103423575014,77.22649648112407,2025-02-16 17:31:04,17,16,6,2,1
U001,28.641319768809428,77.22348176868353,2025-02-16 17:43:46,17,16,6,2,1
U001,28.64471333491733,77.22368285202704,2025-02-16 18:00:52,18,16,6,2,1
U001,28.637446855077645,77.22127456861773,2025-02-16 18:09:29,18,16,6,2,1
U001,28.64227098900196,77.22657784217185,2025-02-16 18:56:27,18,16,6,2,1
U001,28.611248108299304,77.21027861709904,2025-02-16 19:06:41,19,16,6,2,1
U001,28.61355533970417,77.20975410788421,2025-02-16 19:42:16,19,16,6,2,1
U001,28.61449045687088,77.20892927317811,2025-02-16 19:46:02,19,16,6,2,1
U001,28.615116441866903,77.21111431985061,2025-02-16 19:48:15,19,16,6,2,1
U001,28.61310188841269,77.21178573744528,2025-02-16 20:06:03,20,16,6,2,1
U001,28.616540305584135,77.20973654019656,2025-02-16 20:07:53,20,16,6,2,1
U001,28.61561319035528,77.20734714193563,2025-02-16 20:13:22,20,16,6,2,1
U001,28.612565340594923,77.20946767260506,2025-02-16 20:30:34,20,16,6,2,1
U001,28.61429928078523,77.2033660453536,2025-02-16 20:31:03,20,16,6,2,1
U001,28.611530743129453,77.20967252159382,2025-02-16 21:13:46,21,16,6,2,1
U001,28.6157119334456,77.20929156321625,2025-02-16 21:20:18,21,16,6,2,1
U001,28.611649769428038,77.20747957641773,2025-02-16 21:35:58,21,16,6,2,1
U001,28.61357507905111,77.21056075570502,2025-02-16 21:51:49,21,16,6,2,1
U001,28.613840318154487,77.20816090458977,2025-02-16 21:59:19,21,16,6,2,1
U001,28.61160301406562,77.21207882141319,2025-02-16 22:02:35,22,16,6,2,1
U001,28.614983749757524,77.20977101403024,2025-02-16 22:40:11,22,16,6,2,1
U001,28.610412496735773,77.20981345513039,2025-02-16 22:58:25,22,16,6,2,1
U001,28.615620617887775,77.20813338768615,2025-02-16 23:07:17,23,16,6,2,1
U001,28.614497345549797,77.21116524427146,2025-02-16 23:34:07,23,16,6,2,1
U001,28.61399868113912,77.20245182576956,2025-02-16 23:35:56,23,16,6,2,1
U001,28.612934275673645,77.20960840803112,2025-02-17 00:12:10,0,17,0,2,0
U001,28.612720744699597,77.20890064653861,2025-02-17 00:20:35,0,17,0,2,0
U001,28.614222520451055,77.20731387392907,2025-02-17 00:23:04,0,17,0,2,0
U001,28.612651469593107,77.20929155010843,2025-02-17 00:40:34,0,17,0,2,0
U001,28.61279601579432,77.20930846394069,2025-02-17 00:46:28,0,17,0,2,0
U001,28.61327485056108,77.20986647326812,2025-02-17 01:00:11,1,17,0,2,0
U001,28.61132445792765,77.20839721435789,2025-02-17 01:43:08,1,17,0,2,0
U001,28.61575641294175,77.206993279146,2025-02-17 01:48:32,1,17,0,2,0
U001,28.61369589932939,77.21172689852767,2025-02-17 02:08:45,2,17,0,2,0
U001,28.61389985516708,77.20991488673607,2025-02-17 02:25:28,2,17,0,2,0
U001,28.61487538086402,77.20428884429128,2025-02-17 02:28:51,2,17,0,2,0
U001,28.61256948286736,77.20887667878526,2025-02-17 02:34:57,2,17,0,2,0
U001,28.611691253113893,77.21229618345903,2025-02-17 03:26:37,3,17,0,2,0
U001,28.61332758776716,77.20757125597864,2025-02-17 03:36:57,3,17,0,2,0
U001,28.61071894904284,77.20944087143458,2025-02-17 03:37:45,3,17,0,2,0
U001,28.61568560673482,77.20938310323733,2025-02-17 03:42:26,3,17,0,2,0
U001,28.614598197454765,77.21119290596535,2025-02-17 03:46:40,3,17,0,2,0
U001,28.61228671926872,77.21100625303525,2025-02-17 04:05:22,4,17,0,2,0
U001,28.6117343380454,77.20880454034058,2025-02-17 04:10:21,4,17,0,2,0
U001,28.616010580847373,77.20689702144075,2025-02-17 04:18:00,4,17,0,2,0
U001,28.613957296959683,77.21152762048627,2025-02-17 04:39:02,4,17,0,2,0
U001,28.614344416055484,77.21077234911222,2025-02-17 04:39:52,4,17,0,2,0
U001,28.612482049130644,77.20778890359907,2025-02-17 05:20:34,5,17,0,2,0
U001,28.612076236287702,77.20732305954235,2025-02-17 05:25:34,5,17,0,2,0
U001,28.616756409807728,77.21168878027324,2025-02-17 05:28:00,5,17,0,2,0
U001,28.61308764844264,77.20734761453704,2025-02-17 05:32:42,5,17,0,2,0
U001,28.61529192162739,77.20847647945592,2025-02-17 05:54:24,5,17,0,2,0
U001,28.615211404650207,77.21034307963454,2025-02-17 06:19:53,6,17,0,2,0
U001,28.615355032623903,77.21163308722481,2025-02-17 06:20:52,6,17,0,2,0
U001,28.60959188750699,77.20938484397476,2025-02-17 06:45:41,6,17,0,2,0
U001,28.616294980188933,77.21151575734778,2025-02-17 06:56:17,6,17,0,2,0
U001,28.614157407617057,77.20693409690067,2025-02-17 06:59:49,6,17,0,2,0
U001,28.615134351837188,77.20391823825261,2025-02-17 07:19:13,7,17,0,2,0
U001,28.61599636767165,77.21139364840417,2025-02-17 07:28:32,7,17,0,2,0
U001,28.610849446798323,77.21098279577197,2025-02-17 07:55:22,7,17,0,2,0
U001,28.618730284857666,77.21655208917174,2025-02-17 08:03:25,8,17,0,2,0
U001,28.623271516617915,77.21398216131116,2025-02-17 08:03:31,8,17,0,2,0
U001,28.62106165642422,77.21397945192507,2025-02-17 08:03:43,8,17,0,2,0
U001,28.618306991803465,77.2123594537443,2025-02-17 08:28:04,8,17,0,2,0
U001,28.62339992385153,77.211495073769,2025-02-17 08:32:49,8,17,0,2,0
U001,28.62898061625713,77.21596833626465,2025-02-17 09:09:37,9,17,0,2,0
U001,28.629290017446607,77.21633238801262,2025-02-17 09:21:39,9,17,0,2,0
U001,28.631114715450792,77.21525948080367,2025-02-17 09:37:15,9,17,0,2,0
U001,28.630580255098263,77.2182836628126,2025-02-17 09:46:07,9,17,0,2,0
U001,28.63224458825269,77.21730905007075,2025-02-17 09:50:18,9,17,0,2,0
U001,28.629472440431325,77.2168000699145,2025-02-17 10:31:25,10,17,0,2,0
U001,28.63107204182492,77.22085053432457,2025-02-17 10:44:23,10,17,0,2,0
U001,28.629444855443825,77.21905086117614,2025-02-17 10:50:30,10,17,0,2,0
U001,28.63214115877872,77.21754866713354,2025-02-17 10:52:05,10,17,0,2,0
U001,28.62814735395104,77.2200080727752,2025-02-17 10:56:21,10,17,0,2,0
U001,28.63229327972746,77.21834642021237,2025-02-17 11:18:46,11,17,0,2,0
U001,28.62869846331296,77.21826275342231,2025-02-17 11:32:46,11,17,0,2,0
U001,28.62959219359453,77.2197807128085,2025-02-17 11:42:37,11,17,0,2,0
U001,28.630482017577485,77.21564760269875,2025-02-17 12:15:04,12,17,0,2,0
U001,28.62924166879328,77.21865096210627,2025-02-17 12:28:10,12,17,0,2,0
U001,28.63009851087584,77.22009604904926,2025-02-17 12:50:57,12,17,0,2,0
U001,28.63196286003818,77.21666765949487,2025-02-17 13:20:51,13,17,0,2,0
U001,28.63198119592783,77.21291671994993,2025-02-17 13:39:35,13,17,0,2,0
U001,28.626615720196817,77.22209512765791,2025-02-17 13:40:08,13,17,0,2,0
U001,28.628774616466487,77.21649386554117,2025-02-17 13:45:37,13,17,0,2,0
U001,28.63244962417239,77.22042635334792,2025-02-17 13:52:23,13,17,0,2,0
U001,28.63106985983573,77.21820592982294,2025-02-17 14:31:08,14,17,0,2,0
U001,28.63033607777604,77.21734747042679,2025-02-17 14:44:08,14,17,0,2,0
U001,28.626804979586087,77.2216704573136,2025-02-17 14:47:30,14,17,0,2,0
U001,28.629260700766324,77.21825345329819,2025-02-17 14:57:20,14,17,0,2,0
U001,28.62786741943236,77.21633155913176,2025-02-17 15:28:34,15,17,0,2,0
U001,28.630122729531227,77.21534025707098,2025-02-17 15:36:06,15,17,0,2,0
U001,28.62833561653136,77.21360486734166,2025-02-17 15:45:41,15,17,0,2,0
U001,28.628256710471284,77.21944653879994,2025-02-17 15:48:01,15,17,0,2,0
U001,28.632022928498564,77.21827045930236,2025-02-17 16:01:25,16,17,0,2,0
U001,28.633256332279437,77.21241132919981,2025-02-17 16:24:03,16,17,0,2,0
U001,28.626460272453947,77.21496194454656,2025-02-17 16:42:33,16,17,0,2,0
U001,28.629172558442875,77.21665477978728,2025-02-17 16:53:56,16,17,0,2,0
U001,28.635228642240616,77.215415366764,2025-02-17 16:57:55,16,17,0,2,0
U001,28.629625399590655,77.21684507400282,2025-02-17 17:00:56,17,17,0,2,0
U001,28.62954911026248,77.21747820859784,2025-02-17 17:34:11,17,17,0,2,0
U001,28.6301687296684,77.21624689938552,2025-02-17 17:38:54,17,17,0,2,0
U001,28.63252731092208,77.216528654728,2025-02-17 17:52:38,17,17,0,2,0
U001,28.63390456938684,77.2177567867012,2025-02-17 18:00:08,18,17,0,2,0
U001,28.628940706058223,77.21976454194503,2025-02-17 18:02:37,18,17,0,2,0
U001,28.630075028735465,77.21875927358533,2025-02-17 18:04:34,18,17,0,2,0
U001,28.633348263459425,77.21682776555434,2025-02-17 18:34:00,18,17,0,2,0
U001,28.62238442427822,77.2136286538636,2025-02-17 19:22:28,19,17,0,2,0
U001,28.622610709263448,77.21277996690995,2025-02-17 19:48:50,19,17,0,2,0
U001,28.621718424777654,77.21365494373391,2025-02-17 19:50:16,19,17,0,2,0
U001,28.61143363383988,77.23141302579367,2025-02-17 20:43:41,20,17,0,2,0
U001,28.611902679918938,77.22855963835889,2025-02-17 20:52:29,20,17,0,2,0
U001,28.613596316065387,77.23185000872586,2025-02-17 20:58:14,20,17,0,2,0
U001,28.61126526269875,77.23184769522065,2025-02-17 21:08:46,21,17,0,2,0
U001,28.61060026060524,77.22998729538338,2025-02-17 21:12:56,21,17,0,2,0
U001,28.608201891990767,77.23237704293948,2025-02-17 21:41:14,21,17,0,2,0
U001,28.61230449976113,77.22844012774489,2025-02-17 21:45:29,21,17,0,2,0
U001,28.61473818509453,77.20697586090175,2025-02-17 22:13:04,22,17,0,2,0
U001,28.619384293113345,77.20961098980405,2025-02-17 22:24:55,22,17,0,2,0
U001,28.614139538597826,77.2097607794407,2025-02-17 22:59:19,22,17,0,2,0
U001,28.61103783761253,77.20884736366851,2025-02-17 23:15:30,23,17,0,2,0
U001,28.61612502456894,77.21087865745531,2025-02-17 23:17:25,23,17,0,2,0
U001,28.613468326750912,77.20657593088143,2025-02-17 23:30:11,23,17,0,2,0
U001,28.615385280463933,77.21140572534601,2025-02-17 23:40:02,23,17,0,2,0
U001,28.614510370230352,77.2107209840196,2025-02-17 23:44:47,23,17,0,2,0
U001,28.614558271037524,77.21059986006107,2025-02-18 00:03:22,0,18,1,2,0
U001,28.61651064617983,77.20958042641956,2025-02-18 00:13:05,0,18,1,2,0
U001,28.61255813640173,77.21486781296716,2025-02-18 00:26:44,0,18,1,2,0
U001,28.61503724116108,77.20569986232378,2025-02-18 00:35:02,0,18,1,2,0
U001,28.609637065886133,77.2072974045516,2025-02-18 00:49:51,0,18,1,2,0
U001,28.615048847760654,77.21043178321372,2025-02-18 01:02:58,1,18,1,2,0
U001,28.61206923163518,77.20952163013635,2025-02-18 01:18:11,1,18,1,2,0
U001,28.61404433696101,77.20537427612241,2025-02-18 01:53:04,1,18,1,2,0
U001,28.61520805333971,77.20982436043066,2025-02-18 02:01:05,2,18,1,2,0
U001,28.61490028785255,77.20749202153364,2025-02-18 02:03:54,2,18,1,2,0
U001,28.615956390387534,77.20904458783079,2025-02-18 02:14:50,2,18,1,2,0
U001,28.614123635458057,77.20915068346989,2025-02-18 02:36:51,2,18,1,2,0
U001,28.6149002473385,77.21014000588922,2025-02-18 03:28:21,3,18,1,2,0
U001,28.619647762978104,77.20780878395037,2025-02-18 03:29:35,3,18,1,2,0
U001,28.61080625572095,77.20788068740667,2025-02-18 03:40:02,3,18,1,2,0
U001,28.614725821447337,77.20908944217682,2025-02-18 03:51:03,3,18,1,2,0
U001,28.614212357061493,77.20893086250182,2025-02-18 04:29:07,4,18,1,2,0
U001,28.61431674709272,77.2093111046067,2025-02-18 04:31:34,4,18,1,2,0
U001,28.61725100970691,77.20748316295212,2025-02-18 04:34:37,4,18,1,2,0
U001,28.612766134381587,77.20934753618002,2025-02-18 04:54:01,4,18,1,2,0
U001,28.61570408559855,77.21209459528859,2025-02-18 05:10:30,5,18,1,2,0
U001,28.61571201229373,77.20740172908192,2025-02-18 05:56:08,5,18,1,2,0
U001,28.61368685875954,77.20879487916207,2025-02-18 05:59:49,5,18,1,2,0
U001,28.61447074054377,77.20769533622915,2025-02-18 06:05:17,6,18,1,2,0
U001,28.616051533169205,77.20986093019474,2025-02-18 06:15:29,6,18,1,2,0
U001,28.61660383135383,77.21125844392867,2025-02-18 06:25:04,6,18,1,2,0
U001,28.61650226868556,77.20762979669512,2025-02-18 06:44:57,6,18,1,2,0
U001,28.615838417286,77.21203425158194,2025-02-18 06:49:48,6,18,1,2,0
U001,28.61149523243305,77.21254740836322,2025-02-18 07:04:34,7,18,1,2,0
U001,28.61331043715511,77.20701980512722,2025-02-18 07:27:48,7,18,1,2,0
U001,28.61476902816261,77.20974576249134,2025-02-18 07:40:47,7,18,1,2,0
U001,28.6149643666352,77.2059127173273,2025-02-18 07:57:39,7,18,1,2,0
U001,28.61359209811986,77.20841590358583,2025-02-18 07:59:08,7,18,1,2,0
U001,28.62344908114185,77.2109782347762,2025-02-18 08:05:19,8,18,1,2,0
U001,28.61865139672887,77.21433131373756,2025-02-18 08:39:34,8,18,1,2,0
U001,28.62483605952433,77.2139612756232,2025-02-18 08:49:40,8,18,1,2,0
U001,28.63086050072495,77.21716740791827,2025-02-18 09:14:46,9,18,1,2,0
U001,28.631347651388197,77.21802380688858,2025-02-18 09:15:39,9,18,1,2,0
U001,28.62926742298221,77.21605565993154,2025-02-18 09:26:26,9,18,1,2,0
U001,28.630013620267945,77.21746391612065,2025-02-18 09:29:35,9,18,1,2,0
U001,28.63359130069388,77.21953469166802,2025-02-18 09:42:20,9,18,1,2,0
U001,28.632641457220817,77.22028482856349,2025-02-18 10:11:03,10,18,1,2,0
U001,28.631769020321887,77.21918291958866,2025-02-18 10:22:33,10,18,1,2,0
U001,28.632851891194186,77.22097283899251,2025-02-18 10:32:30,10,18,1,2,0
U001,28.630390580858933,77.21621885864684,2025-02-18 10:34:33,10,18,1,2,0
U001,28.631395413020098,77.21616410499507,2025-02-18 10:52:50,10,18,1,2,0
U001,28.630151446521243,77.214047921445,2025-02-18 11:00:16,11,18,1,2,0
U001,28.62881081389639,77.22228272392654,2025-02-18 11:03:08,11,18,1,2,0
U001,28.63607431290448,77.21997446375137,2025-02-18 11:06:45,11,18,1,2,0
U001,28.628375215334103,77.21871395157352,2025-02-18 11:13:26,11,18,1,2,0
U001,28.62849371141582,77.21698834102084,2025-02-18 12:08:03,12,18,1,2,0
U001,28.62954197897399,77.21646694637779,2025-02-18 12:21:02,12,18,1,2,0
U001,28.631856563921037,77.21653589070618,2025-02-18 12:35:07,12,18,1,2,0
U001,28.629809012952823,77.21520861931394,2025-02-18 12:53:11,12,18,1,2,0
U001,28.631348566535983,77.21774313884762,2025-02-18 12:59:51,12,18,1,2,0
U001,28.628825360505655,77.21965574165185,2025-02-18 13:28:24,13,18,1,2,0
U001,28.630809970301577,77.21848291771641,2025-02-18 13:33:28,13,18,1,2,0
U001,28.63231919384917,77.21871266124609,2025-02-18 13:33:54,13,18,1,2,0
U001,28.628010932275373,77.21980985819383,2025-02-18 13:51:12,13,18,1,2,0
U001,28.6316071864241,77.22056282422398,2025-02-18 13:55:29,13,18,1,2,0
U001,28.63026071220873,77.2159941665004,2025-02-18 14:19:05,14,18,1,2,0
U001,28.631954594035395,77.22146819225615,2025-02-18 14:22:16,14,18,1,2,0
U001,28.62914044760219,77.2181629536373,2025-02-18 14:30:57,14,18,1,2,0
U001,28.62985926476447,77.21902479460002,2025-02-18 14:35:55,14,18,1,2,0
U001,28.62628305304874,77.21949640484974,2025-02-18 14:58:41,14,18,1,2,0
U001,28.628702134759028,77.21777061720393,2025-02-18 15:15:13,15,18,1,2,0
U001,28.623316899064083,77.21631094545698,2025-02-18 15:42:17,15,18,1,2,0
U001,28.62325067921527,77.2154900584125,2025-02-18 15:49:36,15,18,1,2,0
U001,28.632663535584552,77.21779523544552,2025-02-18 16:01:24,16,18,1,2,0
U001,28.630580149311143,77.22149749662239,2025-02-18 16:22:06,16,18,1,2,0
U001,28.631670520546667,77.21785054484934,2025-02-18 16:32:17,16,18,1,2,0
U001,28.62990404176954,77.22029290344753,2025-02-18 16:39:39,16,18,1,2,0
U001,28.63153026660376,77.21888192036263,2025-02-18 16:53:26,16,18,1,2,0
U001,28.631807607739056,77.21628822596736,2025-02-18 17:09:56,17,18,1,2,0
U001,28.62804950334193,77.21715391450688,2025-02-18 17:18:27,17,18,1,2,0
U001,28.630103603530703,77.2166756244585,2025-02-18 17:24:49,17,18,1,2,0
U001,28.627506560113325,77.21532905447474,2025-02-18 17:36:29,17,18,1,2,0
U001,28.63242503189998,77.21827586900498,2025-02-18 17:54:40,17,18,1,2,0
U001,28.63083315585516,77.21814939022498,2025-02-18 18:05:41,18,18,1,2,0
U001,28.631683384386054,77.21947915719443,2025-02-18 18:29:39,18,18,1,2,0
U001,28.63054303177382,77.22025331357108,2025-02-18 18:51:11,18,18,1,2,0
U001,28.623452903757872,77.21659533295337,2025-02-18 19:14:28,19,18,1,2,0
U001,28.623742961298213,77.21016488086963,2025-02-18 19:23:06,19,18,1,2,0
U001,28.62189825110555,77.20952624176576,2025-02-18 19:36:30,19,18,1,2,0
U001,28.62234676166353,77.21123389497079,2025-02-18 19:50:15,19,18,1,2,0
U001,28.622028922031845,77.21005794587438,2025-02-18 19:54:44,19,18,1,2,0
U001,28.611442092164246,77.20976275537394,2025-02-18 20:17:43,20,18,1,2,0
U001,28.612167382489385,77.20866956328962,2025-02-18 20:28:56,20,18,1,2,0
U001,28.61489664896778,77.20896267898256,2025-02-18 20:47:56,20,18,1,2,0
U001,28.61208552930598,77.20684752882526,2025-02-18 20:49:47,20,18,1,2,0
U001,28.615854422816053,77.20795937823954,2025-02-18 20:54:33,20,18,1,2,0
U001,28.60416643321929,77.2299272718867,2025-02-18 21:01:56,21,18,1,2,0
U001,28.61115979080462,77.2300529989664,2025-02-18 21:38:26,21,18,1,2,0
U001,28.61501063074565,77.23060350661433,2025-02-18 21:38:27,21,18,1,2,0
U001,28.610621166365732,77.23135078667923,2025-02-18 22:03:41,22,18,1,2,0
U001,28.609661779069167,77.22995474094152,2025-02-18 22:20:10,22,18,1,2,0
U001,28.61088911111438,77.23026345222215,2025-02-18 22:25:21,22,18,1,2,0
U001,28.61115139995291,77.22918657751396,2025-02-18 22:50:33,22,18,1,2,0
U001,28.61484737456162,77.20778597630326,2025-02-18 23:00:28,23,18,1,2,0
U001,28.611357420870384,77.2112574451876,2025-02-18 23:09:55,23,18,1,2,0
U001,28.61571245882143,77.20941211583495,2025-02-18 23:10:44,23,18,1,2,0
U001,28.61595211223524,77.20986810636762,2025-02-19 00:08:05,0,19,2,2,0
U001,28.61473511587246,77.20822859612825,2025-02-19 00:28:04,0,19,2,2,0
U001,28.61798228098349,77.21163124550456,2025-02-19 00:36:14,0,19,2,2,0
U001,28.613410975945968,77.20569418210798,2025-02-19 00:50:23,0,19,2,2,0
U001,28.613465239687635,77.20905802007567,2025-02-19 01:05:41,1,19,2,2,0
U001,28.615690777241355,77.206749215539,2025-02-19 01:26:45,1,19,2,2,0
U001,28.61943441673112,77.21128326799418,2025-02-19 01:37:09,1,19,2,2,0
U001,28.614223083713245,77.21059868409512,2025-02-19 01:43:22,1,19,2,2,0
U001,28.612298952931933,77.21156423186035,2025-02-19 02:03:27,2,19,2,2,0
U001,28.612528213124165,77.20678548625573,2025-02-19 02:11:15,2,19,2,2,0
U001,28.617606267472567,77.20927352235928,2025-02-19 02:49:19,2,19,2,2,0
U001,28.61764371990095,77.20906333159205,2025-02-19 02:56:25,2,19,2,2,0
U001,28.619382222895897,77.21019846080462,2025-02-19 03:01:31,3,19,2,2,0
U001,28.618370870010928,77.21043547381828,2025-02-19 03:05:50,3,19,2,2,0
U001,28.61084318027429,77.20867808382826,2025-02-19 03:13:37,3,19,2,2,0
U001,28.61390376217469,77.20785380147815,2025-02-19 03:17:11,3,19,2,2,0
U001,28.61262598480682,77.20687069200895,2025-02-19 03:44:19,3,19,2,2,0
U001,28.60961561498844,77.20658547010339,2025-02-19 04:03:32,4,19,2,2,0
U001,28.613891135228247,77.21239866439069,2025-02-19 04:16:17,4,19,2,2,0
U001,28.61369371453275,77.2084418897255,2025-02-19 04:47:50,4,19,2,2,0
U001,28.61366912593022,77.205907357056,2025-02-19 04:51:07,4,19,2,2,0
U001,28.611692225833934,77.21216653187612,2025-02-19 04:55:10,4,19,2,2,0
U001,28.61521394113847,77.20755235008902,2025-02-19 05:08:39,5,19,2,2,0
U001,28.615240484581246,77.20964471059526,2025-02-19 05:11:18,5,19,2,2,0
U001,28.614468457478758,77.21139130786683,2025-02-19 05:45:06,5,19,2,2,0
U001,28.61471774996297,77.20906723468119,2025-02-19 05:45:17,5,19,2,2,0
U001,28.61779669486111,77.20522756272375,2025-02-19 05:57:48,5,19,2,2,0
U001,28.61092055199853,77.20933937590665,2025-02-19 06:19:18,6,19,2,2,0
U001,28.6126152342798,77.20867421745008,2025-02-19 06:20:19,6,19,2,2,0
U001,28.61619721238959,77.21300091931164,2025-02-19 06:23:26,6,19,2,2,0
U001,28.61553012473877,77.20704903569991,2025-02-19 06:49:17,6,19,2,2,0
U001,28.61279021997562,77.2055815737759,2025-02-19 06:59:27,6,19,2,2,0
U001,28.615754755414898,77.20834373313343,2025-02-19 07:00:51,7,19,2,2,0
U001,28.61677437130661,77.2067449202092,2025-02-19 07:07:07,7,19,2,2,0
U001,28.615938011265523,77.20885065719524,2025-02-19 07:13:36,7,19,2,2,0
U001,28.613995330300988,77.21015798190584,2025-02-19 07:25:05,7,19,2,2,0
U001,28.613171904633308,77.21105773441263,2025-02-19 07:57:57,7,19,2,2,0
U001,28.631745168181503,77.21784025527492,2025-02-19 08:07:33,8,19,2,2,0
U001,28.629538517659785,77.21472737936021,2025-02-19 08:40:57,8,19,2,2,0
U001,28.629389979581383,77.21892909412993,2025-02-19 08:41:57,8,19,2,2,0
U001,28.628057397155036,77.21431149775219,2025-02-19 08:49:26,8,19,2,2,0
U001,28.633650723015943,77.21855734493451,2025-02-19 09:02:57,9,19,2,2,0
U001,28.6283624515104,77.2200625238385,2025-02-19 09:04:01,9,19,2,2,0
U001,28.63099775300319,77.21791109079697,2025-02-19 09:06:53,9,19,2,2,0
U001,28.62854386329323,77.21647424168647,2025-02-19 09:29:09,9,19,2,2,0
U001,28.630931722486075,77.21618290386165,2025-02-19 09:44:39,9,19,2,2,0
U001,28.62781871751666,77.21710557521013,2025-02-19 10:03:28,10,19,2,2,0
U001,28.63164792861953,77.21840720000985,2025-02-19 10:20:30,10,19,2,2,0
U001,28.631222902099665,77.21886791171201,2025-02-19 10:31:44,10,19,2,2,0
U001,28.632475405053924,77.214714155924,2025-02-19 10:38:26,10,19,2,2,0
U001,28.63074443641454,77.21654396413354,2025-02-19 10:42:01,10,19,2,2,0
U001,28.62945857489745,77.21352965044161,2025-02-19 11:02:08,11,19,2,2,0
U001,28.628346358422466,77.21942084578501,2025-02-19 11:13:46,11,19,2,2,0
U001,28.63016182287481,77.21147566919642,2025-02-19 11:41:21,11,19,2,2,0
U001,28.630634584933738,77.21813265704324,2025-02-19 11:47:35,11,19,2,2,0
U001,28.632607153921004,77.2190398566284,2025-02-19 11:49:27,11,19,2,2,0
U001,28.6268311638971,77.21679249086363,2025-02-19 12:16:24,12,19,2,2,0
U001,28.632412017039428,77.21759331911561,2025-02-19 12:16:51,12,19,2,2,0
U001,28.630349615466304,77.21768769764455,2025-02-19 12:19:39,12,19,2,2,0
U001,28.62966080190588,77.21636830159179,2025-02-19 12:51:44,12,19,2,2,0
U001,28.62977541030388,77.22116072219673,2025-02-19 12:52:21,12,19,2,2,0
U001,28.635075482961863,77.22188873515934,2025-02-19 13:20:06,13,19,2,2,0
U001,28.632650950657418,77.21697309068529,2025-02-19 13:43:04,13,19,2,2,0
U001,28.631179452126062,77.21867480022476,2025-02-19 13:50:35,13,19,2,2,0
U001,28.62979498832032,77.21663270309573,2025-02-19 13:56:37,13,19,2,2,0
U001,28.632007248891902,77.21367733706268,2025-02-19 14:00:29,14,19,2,2,0
U001,28.62878270347142,77.21833606536711,2025-02-19 14:40:25,14,19,2,2,0
U001,28.632105265558497,77.21850443258066,2025-02-19 14:40:42,14,19,2,2,0
U001,28.63282121098209,77.2200163258235,2025-02-19 14:58:06,14,19,2,2,0
U001,28.63236397568201,77.21978942313235,2025-02-19 15:02:13,15,19,2,2,0
U001,28.63025499586203,77.21674868584638,2025-02-19 15:29:44,15,19,2,2,0
U001,28.630593057115505,77.21682545727147,2025-02-19 15:42:03,15,19,2,2,0
U001,28.629975717224795,77.21847110264129,2025-02-19 15:57:58,15,19,2,2,0
U001,28.63275896003753,77.21783911435054,2025-02-19 15:59:09,15,19,2,2,0
U001,28.62730617801676,77.21868882456648,2025-02-19 16:03:09,16,19,2,2,0
U001,28.63182963639271,77.21631928346767,2025-02-19 16:04:16,16,19,2,2,0
U001,28.629991502674905,77.21579406165459,2025-02-19 16:40:37,16,19,2,2,0
U001,28.632647867276106,77.2200219253818,2025-02-19 16:50:15,16,19,2,2,0
U001,28.62920288890475,77.21827911168965,2025-02-19 17:12:22,17,19,2,2,0
U001,28.632471480304343,77.2180052269545,2025-02-19 17:24:02,17,19,2,2,0
U001,28.632076178961448,77.21771728762207,2025-02-19 17:34:20,17,19,2,2,0
U001,28.633885575821985,77.2153850073345,2025-02-19 17:54:44,17,19,2,2,0
U001,28.63153668363493,77.21955712367435,2025-02-19 17:59:50,17,19,2,2,0
U001,28.628544586691763,77.21669860597858,2025-02-19 18:00:49,18,19,2,2,0
U001,28.62805716673584,77.21624350904568,2025-02-19 18:03:32,18,19,2,2,0
U001,28.63475041079483,77.21726741112083,2025-02-19 18:15:39,18,19,2,2,0
U001,28.63672578813569,77.21801441896649,2025-02-19 18:49:10,18,19,2,2,0
U001,28.6130850455272,77.22782019396661,2025-02-19 19:05:44,19,19,2,2,0
U001,28.611405470744987,77.23059871112348,2025-02-19 19:20:45,19,19,2,2,0
U001,28.610192196299906,77.23002726197107,2025-02-19 19:23:03,19,19,2,2,0
U001,28.61311156682349,77.23308883750862,2025-02-19 19:41:49,19,19,2,2,0
U001,28.61050010835494,77.2348355651382,2025-02-19 19:55:54,19,19,2,2,0
U001,28.6068256662561,77.23350012156664,2025-02-19 20:18:15,20,19,2,2,0
U001,28.61071561778405,77.22806530491033,2025-02-19 20:23:35,20,19,2,2,0
U001,28.61031070871498,77.22951579899146,2025-02-19 20:32:13,20,19,2,2,0
U001,28.613042380282582,77.22830040717177,2025-02-19 20:40:43,20,19,2,2,0
U001,28.613205637394607,77.20781608187575,2025-02-19 21:36:23,21,19,2,2,0
U001,28.615303712927226,77.20489695754888,2025-02-19 21:42:38,21,19,2,2,0
U001,28.61126651009368,77.20962679886192,2025-02-19 21:49:40,21,19,2,2,0
U001,28.610512035740527,77.21388236181396,2025-02-19 22:08:56,22,19,2,2,0
U001,28.61729013603329,77.20589626898057,2025-02-19 22:17:09,22,19,2,2,0
U001,28.615614633068414,77.20662677979355,2025-02-19 22:38:40,22,19,2,2,0
U001,28.61622360012823,77.20859440397572,2025-02-19 22:47:37,22,19,2,2,0
U001,28.61609245279203,77.21106412195128,2025-02-19 23:08:36,23,19,2,2,0
U001,28.614884763023248,77.20852221765945,2025-02-19 23:12:23,23,19,2,2,0
U001,28.616500669217714,77.20884514927535,2025-02-19 23:30:45,23,19,2,2,0
U001,28.612668177745118,77.20736047507263,2025-02-19 23:40:48,23,19,2,2,0
U001,28.612047646612552,77.20989254127066,2025-02-19 23:43:42,23,19,2,2,0
U001,28.61376683312693,77.2115511403453,2025-02-20 00:08:18,0,20,3,2,0
U001,28.61266385625399,77.20930392548296,2025-02-20 00:11:42,0,20,3,2,0
U001,28.61764398942641,77.21059692816972,2025-02-20 00:36:44,0,20,3,2,0
U001,28.613321423425468,77.20890599646759,2025-02-20 00:49:47,0,20,3,2,0
U001,28.61515936975832,77.21157051700592,2025-02-20 00:52:03,0,20,3,2,0
U001,28.61346712300585,77.20750172275866,2025-02-20 01:06:08,1,20,3,2,0
U001,28.615056718960226,77.2097251485286,2025-02-20 01:47:09,1,20,3,2,0
U001,28.61028365294289,77.20905344926649,2025-02-20 01:56:35,1,20,3,2,0
U001,28.61525399617081,77.20946350130556,2025-02-20 02:04:31,2,20,3,2,0
U001,28.612911340749807,77.20761061784597,2025-02-20 02:11:10,2,20,3,2,0
U001,28.61391514382752,77.20678618986035,2025-02-20 02:15:11,2,20,3,2,0
U001,28.615616119665184,77.21013910621684,2025-02-20 02:40:19,2,20,3,2,0
U001,28.61300496544865,77.21078261629515,2025-02-20 03:04:23,3,20,3,2,0
U001,28.613835249463985,77.20674418213689,2025-02-20 03:23:21,3,20,3,2,0
U001,28.616222481072008,77.21046626974334,2025-02-20 03:49:41,3,20,3,2,0
U001,28.610249392348035,77.2103504177869,2025-02-20 03:59:38,3,20,3,2,0
U001,28.613589701192605,77.20663601341478,2025-02-20 04:02:30,4,20,3,2,0
U001,28.613377007116764,77.20558624341125,2025-02-20 04:06:12,4,20,3,2,0
U001,28.61343990017256,77.21266669533105,2025-02-20 04:31:55,4,20,3,2,0
U001,28.610568088870316,77.2090737725736,2025-02-20 04:51:01,4,20,3,2,0
U001,28.61473949827345,77.20779900004574,2025-02-20 05:13:06,5,20,3,2,0
U001,28.61599009787437,77.20832070910164,2025-02-20 05:26:31,5,20,3,2,0
U001,28.61388298656761,77.21158973271206,2025-02-20 05:36:26,5,20,3,2,0
U001,28.6131215397213,77.20513313492587,2025-02-20 05:46:45,5,20,3,2,0
U001,28.61316601364137,77.2121938287774,2025-02-20 06:09:57,6,20,3,2,0
U001,28.61469326364337,77.21299590112753,2025-02-20 06:43:14,6,20,3,2,0
U001,28.612231426978425,77.20858468068981,2025-02-20 06:44:03,6,20,3,2,0
U001,28.61647375819416,77.20850193075462,2025-02-20 06:51:28,6,20,3,2,0
U001,28.611784037584048,77.20791467655432,2025-02-20 07:01:27,7,20,3,2,0
U001,28.615281818006416,77.20641033008505,2025-02-20 07:05:55,7,20,3,2,0
U001,28.61456284119133,77.20838299193264,2025-02-20 07:11:53,7,20,3,2,0
U001,28.61488880929789,77.2089494061731,2025-02-20 07:17:21,7,20,3,2,0
U001,28.61254909335508,77.20981124650571,2025-02-20 07:57:09,7,20,3,2,0
U001,28.624526279885817,77.21424737121762,2025-02-20 08:22:28,8,20,3,2,0
U001,28.622523676223352,77.21231846552008,2025-02-20 08:33:36,8,20,3,2,0
U001,28.620666659573303,77.21592888051622,2025-02-20 08:39:52,8,20,3,2,0
U001,28.628722755528877,77.21690097547813,2025-02-20 09:02:40,9,20,3,2,0
U001,28.631283607118903,77.21904124453847,2025-02-20 09:07:25,9,20,3,2,0
U001,28.6312811662428,77.21835372068419,2025-02-20 09:23:16,9,20,3,2,0
U001,28.631797090601893,77.21925870290696,2025-02-20 09:31:33,9,20,3,2,0
U001,28.634187830359835,77.2157017744171,2025-02-20 09:37:33,9,20,3,2,0
U001,28.629402480936243,77.21820666093907,2025-02-20 10:17:45,10,20,3,2,0
U001,28.63494021721274,77.21740100221918,2025-02-20 10:23:17,10,20,3,2,0
U001,28.631717321567365,77.2191029018385,2025-02-20 10:33:14,10,20,3,2,0
U001,28.629223210641467,77.21809936773388,2025-02-20 10:55:00,10,20,3,2,0
U001,28.631155402495157,77.2173982747087,2025-02-20 11:01:01,11,20,3,2,0
U001,28.62946003916729,77.21998224077674,2025-02-20 11:30:26,11,20,3,2,0
U001,28.63015881964147,77.21883732060307,2025-02-20 11:47:11,11,20,3,2,0
U001,28.62963198986355,77.21796356379457,2025-02-20 11:51:50,11,20,3,2,0
U001,28.631078639072754,77.21759087813348,2025-02-20 11:52:05,11,20,3,2,0
U001,28.63089396887652,77.216030319821,2025-02-20 12:05:40,12,20,3,2,0
U001,28.635773200636944,77.21840081934576,2025-02-20 12:06:12,12,20,3,2,0
U001,28.627267059410837,77.21433643705814,2025-02-20 12:33:50,12,20,3,2,0
U001,28.628932258413773,77.21818042853808,2025-02-20 12:39:27,12,20,3,2,0
U001,28.63361748060075,77.21600142919378,2025-02-20 13:04:54,13,20,3,2,0
U001,28.632227177952505,77.21948646167195,2025-02-20 13:18:55,13,20,3,2,0
U001,28.632680624089957,77.22103786009944,2025-02-20 13:24:25,13,20,3,2,0
U001,28.632776812235388,77.21509650798127,2025-02-20 13:57:46,13,20,3,2,0
U001,28.62686702920076,77.21959881018525,2025-02-20 14:24:10,14,20,3,2,0
U001,28.629157099791364,77.21868149054873,2025-02-20 14:36:57,14,20,3,2,0
U001,28.628558529684412,77.21597260094578,2025-02-20 14:43:12,14,20,3,2,0
U001,28.63135683627171,77.21637066573993,2025-02-20 14:44:04,14,20,3,2,0
U001,28.62976394236273,77.22032918634575,2025-02-20 14:50:15,14,20,3,2,0
U001,28.636949944032843,77.21882272166805,2025-02-20 15:07:00,15,20,3,2,0
U001,28.630714330319417,77.22551001442359,2025-02-20 15:29:50,15,20,3,2,0
U001,28.627276247077432,77.21972554229559,2025-02-20 15:58:08,15,20,3,2,0
U001,28.629254427966817,77.21933304952809,2025-02-20 16:27:16,16,20,3,2,0
U001,28.62981649942453,77.22165249030468,2025-02-20 16:45:40,16,20,3,2,0
U001,28.62968048420604,77.22147756826638,2025-02-20 16:52:12,16,20,3,2,0
U001,28.62696164056094,77.21535681582093,2025-02-20 17:00:29,17,20,3,2,0
U001,28.63232163154764,77.21910680269784,2025-02-20 17:23:12,17,20,3,2,0
U001,28.630297699281435,77.21901743395793,2025-02-20 17:23:21,17,20,3,2,0
U001,28.63047834628604,77.21722892181357,2025-02-20 18:23:03,18,20,3,2,0
U001,28.62951691792889,77.21569824463359,2025-02-20 18:32:06,18,20,3,2,0
U001,28.62594713079321,77.21722951063393,2025-02-20 18:36:41,18,20,3,2,0
U001,28.630865872085856,77.21825953551128,2025-02-20 18:49:30,18,20,3,2,0
U001,28.624701576050462,77.21005742198992,2025-02-20 19:02:39,19,20,3,2,0
U001,28.61951109416002,77.20960202840273,2025-02-20 19:08:18,19,20,3,2,0
U001,28.62597704814151,77.21126624291824,2025-02-20 19:44:12,19,20,3,2,0
U001,28.62060805366866,77.213764358371,2025-02-20 19:49:45,19,20,3,2,0
U001,28.610009757108365,77.22979022350727,2025-02-20 20:28:40,20,20,3,2,0
U001,28.615612478818672,77.22892249750173,2025-02-20 20:42:01,20,20,3,2,0
U001,28.612306877180767,77.23162306323924,2025-02-20 20:43:28,20,20,3,2,0
U001,28.611051055902863,77.22838732757225,2025-02-20 20:46:46,20,20,3,2,0
U001,28.60840548915706,77.23105689873901,2025-02-20 20:54:09,20,20,3,2,0
U001,28.60919280922044,77.23173420934421,2025-02-20 21:00:52,21,20,3,2,0
U001,28.609577240578407,77.23089508488984,2025-02-20 21:26:33,21,20,3,2,0
U001,28.61468499996368,77.22702046117755,2025-02-20 21:46:53,21,20,3,2,0
U001,28.608312285897924,77.23501771071376,2025-02-20 21:59:46,21,20,3,2,0
U001,28.61531558449972,77.20995087055013,2025-02-20 22:00:36,22,20,3,2,0
U001,28.616930440239297,77.20972677642627,2025-02-20 22:31:19,22,20,3,2,0
U001,28.614483236446496,77.20864107077729,2025-02-20 22:42:36,22,20,3,2,0
U001,28.61593611275855,77.2125246836963,2025-02-20 22:53:51,22,20,3,2,0
U001,28.616268285833108,77.2112411739019,2025-02-20 23:04:57,23,20,3,2,0
U001,28.61354335432767,77.20827336995949,2025-02-20 23:32:42,23,20,3,2,0
U001,28.619388808163,77.2075990006276,2025-02-20 23:41:06,23,20,3,2,0
U001,28.615667646577613,77.20921764161636,2025-02-20 23:50:49,23,20,3,2,0
U001,28.612569652626743,77.2084975614166,2025-02-20 23:58:39,23,20,3,2,0
U001,28.62052282043372,77.21113961914314,2025-02-21 00:19:09,0,21,4,2,0
U001,28.613609836757437,77.21456575626028,2025-02-21 00:22:37,0,21,4,2,0
U001,28.615182829946605,77.21183100375555,2025-02-21 00:46:47,0,21,4,2,0
U001,28.617012079900967,77.21015198649789,2025-02-21 00:56:57,0,21,4,2,0
U001,28.61031195724302,77.20801497400288,2025-02-21 01:25:53,1,21,4,2,0
U001,28.61430701747557,77.20857302576938,2025-02-21 01:36:58,1,21,4,2,0
U001,28.61567724034411,77.20997300902567,2025-02-21 01:41:04,1,21,4,2,0
U001,28.6163786600012,77.20854996812191,2025-02-21 01:44:18,1,21,4,2,0
U001,28.61352302575736,77.20802313376888,2025-02-21 01:52:34,1,21,4,2,0
U001,28.61675160101037,77.20958858824993,2025-02-21 02:31:37,2,21,4,2,0
U001,28.613502514301203,77.21074712973981,2025-02-21 02:37:51,2,21,4,2,0
U001,28.616343747428115,77.20758689794533,2025-02-21 02:51:09,2,21,4,2,0
U001,28.6104386293111,77.20737749996684,2025-02-21 03:11:49,3,21,4,2,0
U001,28.612517199583312,77.20621381757692,2025-02-21 03:21:38,3,21,4,2,0
U001,28.615830743665946,77.20652873985905,2025-02-21 03:35:40,3,21,4,2,0
U001,28.609731738336848,77.2099133146301,2025-02-21 03:52:57,3,21,4,2,0
U001,28.61571923080013,77.20677335099505,2025-02-21 04:13:05,4,21,4,2,0
U001,28.616500441265828,77.2073340886008,2025-02-21 04:24:35,4,21,4,2,0
U001,28.61412755489113,77.20697580996213,2025-02-21 04:46:52,4,21,4,2,0
U001,28.615378644448143,77.21166332033881,2025-02-21 04:47:39,4,21,4,2,0
U001,28.613489912192957,77.20976378657059,2025-02-21 04:59:00,4,21,4,2,0
U001,28.61549121298921,77.2088352816658,2025-02-21 05:09:09,5,21,4,2,0
U001,28.61321828201512,77.20690423507236,2025-02-21 05:20:10,5,21,4,2,0
U001,28.616149595867647,77.21201670426036,2025-02-21 05:21:45,5,21,4,2,0
U001,28.616439829326566,77.21043786877743,2025-02-21 06:05:42,6,21,4,2,0
U001,28.613453535870804,77.20899498182327,2025-02-21 06:19:23,6,21,4,2,0
U001,28.61641790620792,77.21025669872418,2025-02-21 06:31:36,6,21,4,2,0
U001,28.61472798907769,77.2077399228479,2025-02-21 06:54:00,6,21,4,2,0
U001,28.61293558704856,77.20437082486303,2025-02-21 06:58:23,6,21,4,2,0
U001,28.61333393365646,77.20685081369199,2025-02-21 07:04:52,7,21,4,2,0
U001,28.612413582900288,77.20934880175781,2025-02-21 07:06:15,7,21,4,2,0
U001,28.614567525908377,77.205819899774,2025-02-21 07:41:46,7,21,4,2,0
U001,28.622513622126093,77.21408529163315,2025-02-21 08:28:29,8,21,4,2,0
U001,28.62077842199041,77.21432614534885,2025-02-21 08:37:09,8,21,4,2,0
U001,28.620216932546796,77.21066810324389,2025-02-21 08:42:14,8,21,4,2,0
U001,28.62230689693268,77.21298347349038,2025-02-21 08:53:42,8,21,4,2,0
U001,28.62035295660281,77.21751037478384,2025-02-21 08:58:13,8,21,4,2,0
U001,28.630258715739824,77.21379247033451,2025-02-21 09:03:11,9,21,4,2,0
U001,28.62815738301141,77.21650141193192,2025-02-21 09:09:10,9,21,4,2,0
U001,28.62958857058112,77.21677084135142,2025-02-21 09:19:02,9,21,4,2,0
U001,28.63183194650705,77.21923860014645,2025-02-21 10:36:58,10,21,4,2,0
U001,28.62591034172295,77.21960625078344,2025-02-21 10:40:56,10,21,4,2,0
U001,28.632383220818102,77.21699819552045,2025-02-21 10:49:29,10,21,4,2,0
U001,28.630704933422813,77.21658906761662,2025-02-21 10:52:04,10,21,4,2,0
U001,28.63197711210777,77.2182274037433,2025-02-21 11:04:38,11,21,4,2,0
U001,28.629154383781508,77.21793980029935,2025-02-21 11:34:42,11,21,4,2,0
U001,28.62980224759632,77.21389157596079,2025-02-21 11:41:56,11,21,4,2,0
U001,28.63440863634351,77.21495276150819,2025-02-21 12:02:54,12,21,4,2,0
U001,28.628997121005384,77.21771919534686,2025-02-21 12:09:28,12,21,4,2,0
U001,28.63192692609132,77.21740264928866,2025-02-21 12:19:29,12,21,4,2,0
U001,28.630303271433306,77.21712312274367,2025-02-21 12:36:04,12,21,4,2,0
U001,28.63088242174611,77.21529757095719,2025-02-21 12:40:48,12,21,4,2,0
U001,28.59623971195902,77.202900997866,2025-02-21 13:06:16,13,21,4,2,0
U001,28.5976463003435,77.20523331765716,2025-02-21 13:20:29,13,21,4,2,0
U001,28.60119545333861,77.20754077331586,2025-02-21 13:42:52,13,21,4,2,0
U001,28.631415139515745,77.21960918562687,2025-02-21 14:01:27,14,21,4,2,0
U001,28.62785917502264,77.2176834301562,2025-02-21 14:14:11,14,21,4,2,0
U001,28.632172390863147,77.21980797866019,2025-02-21 14:19:33,14,21,4,2,0
U001,28.630321760291512,77.22091785552082,2025-02-21 14:37:27,14,21,4,2,0
U001,28.633343690526903,77.22244566908182,2025-02-21 14:47:41,14,21,4,2,0
U001,28.63116969378777,77.217599749912,2025-02-21 15:37:51,15,21,4,2,0
U001,28.63089914710528,77.216347349855,2025-02-21 15:39:44,15,21,4,2,0
U001,28.63124106567947,77.21736232405144,2025-02-21 15:45:42,15,21,4,2,0
U001,28.630993057882417,77.21728361601434,2025-02-21 16:21:40,16,21,4,2,0
U001,28.628041360543783,77.21525325299916,2025-02-21 16:35:06,16,21,4,2,0
U001,28.63166320956093,77.21774865049923,2025-02-21 16:50:31,16,21,4,2,0
U001,28.62840485877434,77.21681653725443,2025-02-21 17:24:47,17,21,4,2,0
U001,28.62744790644136,77.21722345371104,2025-02-21 17:38:47,17,21,4,2,0
U001,28.6310426426038,77.21781462661578,2025-02-21 17:50:27,17,21,4,2,0
U001,28.63321870907269,77.21816384078853,2025-02-21 17:58:09,17,21,4,2,0
U001,28.630948228067805,77.21718922122577,2025-02-21 18:03:09,18,21,4,2,0
U001,28.630279124492176,77.21813727233715,2025-02-21 18:03:46,18,21,4,2,0
U001,28.629214550516263,77.21258578365997,2025-02-21 18:32:21,18,21,4,2,0
U001,28.630200209100305,77.21676452599064,2025-02-21 18:52:28,18,21,4,2,0
U001,28.61971545172215,77.21701149505458,2025-02-21 19:10:17,19,21,4,2,0
U001,28.6211741483476,77.21749024818592,2025-02-21 19:17:03,19,21,4,2,0
U001,28.620444825306755,77.21426037504736,2025-02-21 19:17:36,19,21,4,2,0
U001,28.623825801197864,77.20959784122185,2025-02-21 19:45:22,19,21,4,2,0
U001,28.616663354682263,77.20979308631308,2025-02-21 20:29:42,20,21,4,2,0
U001,28.615496772897064,77.20606381160937,2025-02-21 20:36:20,20,21,4,2,0
U001,28.613932233136325,77.21085146009483,2025-02-21 20:51:00,20,21,4,2,0
U001,28.60687313979641,77.22978099744302,2025-02-21 21:10:17,21,21,4,2,0
U001,28.609441837521647,77.2303667126022,2025-02-21 21:25:12,21,21,4,2,0
U001,28.613346183131707,77.23241159980121,2025-02-21 21:51:45,21,21,4,2,0
U001,28.61162936718215,77.23032683122675,2025-02-21 21:54:21,21,21,4,2,0
U001,28.606769141076796,77.23268980983431,2025-02-21 21:57:48,21,21,4,2,0
U001,28.61056351244517,77.22617430363385,2025-02-21 22:17:29,22,21,4,2,0
U001,28.60504438084749,77.2323218593323,2025-02-21 22:18:12,22,21,4,2,0
U001,28.610203588239493,77.23026433285436,2025-02-21 22:35:19,22,21,4,2,0
U001,28.605141987364995,77.2317554707469,2025-02-21 22:55:27,22,21,4,2,0
U001,28.6135344163204,77.20988451685764,2025-02-21 23:20:11,23,21,4,2,0
U001,28.61203010076672,77.20832193103148,2025-02-21 23:40:58,23,21,4,2,0
U001,28.6140392294894,77.20854148562024,2025-02-21 23:48:51,23,21,4,2,0
U001,28.61191110230676,77.20898812820388,2025-02-21 23:53:38,23,21,4,2,0
U001,28.61248877818385,77.2071476826952,2025-02-22 00:15:50,0,22,5,2,1
U001,28.61222961027703,77.20533053157044,2025-02-22 00:20:47,0,22,5,2,1
U001,28.61665959498557,77.2066037307091,2025-02-22 00:32:54,0,22,5,2,1
U001,28.6147802151524,77.21091742000462,2025-02-22 00:41:09,0,22,5,2,1
U001,28.61597658014524,77.20846598302383,2025-02-22 01:06:47,1,22,5,2,1
U001,28.6136272640674,77.20968462188272,2025-02-22 01:21:54,1,22,5,2,1
U001,28.61425605187434,77.20662101775343,2025-02-22 01:38:22,1,22,5,2,1
U001,28.61021023337629,77.20462131478186,2025-02-22 01:43:48,1,22,5,2,1
U001,28.61380430158672,77.20996280362536,2025-02-22 01:49:29,1,22,5,2,1
U001,28.613866422729068,77.20871365373696,2025-02-22 02:07:20,2,22,5,2,1
U001,28.612093079464497,77.20741095880683,2025-02-22 02:09:33,2,22,5,2,1
U001,28.61273248046756,77.20743115357801,2025-02-22 02:15:52,2,22,5,2,1
U001,28.615457119175627,77.20835028449451,2025-02-22 02:24:11,2,22,5,2,1
U001,28.61416579712207,77.21323244472678,2025-02-22 02:40:52,2,22,5,2,1
U001,28.61359740113921,77.20745118044559,2025-02-22 03:16:01,3,22,5,2,1
U001,28.612989187159524,77.2078287286246,2025-02-22 03:18:14,3,22,5,2,1
U001,28.615432802647245,77.20635566017098,2025-02-22 03:26:39,3,22,5,2,1
U001,28.61356697701598,77.20876841156334,2025-02-22 03:35:25,3,22,5,2,1
U001,28.612407452430425,77.20778829648926,2025-02-22 03:57:23,3,22,5,2,1
U001,28.61582458741607,77.20710494758855,2025-02-22 04:04:02,4,22,5,2,1
U001,28.61607609821993,77.21045604506823,2025-02-22 04:08:54,4,22,5,2,1
U001,28.61671623098185,77.2102739156193,2025-02-22 04:16:05,4,22,5,2,1
U001,28.613227612304,77.20759023006278,2025-02-22 04:29:35,4,22,5,2,1
U001,28.61524340418811,77.21041486171177,2025-02-22 04:50:55,4,22,5,2,1
U001,28.615946101704072,77.20323946848465,2025-02-22 05:00:37,5,22,5,2,1
U001,28.61366200430403,77.21013634607743,2025-02-22 05:30:31,5,22,5,2,1
U001,28.612817322356623,77.20924511512199,2025-02-22 05:31:27,5,22,5,2,1
U001,28.613363204061034,77.2065550256983,2025-02-22 06:32:02,6,22,5,2,1
U001,28.611336994803032,77.20952405532593,2025-02-22 06:33:01,6,22,5,2,1
U001,28.613838037575707,77.20798043619179,2025-02-22 06:39:13,6,22,5,2,1
U001,28.61477797140747,77.20886233388003,2025-02-22 06:41:25,6,22,5,2,1
U001,28.613515484190845,77.21011516799504,2025-02-22 06:42:26,6,22,5,2,1
U001,28.61372131204732,77.20788905599922,2025-02-22 07:06:33,7,22,5,2,1
U001,28.611233253906097,77.2077001279893,2025-02-22 07:41:49,7,22,5,2,1
U001,28.610656284094684,77.20922628077015,2025-02-22 07:46:39,7,22,5,2,1
U001,28.61261758566133,77.20586250397054,2025-02-22 07:51:49,7,22,5,2,1
U001,28.614096891237047,77.20896391435922,2025-02-22 08:13:12,8,22,5,2,1
U001,28.61296081193518,77.20767034802402,2025-02-22 08:41:41,8,22,5,2,1
U001,28.614418347976105,77.20599707546441,2025-02-22 08:57:31,8,22,5,2,1
U001,28.61385689735974,77.20883813569272,2025-02-22 08:59:37,8,22,5,2,1
U001,28.62493383027641,77.19536607518417,2025-02-22 09:04:08,9,22,5,2,1
U001,28.6244608660512,77.19628402834728,2025-02-22 09:13:25,9,22,5,2,1
U001,28.62568750340272,77.19442033807427,2025-02-22 09:43:13,9,22,5,2,1
U001,28.624951707614624,77.19700519446222,2025-02-22 09:49:42,9,22,5,2,1
U001,28.626652561063008,77.1950198885692,2025-02-22 10:04:03,10,22,5,2,1
U001,28.625376075535943,77.19620682518371,2025-02-22 10:46:21,10,22,5,2,1
U001,28.62103970156789,77.19528055632681,2025-02-22 10:48:19,10,22,5,2,1
U001,28.624131147400654,77.1950666848894,2025-02-22 11:24:24,11,22,5,2,1
U001,28.628066337923265,77.1944360075994,2025-02-22 11:32:51,11,22,5,2,1
U001,28.624792891587813,77.19325055374482,2025-02-22 11:45:12,11,22,5,2,1
U001,28.62769505823561,77.19649515698241,2025-02-22 11:47:09,11,22,5,2,1
U001,28.623535063788648,77.19803984865621,2025-02-22 11:59:28,11,22,5,2,1
U001,28.59849745318684,77.206929114323,2025-02-22 12:20:18,12,22,5,2,1
U001,28.602093665171733,77.20728960348107,2025-02-22 12:32:25,12,22,5,2,1
U001,28.59819516243967,77.20712760828964,2025-02-22 12:53:17,12,22,5,2,1
U001,28.6008685477451,77.20321186463806,2025-02-22 12:55:16,12,22,5,2,1
U001,28.59938181139988,77.20504112719591,2025-02-22 13:29:16,13,22,5,2,1
U001,28.599851679221832,77.20627031222892,2025-02-22 13:43:27,13,22,5,2,1
U001,28.59959764986594,77.20413625614036,2025-02-22 13:57:08,13,22,5,2,1
U001,28.59561202344553,77.20272056460672,2025-02-22 14:13:31,14,22,5,2,1
U001,28.599137990643342,77.20395066287324,2025-02-22 14:22:37,14,22,5,2,1
U001,28.598403330206807,77.20358661098109,2025-02-22 14:28:49,14,22,5,2,1
U001,28.603315788285684,77.20546474738796,2025-02-22 14:30:42,14,22,5,2,1
U001,28.598365300608982,77.20419623926668,2025-02-22 14:48:53,14,22,5,2,1
U001,28.60010103233502,77.20554241975505,2025-02-22 15:11:51,15,22,5,2,1
U001,28.602594550503547,77.20579913549564,2025-02-22 15:43:10,15,22,5,2,1
U001,28.59696031473869,77.20473785609693,2025-02-22 15:50:29,15,22,5,2,1
U001,28.6011656231189,77.20635251908169,2025-02-22 15:56:18,15,22,5,2,1
U001,28.639052494955944,77.2258133126417,2025-02-22 16:25:49,16,22,5,2,1
U001,28.64264180798204,77.22851779743453,2025-02-22 16:26:24,16,22,5,2,1
U001,28.64006409101177,77.22486671320956,2025-02-22 16:39:57,16,22,5,2,1
U001,28.63841655026375,77.2260861246484,2025-02-22 16:58:30,16,22,5,2,1
U001,28.639921886771283,77.22624693906081,2025-02-22 16:58:50,16,22,5,2,1
U001,28.63959264676976,77.22486124438747,2025-02-22 17:36:04,17,22,5,2,1
U001,28.63853482373775,77.22445116619859,2025-02-22 17:37:15,17,22,5,2,1
U001,28.639468708386232,77.22474857225306,2025-02-22 17:41:52,17,22,5,2,1
U001,28.638220505630603,77.22545225564305,2025-02-22 17:48:21,17,22,5,2,1
U001,28.641272688597557,77.22369218873061,2025-02-22 17:51:33,17,22,5,2,1
U001,28.639104660632054,77.2270531276119,2025-02-22 18:02:09,18,22,5,2,1
U001,28.6388364896117,77.22637930702466,2025-02-22 18:12:47,18,22,5,2,1
U001,28.639608550008585,77.22667686328798,2025-02-22 18:33:10,18,22,5,2,1
U001,28.640804569488093,77.22350057148547,2025-02-22 18:40:36,18,22,5,2,1
U001,28.641972950024485,77.22626076097364,2025-02-22 18:57:18,18,22,5,2,1
U001,28.639528737306303,77.2252850084456,2025-02-22 19:03:11,19,22,5,2,1
U001,28.642575602088588,77.2244581958937,2025-02-22 19:11:38,19,22,5,2,1
U001,28.639265002816916,77.22499761391809,2025-02-22 19:22:30,19,22,5,2,1
U001,28.638324083092837,77.22609141827084,2025-02-22 19:30:42,19,22,5,2,1
U001,28.61668615364141,77.2070752069529,2025-02-22 20:01:45,20,22,5,2,1
U001,28.61680174013608,77.20487485947963,2025-02-22 20:11:47,20,22,5,2,1
U001,28.613990182026143,77.2084631573843,2025-02-22 20:13:45,20,22,5,2,1
U001,28.61691580764896,77.2130906207943,2025-02-22 20:21:56,20,22,5,2,1
U001,28.615329305687524,77.20741277887608,2025-02-22 20:52:34,20,22,5,2,1
U001,28.613924284386023,77.20634651361411,2025-02-22 21:06:09,21,22,5,2,1
U001,28.61311156496832,77.20827197540667,2025-02-22 21:29:08,21,22,5,2,1
U001,28.61433405786127,77.20727029075198,2025-02-22 21:51:05,21,22,5,2,1
U001,28.613090216154117,77.2055833275322,2025-02-22 22:43:43,22,22,5,2,1
U001,28.61379210039508,77.21023677046114,2025-02-22 22:46:46,22,22,5,2,1
U001,28.612887781679053,77.21207638712563,2025-02-22 22:50:35,22,22,5,2,1
U001,28.61321830764044,77.20752529596254,2025-02-22 23:11:00,23,22,5,2,1
U001,28.616758895768623,77.213422449657,2025-02-22 23:43:14,23,22,5,2,1
U001,28.607771970037096,77.20570696747578,2025-02-22 23:48:07,23,22,5,2,1
U001,28.61265528838295,77.2128848908046,2025-02-22 23:58:30,23,22,5,2,1
U001,28.61396149030478,77.20786009288625,2025-02-23 00:08:27,0,23,6,2,1
U001,28.61397232248945,77.21039246444725,2025-02-23 00:36:17,0,23,6,2,1
U001,28.614582643064644,77.20795915632874,2025-02-23 00:37:26,0,23,6,2,1
U001,28.61633435263632,77.21086046085202,2025-02-23 00:46:01,0,23,6,2,1
U001,28.61592219665389,77.20633928741537,2025-02-23 00:55:31,0,23,6,2,1
U001,28.614011343101115,77.2093595606616,2025-02-23 01:06:06,1,23,6,2,1
U001,28.613490274783167,77.20559891572823,2025-02-23 01:33:24,1,23,6,2,1
U001,28.61305892402215,77.20924977559103,2025-02-23 01:33:51,1,23,6,2,1
U001,28.614904741312152,77.20939470742663,2025-02-23 01:42:15,1,23,6,2,1
U001,28.614371793999307,77.20842964285922,2025-02-23 01:56:19,1,23,6,2,1
U001,28.61544432143772,77.20725049300842,2025-02-23 02:17:45,2,23,6,2,1
U001,28.613761389273005,77.2059787853674,2025-02-23 02:25:02,2,23,6,2,1
U001,28.613531146089468,77.20578057783221,2025-02-23 02:27:52,2,23,6,2,1
U001,28.613457956370905,77.21288013915908,2025-02-23 02:46:08,2,23,6,2,1
U001,28.61316649530355,77.20999324197042,2025-02-23 03:05:55,3,23,6,2,1
U001,28.61187221257052,77.20930016749914,2025-02-23 03:17:03,3,23,6,2,1
U001,28.61483149338979,77.20938416137517,2025-02-23 03:31:06,3,23,6,2,1
U001,28.61249595389986,77.2080193412187,2025-02-23 03:41:01,3,23,6,2,1
U001,28.61532743430063,77.20896970744894,2025-02-23 03:57:27,3,23,6,2,1
U001,28.61388649751708,77.21024250437812,2025-02-23 04:09:03,4,23,6,2,1
U001,28.617160827942264,77.20647509611581,2025-02-23 04:19:54,4,23,6,2,1
U001,28.612299373505166,77.20520657041469,2025-02-23 04:37:44,4,23,6,2,1
U001,28.614691594119453,77.21165323262179,2025-02-23 04:37:49,4,23,6,2,1
U001,28.614142822940668,77.20858391317203,2025-02-23 04:41:07,4,23,6,2,1
U001,28.61183687563388,77.21242805510714,2025-02-23 05:10:05,5,23,6,2,1
U001,28.61481669735442,77.2061745843789,2025-02-23 05:23:27,5,23,6,2,1
U001,28.61480220932134,77.20725492922092,2025-02-23 05:37:04,5,23,6,2,1
U001,28.616923282684272,77.20906458457087,2025-02-23 05:56:16,5,23,6,2,1
U001,28.61522128475943,77.2091765643281,2025-02-23 06:01:20,6,23,6,2,1
U001,28.61176843716424,77.21187458697304,2025-02-23 06:21:33,6,23,6,2,1
U001,28.611425143157103,77.21079806519998,2025-02-23 06:23:55,6,23,6,2,1
U001,28.615306980849414,77.21016835782324,2025-02-23 06:26:28,6,23,6,2,1
U001,28.616331629008787,77.20555870288794,2025-02-23 06:39:52,6,23,6,2,1
U001,28.61255975247462,77.20672114525792,2025-02-23 07:13:45,7,23,6,2,1
U001,28.611515128061004,77.20849391243006,2025-02-23 07:18:31,7,23,6,2,1
U001,28.61493028482785,77.20765240494231,2025-02-23 07:32:54,7,23,6,2,1
U001,28.61442803267863,77.20692239452099,2025-02-23 07:43:01,7,23,6,2,1
U001,28.62438627672673,77.19660995289496,2025-02-23 08:07:18,8,23,6,2,1
U001,28.627811346668192,77.19033505558436,2025-02-23 08:16:31,8,23,6,2,1
U001,28.625046678533963,77.19536304346965,2025-02-23 08:31:30,8,23,6,2,1
U001,28.625642285817072,77.19434646158138,2025-02-23 08:36:52,8,23,6,2,1
U001,28.62359854205227,77.19806531604544,2025-02-23 08:44:00,8,23,6,2,1
U001,28.63095241971606,77.19422852505487,2025-02-23 09:29:51,9,23,6,2,1
U001,28.62748439041042,77.19380514087362,2025-02-23 09:36:48,9,23,6,2,1
U001,28.625620001323437,77.19613683450216,2025-02-23 09:52:35,9,23,6,2,1
U001,28.62551460386076,77.19496599788822,2025-02-23 09:52:50,9,23,6,2,1
U001,28.626328419553804,77.19626960992949,2025-02-23 10:12:12,10,23,6,2,1
U001,28.62125656078709,77.19719858764654,2025-02-23 10:13:58,10,23,6,2,1
U001,28.624370743252573,77.19662226961891,2025-02-23 10:43:42,10,23,6,2,1
U001,28.622042879702903,77.19058477376439,2025-02-23 10:48:40,10,23,6,2,1
U001,28.595325797392984,77.2086534947166,2025-02-23 11:11:48,11,23,6,2,1
U001,28.599144505479703,77.20645162021772,2025-02-23 11:32:06,11,23,6,2,1
U001,28.600436158003514,77.20294147770569,2025-02-23 11:39:55,11,23,6,2,1
U001,28.599822656123365,77.20646462436814,2025-02-23 12:13:05,12,23,6,2,1
U001,28.601508390053866,77.20609080300864,2025-02-23 12:14:11,12,23,6,2,1
U001,28.59264069784979,77.20404048553239,2025-02-23 12:45:29,12,23,6,2,1
U001,28.600103506709583,77.20433044832664,2025-02-23 13:13:23,13,23,6,2,1
U001,28.59772007795607,77.20714701884653,2025-02-23 13:34:47,13,23,6,2,1
U001,28.60155379129999,77.20577016202493,2025-02-23 13:38:20,13,23,6,2,1
U001,28.601981818197867,77.20425164554585,2025-02-23 14:17:16,14,23,6,2,1
U001,28.59530846040774,77.20449716828061,2025-02-23 14:24:43,14,23,6,2,1
U001,28.59966273671229,77.20861067600096,2025-02-23 14:50:56,14,23,6,2,1
U001,28.63993617610437,77.2256019986445,2025-02-23 15:30:30,15,23,6,2,1
U001,28.64050899849824,77.22899391917618,2025-02-23 15:35:51,15,23,6,2,1
U001,28.638164631539645,77.22308809822442,2025-02-23 15:44:02,15,23,6,2,1
U001,28.63650587117229,77.22389156814961,2025-02-23 15:55:00,15,23,6,2,1
U001,28.638459304710707,77.22142365019455,2025-02-23 16:04:43,16,23,6,2,1
U001,28.643989500289727,77.22643621068143,2025-02-23 16:29:48,16,23,6,2,1
U001,28.64094477528664,77.2240984454594,2025-02-23 16:48:11,16,23,6,2,1
U001,28.638761569609485,77.22501144103633,2025-02-23 16:54:39,16,23,6,2,1
U001,28.6413416371381,77.22560782373736,2025-02-23 16:56:56,16,23,6,2,1
U001,28.640979011075707,77.22463693000033,2025-02-23 17:10:25,17,23,6,2,1
U001,28.64175057960335,77.22392738337044,2025-02-23 17:27:20,17,23,6,2,1
U001,28.641332460030675,77.22409005832705,2025-02-23 17:56:03,17,23,6,2,1
U001,28.64082571979424,77.22170790917912,2025-02-23 18:45:29,18,23,6,2,1
U001,28.63913371446626,77.22368208326014,2025-02-23 18:46:10,18,23,6,2,1
U001,28.63863353175117,77.2195722419425,2025-02-23 18:48:58,18,23,6,2,1
U001,28.641383133742856,77.2272452445907,2025-02-23 18:49:45,18,23,6,2,1
U001,28.639615967069044,77.22316556258971,2025-02-23 18:50:00,18,23,6,2,1
U001,28.6116095378366,77.20279909767241,2025-02-23 19:05:11,19,23,6,2,1
U001,28.618687256937296,77.21329267661358,2025-02-23 19:28:12,19,23,6,2,1
U001,28.614107737410723,77.21129734232281,2025-02-23 19:32:45,19,23,6,2,1
U001,28.615359951615574,77.2087788718749,2025-02-23 19:59:32,19,23,6,2,1
U001,28.61340666961036,77.20866594667999,2025-02-23 20:01:23,20,23,6,2,1
U001,28.61342741408462,77.21000356595697,2025-02-23 20:11:10,20,23,6,2,1
U001,28.613748586617326,77.21118825336416,2025-02-23 20:33:33,20,23,6,2,1
U001,28.613466220188982,77.20519223543272,2025-02-23 21:06:58,21,23,6,2,1
U001,28.61395396585658,77.20666032914205,2025-02-23 21:13:44,21,23,6,2,1
U001,28.615601665297135,77.21139114530429,2025-02-23 21:17:15,21,23,6,2,1
U001,28.618336030654124,77.21270875616088,2025-02-23 21:32:50,21,23,6,2,1
U001,28.61536417576035,77.21288248347564,2025-02-23 22:14:03,22,23,6,2,1
U001,28.61429039593894,77.21001698450054,2025-02-23 22:16:50,22,23,6,2,1
U001,28.614648431197907,77.20863879991829,2025-02-23 22:24:38,22,23,6,2,1
U001,28.612944938142327,77.20946449857165,2025-02-23 22:54:16,22,23,6,2,1
U001,28.608366363597742,77.2105922205245,2025-02-23 23:01:47,23,23,6,2,1
U001,28.61218915481936,77.21304007943745,2025-02-23 23:17:49,23,23,6,2,1
U001,28.61549712262526,77.20807859312303,2025-02-23 23:26:11,23,23,6,2,1
U001,28.61003460717384,77.20570945081528,2025-02-23 23:56:43,23,23,6,2,1
U001,28.614971730110963,77.21349665334651,2025-02-24 00:30:02,0,24,0,2,0
U001,28.611642619595408,77.20905735936921,2025-02-24 00:33:54,0,24,0,2,0
U001,28.613619756602525,77.2104634189901,2025-02-24 00:49:10,0,24,0,2,0
U001,28.615496990840587,77.21160096701193,2025-02-24 00:52:51,0,24,0,2,0
U001,28.61090643928902,77.20817003412533,2025-02-24 00:55:12,0,24,0,2,0
U001,28.61377848166397,77.20860604784117,2025-02-24 01:08:06,1,24,0,2,0
U001,28.617208082770222,77.20930288663509,2025-02-24 01:09:02,1,24,0,2,0
U001,28.61350290374244,77.20958810302263,2025-02-24 01:27:26,1,24,0,2,0
U001,28.611660544098967,77.20942210791286,2025-02-24 01:38:07,1,24,0,2,0
U001,28.61369744378773,77.2104406261898,2025-02-24 02:26:20,2,24,0,2,0
U001,28.614535421163243,77.2118103274659,2025-02-24 02:35:23,2,24,0,2,0
U001,28.61498420833611,77.20839561094299,2025-02-24 02:57:47,2,24,0,2,0
U001,28.613701023130343,77.20923178515734,2025-02-24 03:11:08,3,24,0,2,0
U001,28.612810162156386,77.2063246772682,2025-02-24 03:33:42,3,24,0,2,0
U001,28.614640572468257,77.2097488765368,2025-02-24 03:48:34,3,24,0,2,0
U001,28.615636344017457,77.21377846096449,2025-02-24 04:23:42,4,24,0,2,0
U001,28.61450811687752,77.20764703533112,2025-02-24 04:26:31,4,24,0,2,0
U001,28.611398898787595,77.20681490414681,2025-02-24 04:48:18,4,24,0,2,0
U001,28.60959325808296,77.20960273840771,2025-02-24 04:50:32,4,24,0,2,0
U001,28.61400072697876,77.2079781792967,2025-02-24 05:01:28,5,24,0,2,0
U001,28.613593063396564,77.20666322036637,2025-02-24 05:20:26,5,24,0,2,0
U001,28.61327164245973,77.20748258030824,2025-02-24 05:25:50,5,24,0,2,0
U001,28.61448831162493,77.20874805112244,2025-02-24 05:34:07,5,24,0,2,0
U001,28.6157590311468,77.20987611752034,2025-02-24 06:09:31,6,24,0,2,0
U001,28.611355293833533,77.20832777091262,2025-02-24 06:14:28,6,24,0,2,0
U001,28.613359509210728,77.20889416633639,2025-02-24 06:23:04,6,24,0,2,0
U001,28.612718292471317,77.2069929052962,2025-02-24 07:01:36,7,24,0,2,0
U001,28.613293683219894,77.2105014205713,2025-02-24 07:28:03,7,24,0,2,0
U001,28.614053365920626,77.21328325620958,2025-02-24 07:40:23,7,24,0,2,0
U001,28.630681326269688,77.22015866473694,2025-02-24 08:31:12,8,24,0,2,0
U001,28.63725551491078,77.21708899855132,2025-02-24 08:36:13,8,24,0,2,0
U001,28.628403395844405,77.21742977572201,2025-02-24 08:54:52,8,24,0,2,0
U001,28.62828694696472,77.22166063569742,2025-02-24 08:58:36,8,24,0,2,0
U001,28.629721716818366,77.218959881306,2025-02-24 09:03:08,9,24,0,2,0
U001,28.63197599463317,77.21923139882172,2025-02-24 09:22:24,9,24,0,2,0
U001,28.633419229025325,77.21799668298621,2025-02-24 09:46:52,9,24,0,2,0
U001,28.631205264137023,77.21639172275881,2025-02-24 09:55:06,9,24,0,2,0
U001,28.628351367150728,77.21841169800504,2025-02-24 10:15:17,10,24,0,2,0
U001,28.63288571106654,77.21353218858798,2025-02-24 10:17:48,10,24,0,2,0
U001,28.62608244140497,77.21729502667509,2025-02-24 10:23:19,10,24,0,2,0
U001,28.62966831941284,77.21480208028123,2025-02-24 10:28:27,10,24,0,2,0
U001,28.63126218700422,77.21798183125955,2025-02-24 11:07:36,11,24,0,2,0
U001,28.63182191612213,77.2180723243257,2025-02-24 11:10:44,11,24,0,2,0
U001,28.62636936395402,77.21761544402861,2025-02-24 11:46:28,11,24,0,2,0
U001,28.63354303829051,77.21493821182136,2025-02-24 11:52:20,11,24,0,2,0
U001,28.628280235666487,77.22323450037494,2025-02-24 11:55:26,11,24,0,2,0
U001,28.63226136078418,77.21425834809399,2025-02-24 12:11:24,12,24,0,2,0
U001,28.63688506974894,77.21736495650737,2025-02-24 12:41:48,12,24,0,2,0
U001,28.633772822942728,77.21523452648245,2025-02-24 12:56:27,12,24,0,2,0
U001,28.6311756529361,77.21719258905551,2025-02-24 13:04:02,13,24,0,2,0
U001,28.628620614973688,77.22111929122998,2025-02-24 13:11:12,13,24,0,2,0
U001,28.62381272966575,77.21967341412523,2025-02-24 13:24:26,13,24,0,2,0
U001,28.6328520727833,77.21673333411638,2025-02-24 13:48:39,13,24,0,2,0
U001,28.63565977259261,77.21627310368443,2025-02-24 13:58:41,13,24,0,2,0
U001,28.63121703643736,77.22010148040971,2025-02-24 14:24:11,14,24,0,2,0
U001,28.6323016360094,77.22098867080166,2025-02-24 14:36:54,14,24,0,2,0
U001,28.626990714015804,77.21946741600647,2025-02-24 14:40:52,14,24,0,2,0
U001,28.63223421213461,77.21671498096752,2025-02-24 14:53:46,14,24,0,2,0
U001,28.632635017658743,77.22038406482535,2025-02-24 14:57:18,14,24,0,2,0
U001,28.63114871630673,77.22019575097262,2025-02-24 15:11:01,15,24,0,2,0
U001,28.629261682166785,77.21775784176555,2025-02-24 15:45:39,15,24,0,2,0
U001,28.62993048491259,77.21674150896425,2025-02-24 15:47:28,15,24,0,2,0
U001,28.62835869423936,77.21775232292157,2025-02-24 15:54:55,15,24,0,2,0
U001,28.630803379891763,77.21887522623257,2025-02-24 15:56:12,15,24,0,2,0
U001,28.63157056425342,77.21611785529689,2025-02-24 16:01:07,16,24,0,2,0
U001,28.63489708467733,77.22011822915444,2025-02-24 16:15:37,16,24,0,2,0
U001,28.630360976896565,77.21529584008917,2025-02-24 16:38:19,16,24,0,2,0
U001,28.63079018529671,77.21503714424983,2025-02-24 16:45:06,16,24,0,2,0
U001,28.628210174214445,77.21425763029575,2025-02-24 16:45:49,16,24,0,2,0
U001,28.62725366852501,77.21350477480195,2025-02-24 17:04:06,17,24,0,2,0
U001,28.630804565354826,77.21703626561329,2025-02-24 17:36:21,17,24,0,2,0
U001,28.629093861568315,77.21659134105026,2025-02-24 17:56:58,17,24,0,2,0
U001,28.633945289701416,77.21845051277838,2025-02-24 18:01:11,18,24,0,2,0
U001,28.63093895581464,77.2159075403557,2025-02-24 18:03:53,18,24,0,2,0
U001,28.629345293536524,77.21839040664096,2025-02-24 18:09:26,18,24,0,2,0
U001,28.628778253459057,77.21770750752772,2025-02-24 18:20:12,18,24,0,2,0
U001,28.607983092042197,77.22628909886126,2025-02-24 19:07:47,19,24,0,2,0
U001,28.61198788561146,77.22877634986101,2025-02-24 19:48:46,19,24,0,2,0
U001,28.608355105778983,77.23024363136787,2025-02-24 19:49:36,19,24,0,2,0
U001,28.609682470411528,77.23128399856975,2025-02-24 20:06:10,20,24,0,2,0
U001,28.608783433866392,77.22826422596182,2025-02-24 20:36:17,20,24,0,2,0
U001,28.607959017825237,77.22883906671352,2025-02-24 20:53:45,20,24,0,2,0
U001,28.61454582722534,77.2037207833163,2025-02-24 21:16:21,21,24,0,2,0
U001,28.615204329675468,77.20853596092512,2025-02-24 21:17:19,21,24,0,2,0
U001,28.613226884184865,77.20924155132913,2025-02-24 21:55:06,21,24,0,2,0
U001,28.612938473908805,77.20800708748415,2025-02-24 22:08:36,22,24,0,2,0
U001,28.617292877709588,77.20947992267197,2025-02-24 22:28:40,22,24,0,2,0
U001,28.61250282339825,77.21041026904749,2025-02-24 22:31:08,22,24,0,2,0
U001,28.61155905652459,77.20702917540663,2025-02-24 22:56:15,22,24,0,2,0
U001,28.61270104678281,77.20983899241295,2025-02-24 23:02:53,23,24,0,2,0
U001,28.61378628541104,77.20714178623095,2025-02-24 23:39:48,23,24,0,2,0
U001,28.61324399717513,77.20855031074565,2025-02-24 23:44:40,23,24,0,2,0
U001,28.614951220091232,77.21129057859285,2025-02-24 23:45:57,23,24,0,2,0
U001,28.609948575826987,77.20965929572276,2025-02-24 23:48:44,23,24,0,2,0
U001,28.613207795841323,77.2083569233618,2025-02-25 00:03:12,0,25,1,2,0
U001,28.61498118738443,77.20770581538699,2025-02-25 00:38:36,0,25,1,2,0
U001,28.615542646332912,77.20902036307501,2025-02-25 00:58:43,0,25,1,2,0
U001,28.609311203642942,77.21177087885157,2025-02-25 01:40:21,1,25,1,2,0
U001,28.612957998547973,77.2096835446162,2025-02-25 01:43:51,1,25,1,2,0
U001,28.613133138751536,77.2085946431388,2025-02-25 01:53:05,1,25,1,2,0
U001,28.61364921217613,77.20625137588098,2025-02-25 02:04:13,2,25,1,2,0
U001,28.610616476921667,77.20898272780965,2025-02-25 02:17:18,2,25,1,2,0
U001,28.617332828297545,77.20974503861869,2025-02-25 02:20:33,2,25,1,2,0
U001,28.611199379086088,77.21039859226323,2025-02-25 02:27:50,2,25,1,2,0
U001,28.61642375841599,77.21061885002175,2025-02-25 02:40:03,2,25,1,2,0
U001,28.61554741622285,77.2070056264204,2025-02-25 03:02:40,3,25,1,2,0
U001,28.61601355397762,77.21169561013896,2025-02-25 03:08:14,3,25,1,2,0
U001,28.61138656714842,77.2063392406766,2025-02-25 03:22:20,3,25,1,2,0
U001,28.615700108582708,77.208169021275,2025-02-25 03:28:32,3,25,1,2,0
U001,28.611316174448213,77.20527354176366,2025-02-25 03:36:06,3,25,1,2,0
U001,28.612568469591903,77.20772050593405,2025-02-25 04:20:01,4,25,1,2,0
U001,28.612271022578348,77.20996499833737,2025-02-25 04:42:39,4,25,1,2,0
U001,28.615280852132617,77.21121714146871,2025-02-25 04:52:04,4,25,1,2,0
U001,28.61461682972661,77.20831489253514,2025-02-25 04:52:21,4,25,1,2,0
U001,28.61541013087472,77.20918212294058,2025-02-25 04:53:55,4,25,1,2,0
U001,28.611358096659814,77.20957823169988,2025-02-25 05:04:49,5,25,1,2,0
U001,28.613830667700185,77.20799355683035,2025-02-25 05:22:52,5,25,1,2,0
U001,28.61373810405372,77.210139681154,2025-02-25 05:34:16,5,25,1,2,0
U001,28.610298402588004,77.21076468094098,2025-02-25 06:15:46,6,25,1,2,0
U001,28.612459737855097,77.20804406707649,2025-02-25 06:16:00,6,25,1,2,0
U001,28.612436976141428,77.21102419865484,2025-02-25 06:28:24,6,25,1,2,0
U001,28.612366970431196,77.20962569272264,2025-02-25 06:31:29,6,25,1,2,0
U001,28.615639080967707,77.20937036246556,2025-02-25 07:13:33,7,25,1,2,0
U001,28.616852081819776,77.20287011649127,2025-02-25 07:19:25,7,25,1,2,0
U001,28.61412943043545,77.20914629462234,2025-02-25 07:36:39,7,25,1,2,0
U001,28.61102312395981,77.20971699741487,2025-02-25 07:37:13,7,25,1,2,0
U001,28.614146543606417,77.20493812723414,2025-02-25 07:59:45,7,25,1,2,0
U001,28.628671537966785,77.21683269893092,2025-02-25 08:02:03,8,25,1,2,0
U001,28.62564804040383,77.21763939706241,2025-02-25 08:06:03,8,25,1,2,0
U001,28.627613748557906,77.21631459830066,2025-02-25 08:31:53,8,25,1,2,0
U001,28.63130937833805,77.21665150288888,2025-02-25 09:15:49,9,25,1,2,0
U001,28.630557476218243,77.2159601991498,2025-02-25 09:18:16,9,25,1,2,0
U001,28.631846682133038,77.21889402726006,2025-02-25 09:22:50,9,25,1,2,0
U001,28.630260570242253,77.21816948942092,2025-02-25 09:51:24,9,25,1,2,0
U001,28.629019584631685,77.22035900353006,2025-02-25 09:53:50,9,25,1,2,0
U001,28.630190890545407,77.21430784246115,2025-02-25 10:00:02,10,25,1,2,0
U001,28.63091654409797,77.22319818177253,2025-02-25 10:05:58,10,25,1,2,0
U001,28.630343773715985,77.22034848112673,2025-02-25 10:21:21,10,25,1,2,0
U001,28.63130712522657,77.21623526123797,2025-02-25 11:40:23,11,25,1,2,0
U001,28.632407872389987,77.21697223827805,2025-02-25 11:47:07,11,25,1,2,0
U001,28.629959989692804,77.22131021763812,2025-02-25 11:49:37,11,25,1,2,0
U001,28.633275784936885,77.21903426152305,2025-02-25 11:52:08,11,25,1,2,0
U001,28.63030927928155,77.21831730074398,2025-02-25 12:13:18,12,25,1,2,0
U001,28.631070263926027,77.21845521608576,2025-02-25 12:23:46,12,25,1,2,0
U001,28.627170316474643,77.21897662998467,2025-02-25 12:36:48,12,25,1,2,0
U001,28.631421642244717,77.22022303767515,2025-02-25 12:46:30,12,25,1,2,0
U001,28.6297062673046,77.21328807337808,2025-02-25 12:53:27,12,25,1,2,0
U001,28.630543512381305,77.21854077626246,2025-02-25 13:19:27,13,25,1,2,0
U001,28.628356922249782,77.21380317321402,2025-02-25 13:34:44,13,25,1,2,0
U001,28.633022781648865,77.2175901468149,2025-02-25 13:43:46,13,25,1,2,0
U001,28.62821471342244,77.21756807868786,2025-02-25 13:48:12,13,25,1,2,0
U001,28.63230099737618,77.21702343799217,2025-02-25 13:48:45,13,25,1,2,0
U001,28.63303300505085,77.21988055017019,2025-02-25 14:38:41,14,25,1,2,0
U001,28.63031224526876,77.21813794106828,2025-02-25 14:43:24,14,25,1,2,0
U001,28.62972414799173,77.21708489214225,2025-02-25 14:46:13,14,25,1,2,0
U001,28.63067064917562,77.21623804348928,2025-02-25 14:48:28,14,25,1,2,0
U001,28.630246195866377,77.21724822493888,2025-02-25 14:59:04,14,25,1,2,0
U001,28.63033264647072,77.21458722343449,2025-02-25 15:08:01,15,25,1,2,0
U001,28.63089576954996,77.21850922745374,2025-02-25 15:12:44,15,25,1,2,0
U001,28.62977639039652,77.21978751574594,2025-02-25 15:27:35,15,25,1,2,0
U001,28.63216511763349,77.21689828931869,2025-02-25 15:49:16,15,25,1,2,0
U001,28.630709837303773,77.2151690973508,2025-02-25 15:50:23,15,25,1,2,0
U001,28.627403924066435,77.22302630156562,2025-02-25 16:07:51,16,25,1,2,0
U001,28.62935040801334,77.21800551279418,2025-02-25 16:14:54,16,25,1,2,0
U001,28.629324143760854,77.21905550170264,2025-02-25 16:25:32,16,25,1,2,0
U001,28.62895215898362,77.21798208958212,2025-02-25 17:11:48,17,25,1,2,0
U001,28.63242328534335,77.21775506538575,2025-02-25 17:12:36,17,25,1,2,0
U001,28.630021012847504,77.21672767706504,2025-02-25 17:41:48,17,25,1,2,0
U001,28.628385951335797,77.21929859880349,2025-02-25 17:58:32,17,25,1,2,0
U001,28.628508252254765,77.21717800240528,2025-02-25 18:01:42,18,25,1,2,0
U001,28.630125804803296,77.21780194160657,2025-02-25 18:01:44,18,25,1,2,0
U001,28.63002288392793,77.21931911690764,2025-02-25 18:29:08,18,25,1,2,0
U001,28.61351877645644,77.21207627043681,2025-02-25 19:02:27,19,25,1,2,0
U001,28.61421817140766,77.20883476619898,2025-02-25 19:24:34,19,25,1,2,0
U001,28.61622277283625,77.20798803213634,2025-02-25 19:34:14,19,25,1,2,0
U001,28.613561284588812,77.20726908782189,2025-02-25 19:43:30,19,25,1,2,0
U001,28.61454516004309,77.21216993353883,2025-02-25 19:46:25,19,25,1,2,0
U001,28.616487185954067,77.20832054012845,2025-02-25 20:00:22,20,25,1,2,0
U001,28.610320233248025,77.21259711079239,2025-02-25 20:11:56,20,25,1,2,0
U001,28.617149907081423,77.20674891214445,2025-02-25 20:15:52,20,25,1,2,0
U001,28.61198660895386,77.20656921889851,2025-02-25 20:18:22,20,25,1,2,0
U001,28.61166001454112,77.20893209486505,2025-02-25 20:27:00,20,25,1,2,0
U001,28.616237467555845,77.2072571561905,2025-02-25 21:27:19,21,25,1,2,0
U001,28.61359180741629,77.20299621579778,2025-02-25 21:30:58,21,25,1,2,0
U001,28.613869028996987,77.21108029395565,2025-02-25 21:40:31,21,25,1,2,0
U001,28.611251948186407,77.21027427717772,2025-02-25 21:58:09,21,25,1,2,0
U001,28.615704874543127,77.20799996756652,2025-02-25 22:19:49,22,25,1,2,0
U001,28.613301832344924,77.21001179354784,2025-02-25 22:31:23,22,25,1,2,0
U001,28.61474694272822,77.20444129237606,2025-02-25 22:32:25,22,25,1,2,0
U001,28.614463129851263,77.20769747826017,2025-02-25 22:48:40,22,25,1,2,0
U001,28.61630737803144,77.20858606525125,2025-02-25 23:16:33,23,25,1,2,0
U001,28.612354040367983,77.21148370545971,2025-02-25 23:27:27,23,25,1,2,0
U001,28.614243388046567,77.2089685733307,2025-02-25 23:30:28,23,25,1,2,0
U001,28.61405655702205,77.21011000478916,2025-02-26 00:07:57,0,26,2,2,0
U001,28.612538731303065,77.20951812417977,2025-02-26 00:08:37,0,26,2,2,0
U001,28.61339238754428,77.21107201100949,2025-02-26 00:24:53,0,26,2,2,0
U001,28.613621945629266,77.21091638677282,2025-02-26 00:26:01,0,26,2,2,0
U001,28.61413605034891,77.21179531590377,2025-02-26 00:52:16,0,26,2,2,0
U001,28.61714283369892,77.20702307167102,2025-02-26 01:22:54,1,26,2,2,0
U001,28.614399058450203,77.20605260211892,2025-02-26 01:34:45,1,26,2,2,0
U001,28.615178470438305,77.20611887958196,2025-02-26 01:39:18,1,26,2,2,0
U001,28.60919543707333,77.20525093985715,2025-02-26 01:57:36,1,26,2,2,0
U001,28.6137282390615,77.20854048739062,2025-02-26 02:04:15,2,26,2,2,0
U001,28.61661348287408,77.20680660838669,2025-02-26 02:15:10,2,26,2,2,0
U001,28.61282209710594,77.20934506976562,2025-02-26 02:43:31,2,26,2,2,0
U001,28.613011128876323,77.21001342180404,2025-02-26 03:12:52,3,26,2,2,0
U001,28.612885323454464,77.21084666376889,2025-02-26 03:26:41,3,26,2,2,0
U001,28.61293664109714,77.20744608902967,2025-02-26 03:30:53,3,26,2,2,0
U001,28.614460522057648,77.21035850842341,2025-02-26 03:52:05,3,26,2,2,0
U001,28.61159995256434,77.20553123066372,2025-02-26 03:55:37,3,26,2,2,0
U001,28.61225680128796,77.21029557723813,2025-02-26 04:13:57,4,26,2,2,0
U001,28.61399240106322,77.20593834195392,2025-02-26 04:38:39,4,26,2,2,0
U001,28.613536519024557,77.20883040833489,2025-02-26 04:52:05,4,26,2,2,0
U001,28.618800017073777,77.20963815635683,2025-02-26 04:58:22,4,26,2,2,0
U001,28.618210871373904,77.20912169359018,2025-02-26 05:01:52,5,26,2,2,0
U001,28.61619915957068,77.20832941243391,2025-02-26 05:06:32,5,26,2,2,0
U001,28.614467445703024,77.2092011891683,2025-02-26 05:20:10,5,26,2,2,0
U001,28.61571523946453,77.208576236963,2025-02-26 05:43:57,5,26,2,2,0
U001,28.6171084365577,77.20806653624905,2025-02-26 06:01:13,6,26,2,2,0
U001,28.614163734092767,77.207957138661,2025-02-26 06:09:17,6,26,2,2,0
U001,28.61539407486378,77.2123410573273,2025-02-26 06:11:10,6,26,2,2,0
U001,28.61179397673755,77.20874180297177,2025-02-26 06:22:12,6,26,2,2,0
U001,28.612393440207324,77.20876072827835,2025-02-26 06:43:37,6,26,2,2,0
U001,28.613349010576943,77.21102986938592,2025-02-26 07:18:11,7,26,2,2,0
U001,28.615432918598746,77.20662313945046,2025-02-26 07:39:17,7,26,2,2,0
U001,28.61031691650724,77.20921429064236,2025-02-26 07:43:48,7,26,2,2,0
U001,28.627990437605163,77.217636994693,2025-02-26 08:03:00,8,26,2,2,0
U001,28.631970781305096,77.21926425941872,2025-02-26 08:13:39,8,26,2,2,0
U001,28.63150878295837,77.21836041230691,2025-02-26 08:29:56,8,26,2,2,0
U001,28.629069898568247,77.2210538135658,2025-02-26 09:20:17,9,26,2,2,0
U001,28.632376636201972,77.2138731148294,2025-02-26 09:23:37,9,26,2,2,0
U001,28.63162027347202,77.21778330506426,2025-02-26 09:28:16,9,26,2,2,0
U001,28.62774312854653,77.215652962254,2025-02-26 09:40:36,9,26,2,2,0
U001,28.629503673534813,77.21363858635749,2025-02-26 09:44:58,9,26,2,2,0
U001,28.63005893651292,77.21548121578685,2025-02-26 10:17:48,10,26,2,2,0
U001,28.63059414802146,77.2196979937513,2025-02-26 10:30:37,10,26,2,2,0
U001,28.63213785996319,77.21368692435333,2025-02-26 10:48:32,10,26,2,2,0
U001,28.63326172521113,77.21688034262358,2025-02-26 11:04:42,11,26,2,2,0
U001,28.633533495632825,77.21375636192458,2025-02-26 11:25:02,11,26,2,2,0
U001,28.631856523524583,77.21607203688353,2025-02-26 11:27:12,11,26,2,2,0
U001,28.63284446510695,77.21559414959223,2025-02-26 11:48:22,11,26,2,2,0
U001,28.633201913476054,77.21868442316251,2025-02-26 12:06:26,12,26,2,2,0
U001,28.631485991273028,77.21835609385687,2025-02-26 12:09:08,12,26,2,2,0
U001,28.63200288167995,77.2153414390483,2025-02-26 12:16:18,12,26,2,2,0
U001,28.629889527113477,77.21908912403372,2025-02-26 12:37:17,12,26,2,2,0
U001,28.632662527382628,77.21874367640154,2025-02-26 13:08:17,13,26,2,2,0
U001,28.631122200485137,77.21723623407263,2025-02-26 13:10:14,13,26,2,2,0
U001,28.63073069954332,77.2180572658339,2025-02-26 13:54:13,13,26,2,2,0
U001,28.6314060881682,77.2175868995977,2025-02-26 14:14:21,14,26,2,2,0
U001,28.632908765003435,77.21911817381181,2025-02-26 14:32:31,14,26,2,2,0
U001,28.63000030130333,77.21847204703772,2025-02-26 14:50:31,14,26,2,2,0
U001,28.63036319687,77.21715404586088,2025-02-26 15:04:53,15,26,2,2,0
U001,28.628817973093163,77.21470886399058,2025-02-26 15:12:19,15,26,2,2,0
U001,28.634155860589853,77.2179561798258,2025-02-26 15:24:46,15,26,2,2,0
U001,28.63200215385723,77.21895568597259,2025-02-26 15:41:40,15,26,2,2,0
U001,28.6268830041132,77.21852406652096,2025-02-26 16:07:32,16,26,2,2,0
U001,28.63094206567584,77.2177054601212,2025-02-26 16:17:01,16,26,2,2,0
U001,28.63206973581584,77.21677641845457,2025-02-26 16:22:23,16,26,2,2,0
U001,28.63072348946516,77.21615528919827,2025-02-26 16:33:29,16,26,2,2,0
U001,28.62958909314564,77.21643541503263,2025-02-26 16:38:21,16,26,2,2,0
U001,28.630594090619866,77.21586464622932,2025-02-26 17:01:54,17,26,2,2,0
U001,28.63094512161053,77.2182864472233,2025-02-26 17:37:56,17,26,2,2,0
U001,28.63069613611264,77.21628005450846,2025-02-26 17:55:07,17,26,2,2,0
U001,28.627603392423964,77.21734235181832,2025-02-26 18:02:11,18,26,2,2,0
U001,28.627048572485208,77.22289698118023,2025-02-26 18:38:00,18,26,2,2,0
U001,28.630107393294875,77.21752301317224,2025-02-26 18:43:15,18,26,2,2,0
U001,28.630560421780608,77.21553401234837,2025-02-26 18:56:51,18,26,2,2,0
U001,28.60655454788825,77.22787014569889,2025-02-26 19:05:02,19,26,2,2,0
U001,28.610881168014625,77.22947866580981,2025-02-26 19:43:39,19,26,2,2,0
U001,28.61208721839099,77.22949709870782,2025-02-26 19:55:28,19,26,2,2,0
U001,28.610687679041995,77.22847154329209,2025-02-26 19:56:21,19,26,2,2,0
U001,28.61042953952171,77.22544609021425,2025-02-26 20:08:27,20,26,2,2,0
U001,28.61221051946689,77.23004429760448,2025-02-26 20:21:16,20,26,2,2,0
U001,28.60886000172916,77.23029136252815,2025-02-26 20:35:17,20,26,2,2,0
U001,28.60841200722189,77.23260653464217,2025-02-26 20:54:09,20,26,2,2,0
U001,28.61657408769777,77.208082825937,2025-02-26 21:03:41,21,26,2,2,0
U001,28.611917640804247,77.20391920120032,2025-02-26 21:14:17,21,26,2,2,0
U001,28.616646442883383,77.2072737727463,2025-02-26 21:38:35,21,26,2,2,0
U001,28.612539331888485,77.2089618860795,2025-02-26 22:16:34,22,26,2,2,0
U001,28.6165701928794,77.21106432554889,2025-02-26 22:39:49,22,26,2,2,0
U001,28.606737269543856,77.20973636206338,2025-02-26 22:57:58,22,26,2,2,0
U001,28.614855934410016,77.21311049091338,2025-02-26 23:02:25,23,26,2,2,0
U001,28.61530059818938,77.21090614300523,2025-02-26 23:11:21,23,26,2,2,0
U001,28.618905337025684,77.20579082518827,2025-02-26 23:21:14,23,26,2,2,0
U001,28.610951045764025,77.20850367740937,2025-02-26 23:46:12,23,26,2,2,0
U001,28.61124854858989,77.21027893651342,2025-02-26 23:50:49,23,26,2,2,0
U001,28.61451316370177,77.2077927257684,2025-02-27 00:24:53,0,27,3,2,0
U001,28.61328857460307,77.209152385103,2025-02-27 00:43:34,0,27,3,2,0
U001,28.612780220423875,77.20792115782135,2025-02-27 00:55:43,0,27,3,2,0
U001,28.61171689300815,77.209081653178,2025-02-27 01:06:21,1,27,3,2,0
U001,28.69908744805222,77.35286755070601,2025-02-27 01:07:00,1,27,3,2,0
U001,28.614288082346054,77.20875466657807,2025-02-27 01:20:45,1,27,3,2,0
U001,28.61502791568926,77.20843676506904,2025-02-27 01:24:05,1,27,3,2,0
U001,28.60745495251952,77.21001556643924,2025-02-27 01:28:55,1,27,3,2,0
U001,28.613730192428697,77.20887801302563,2025-02-27 01:56:21,1,27,3,2,0
U001,28.698960580555735,77.35073065330249,2025-02-27 02:11:00,2,27,3,2,0
U001,28.61380237182192,77.20511278939553,2025-02-27 02:14:49,2,27,3,2,0
U001,28.61467632374264,77.2091377216009,2025-02-27 02:21:32,2,27,3,2,0
U001,28.61678664477064,77.20720083550928,2025-02-27 02:57:11,2,27,3,2,0
U001,28.61392294434028,77.21002627176892,2025-02-27 03:01:06,3,27,3,2,0
U001,28.697421682704128,77.34777103814137,2025-02-27 03:18:00,3,27,3,2,0
U001,28.61616905101371,77.21016514279776,2025-02-27 03:24:40,3,27,3,2,0
U001,28.60646044964276,77.20881628815346,2025-02-27 03:46:28,3,27,3,2,0
U001,28.614184499851337,77.20800628780846,2025-02-27 04:24:49,4,27,3,2,0
U001,28.615203216595592,77.21272698892427,2025-02-27 04:39:51,4,27,3,2,0
U001,28.615618221618178,77.2080434541935,2025-02-27 04:45:36,4,27,3,2,0
U001,28.61140292363727,77.20869790732408,2025-02-27 05:12:17,5,27,3,2,0
U001,28.614935703815554,77.20919441620782,2025-02-27 05:31:15,5,27,3,2,0
U001,28.617129656942176,77.20652330371988,2025-02-27 05:42:00,5,27,3,2,0
U001,28.614558323957464,77.20859453258056,2025-02-27 06:13:28,6,27,3,2,0
U001,28.612081194874666,77.20811502312776,2025-02-27 06:20:07,6,27,3,2,0
U001,28.61481472298769,77.20221469648203,2025-02-27 06:30:22,6,27,3,2,0
U001,28.613527377470955,77.2082087658788,2025-02-27 06:45:37,6,27,3,2,0
U001,28.61544592014908,77.21002633689025,2025-02-27 07:27:04,7,27,3,2,0
U001,28.618382036666947,77.21106806391371,2025-02-27 07:45:20,7,27,3,2,0
U001,28.614591721973195,77.20874217240969,2025-02-27 07:57:13,7,27,3,2,0
U001,28.625720522356712,77.21300906955729,2025-02-27 08:31:13,8,27,3,2,0
U001,28.62117827491281,77.21196889602237,2025-02-27 08:31:52,8,27,3,2,0
U001,28.62089906365928,77.20901969758677,2025-02-27 08:50:09,8,27,3,2,0
U001,28.623398628267136,77.21212378304358,2025-02-27 08:56:50,8,27,3,2,0
U001,28.629145980197567,77.21695102860036,2025-02-27 09:35:07,9,27,3,2,0
U001,28.630517721532605,77.21854285053342,2025-02-27 09:37:02,9,27,3,2,0
U001,28.63186855084276,77.21622321170122,2025-02-27 09:53:54,9,27,3,2,0
U001,28.631085350833963,77.2196309030036,2025-02-27 10:23:20,10,27,3,2,0
U001,28.625930603925784,77.21212423088005,2025-02-27 10:23:46,10,27,3,2,0
U001,28.63298436984036,77.21798387561459,2025-02-27 10:43:52,10,27,3,2,0
U001,28.6326115573048,77.21821454759473,2025-02-27 10:55:42,10,27,3,2,0
U001,28.62960908603464,77.2206940734599,2025-02-27 10:57:18,10,27,3,2,0
U001,28.63594243018058,77.21868842441543,2025-02-27 11:20:51,11,27,3,2,0
U001,28.632110417608448,77.21647490974604,2025-02-27 11:29:40,11,27,3,2,0
U001,28.631601181328733,77.2192638446785,2025-02-27 11:32:56,11,27,3,2,0
U001,28.628833933604323,77.22021623856654,2025-02-27 11:50:03,11,27,3,2,0
U001,28.632277313526448,77.21589166870831,2025-02-27 11:58:36,11,27,3,2,0
U001,28.629294877767144,77.21863788758432,2025-02-27 12:31:10,12,27,3,2,0
U001,28.63193925891224,77.21960105740222,2025-02-27 12:45:49,12,27,3,2,0
U001,28.629903495195183,77.21531370672156,2025-02-27 12:49:31,12,27,3,2,0
U001,28.62849937865798,77.21619769477125,2025-02-27 13:02:02,13,27,3,2,0
U001,28.63495796221154,77.22034215211303,2025-02-27 13:04:27,13,27,3,2,0
U001,28.629701088351872,77.21774048844243,2025-02-27 13:20:04,13,27,3,2,0
U001,28.63150615549476,77.21607846163575,2025-02-27 13:48:20,13,27,3,2,0
U001,28.630258824188008,77.21956649992138,2025-02-27 14:06:12,14,27,3,2,0
U001,28.63081465818652,77.21691414437619,2025-02-27 14:15:32,14,27,3,2,0
U001,28.63155423117735,77.21619504680086,2025-02-27 14:34:14,14,27,3,2,0
U001,28.63044494782135,77.21894791932674,2025-02-27 15:08:18,15,27,3,2,0
U001,28.630628918210192,77.21518499391499,2025-02-27 15:09:34,15,27,3,2,0
U001,28.630412331918823,77.21771742675581,2025-02-27 15:10:06,15,27,3,2,0
U001,28.631821305882973,77.21767919641235,2025-02-27 15:31:28,15,27,3,2,0
U001,28.62950091958008,77.2183791780174,2025-02-27 15:51:54,15,27,3,2,0
U001,28.630256391244867,77.21837923701297,2025-02-27 16:21:44,16,27,3,2,0
U001,28.63052160640074,77.21510116071406,2025-02-27 16:42:20,16,27,3,2,0
U001,28.63161551602929,77.21608578666537,2025-02-27 16:49:42,16,27,3,2,0
U001,28.6320567880258,77.21717669347024,2025-02-27 17:03:10,17,27,3,2,0
U001,28.628863611798177,77.21799980663897,2025-02-27 17:19:04,17,27,3,2,0
U001,28.63066985161665,77.2177064439879,2025-02-27 17:52:37,17,27,3,2,0
U001,28.630000383595835,77.21404864062704,2025-02-27 18:02:26,18,27,3,2,0
U001,28.63153614576084,77.22113230076998,2025-02-27 18:17:49,18,27,3,2,0
U001,28.63209868300022,77.21621090110989,2025-02-27 18:49:03,18,27,3,2,0
U001,28.63192303107,77.2191242544804,2025-02-27 18:57:35,18,27,3,2,0
U001,28.622291456175223,77.21153659726993,2025-02-27 19:03:48,19,27,3,2,0
U001,28.619651428080555,77.21276355584166,2025-02-27 19:43:20,19,27,3,2,0
U001,28.618894296951872,77.21162966858228,2025-02-27 19:45:02,19,27,3,2,0
U001,28.62245690993452,77.21325697296825,2025-02-27 19:56:49,19,27,3,2,0
U001,28.612878655532118,77.20769008724662,2025-02-27 20:01:26,20,27,3,2,0
U001,28.61845555694469,77.20966038667449,2025-02-27 20:01:45,20,27,3,2,0
U001,28.617660612228462,77.2082994169689,2025-02-27 20:16:36,20,27,3,2,0
U001,28.617686215388325,77.20680702155285,2025-02-27 20:22:28,20,27,3,2,0
U001,28.61660539314732,77.20916508713543,2025-02-27 20:43:03,20,27,3,2,0
U001,28.612935312776724,77.20643697708233,2025-02-27 21:41:07,21,27,3,2,0
U001,28.611007348773345,77.20940095159399,2025-02-27 21:48:12,21,27,3,2,0
U001,28.61339206214293,77.20868973891531,2025-02-27 21:50:45,21,27,3,2,0
U001,28.61139067059228,77.20700119442485,2025-02-27 21:56:39,21,27,3,2,0
U001,28.614730165241628,77.20873483225122,2025-02-27 21:58:45,21,27,3,2,0
U001,28.61336895315928,77.20649586413843,2025-02-27 22:07:43,22,27,3,2,0
U001,28.61642904919214,77.20540335292826,2025-02-27 22:16:52,22,27,3,2,0
U001,28.613266248279967,77.20956801037482,2025-02-27 22:34:01,22,27,3,2,0
U001,28.612791244378844,77.20865086780283,2025-02-27 22:41:54,22,27,3,2,0
U001,28.614632359135364,77.20781106788596,2025-02-27 23:03:09,23,27,3,2,0
U001,28.612738176695206,77.20791013200055,2025-02-27 23:11:18,23,27,3,2,0
U001,28.611078361079333,77.21141964490708,2025-02-27 23:53:42,23,27,3,2,0
U001,28.61558362787624,77.20980958409858,2025-02-27 23:56:53,23,27,3,2,0
U001,28.615358729245948,77.21048224150715,2025-02-28 00:10:08,0,28,4,2,0
U001,28.61282668135888,77.20826684882933,2025-02-28 00:12:14,0,28,4,2,0
U001,28.6152290851153,77.20990024750722,2025-02-28 00:28:57,0,28,4,2,0
U001,28.61194389956607,77.20915424434034,2025-02-28 00:31:17,0,28,4,2,0
U001,28.617060749524907,77.20528447826933,2025-02-28 00:45:12,0,28,4,2,0
U001,28.61232221735986,77.20914372790818,2025-02-28 01:03:43,1,28,4,2,0
U001,28.61215052402253,77.20962032966571,2025-02-28 01:18:11,1,28,4,2,0
U001,28.614556644502443,77.2073752657968,2025-02-28 01:41:46,1,28,4,2,0
U001,28.612047142811747,77.20740743256209,2025-02-28 01:53:36,1,28,4,2,0
U001,28.615366244106173,77.20888278530137,2025-02-28 02:09:17,2,28,4,2,0
U001,28.61521270341246,77.2072899879948,2025-02-28 02:12:41,2,28,4,2,0
U001,28.614166904332283,77.20708484362532,2025-02-28 02:39:00,2,28,4,2,0
U001,28.614979237722796,77.21174722219537,2025-02-28 02:43:35,2,28,4,2,0
U001,28.614261540228423,77.21025344691603,2025-02-28 03:28:13,3,28,4,2,0
U001,28.611309275354262,77.21395417096561,2025-02-28 03:31:34,3,28,4,2,0
U001,28.614558029799625,77.21018773957016,2025-02-28 03:58:41,3,28,4,2,0
U001,28.612363342602315,77.20653035717348,2025-02-28 04:02:17,4,28,4,2,0
U001,28.61478271461485,77.20707819876687,2025-02-28 04:16:40,4,28,4,2,0
U001,28.61044828917562,77.21426121963934,2025-02-28 04:39:00,4,28,4,2,0
U001,28.617585309244568,77.2100614719748,2025-02-28 04:44:24,4,28,4,2,0
U001,28.613775667534465,77.20971723525629,2025-02-28 04:56:19,4,28,4,2,0
U001,28.614205372010737,77.20726735291578,2025-02-28 05:00:27,5,28,4,2,0
U001,28.614590457465503,77.2087318426248,2025-02-28 05:03:49,5,28,4,2,0
U001,28.61426072853488,77.20982443918584,2025-02-28 05:18:04,5,28,4,2,0
U001,28.61560303239246,77.21081609332667,2025-02-28 05:22:22,5,28,4,2,0
U001,28.61415652068536,77.20891513072345,2025-02-28 06:07:17,6,28,4,2,0
U001,28.613843890979247,77.20725407462055,2025-02-28 06:22:19,6,28,4,2,0
U001,28.614810373598548,77.20806451936511,2025-02-28 06:33:36,6,28,4,2,0
U001,28.615905662814477,77.20578524632508,2025-02-28 06:46:02,6,28,4,2,0
U001,28.61054833968048,77.21007424339972,2025-02-28 06:46:11,6,28,4,2,0
U001,28.614908239569,77.21110688573704,2025-02-28 07:12:15,7,28,4,2,0
U001,28.613743399127948,77.21115238014728,2025-02-28 07:26:33,7,28,4,2,0
U001,28.611792199084302,77.20601136531617,2025-02-28 07:48:47,7,28,4,2,0
U001,28.62986735944944,77.22060398292389,2025-02-28 08:12:16,8,28,4,2,0
U001,28.630328493111847,77.21980681014503,2025-02-28 08:46:43,8,28,4,2,0
U001,28.628537373874085,77.22048329937824,2025-02-28 08:55:13,8,28,4,2,0
U001,28.630908118217604,77.22020821854485,2025-02-28 09:12:31,9,28,4,2,0
U001,28.63057292337585,77.21607408660795,2025-02-28 09:24:45,9,28,4,2,0
U001,28.629571564173187,77.21727413062493,2025-02-28 09:44:14,9,28,4,2,0
U001,28.63060751440154,77.21782955714676,2025-02-28 10:38:58,10,28,4,2,0
U001,28.63248305049402,77.22144672513937,2025-02-28 10:44:16,10,28,4,2,0
U001,28.633327349803466,77.21753358068194,2025-02-28 10:56:01,10,28,4,2,0
U001,28.628450344729607,77.21897827061437,2025-02-28 11:15:34,11,28,4,2,0
U001,28.631542947241563,77.21722952380006,2025-02-28 11:24:08,11,28,4,2,0
U001,28.632903945573823,77.21645441493156,2025-02-28 11:29:35,11,28,4,2,0
U001,28.62848527105176,77.21580995861024,2025-02-28 12:36:17,12,28,4,2,0
U001,28.63400333769639,77.21951507035955,2025-02-28 12:38:24,12,28,4,2,0
U001,28.62915112747482,77.21528631140731,2025-02-28 12:39:31,12,28,4,2,0
U001,28.6319609499075,77.21854781944867,2025-02-28 12:43:44,12,28,4,2,0
U001,28.629696489067463,77.21402169778422,2025-02-28 13:11:45,13,28,4,2,0
U001,28.631537736090586,77.21774112934243,2025-02-28 13:31:18,13,28,4,2,0
U001,28.63265399670118,77.21875095204975,2025-02-28 13:58:01,13,28,4,2,0
U001,28.62422973107492,77.21906936931873,2025-02-28 14:03:19,14,28,4,2,0
U001,28.630247194732657,77.21732058444017,2025-02-28 14:26:43,14,28,4,2,0
U001,28.630380931691874,77.21857788285905,2025-02-28 14:31:21,14,28,4,2,0
U001,28.628550905922424,77.21842017043161,2025-02-28 14:35:34,14,28,4,2,0
U001,28.63110213151484,77.21900703240065,2025-02-28 15:07:32,15,28,4,2,0
U001,28.631709032806963,77.21657112186011,2025-02-28 15:10:16,15,28,4,2,0
U001,28.62699364694571,77.21641257815283,2025-02-28 15:17:06,15,28,4,2,0
U001,28.62965155936353,77.21961857378398,2025-02-28 15:37:23,15,28,4,2,0
U001,28.631339258837457,77.21959054991494,2025-02-28 15:50:31,15,28,4,2,0
U001,28.630974042524706,77.21712579238392,2025-02-28 16:08:47,16,28,4,2,0
U001,28.63400909253293,77.21718815785246,2025-02-28 16:40:56,16,28,4,2,0
U001,28.629463053636137,77.2155209866342,2025-02-28 16:47:55,16,28,4,2,0
U001,28.629046232634902,77.2171016971909,2025-02-28 16:59:15,16,28,4,2,0
U001,28.63082435018978,77.21834398049562,2025-02-28 17:27:22,17,28,4,2,0
U001,28.626574962452317,77.21890268266402,2025-02-28 17:40:02,17,28,4,2,0
U001,28.625591392340088,77.21664056148484,2025-02-28 17:41:33,17,28,4,2,0
U001,28.63217056306853,77.21841077362261,2025-02-28 17:50:14,17,28,4,2,0
U001,28.63096712584848,77.21823463566213,2025-02-28 17:51:34,17,28,4,2,0
U001,28.629224171937143,77.21447222401726,2025-02-28 18:29:54,18,28,4,2,0
U001,28.63014813760083,77.21708715603563,2025-02-28 18:37:48,18,28,4,2,0
U001,28.630034087392985,77.2221984626633,2025-02-28 18:47:19,18,28,4,2,0
U001,28.60988291651509,77.23033867704231,2025-02-28 19:03:32,19,28,4,2,0
U001,28.611606567472187,77.23055318218047,2025-02-28 19:04:32,19,28,4,2,0
U001,28.61185089224836,77.22800726547295,2025-02-28 19:11:20,19,28,4,2,0
U001,28.610862527014405,77.23049680327752,2025-02-28 19:12:32,19,28,4,2,0
U001,28.61086434355287,77.23001791215422,2025-02-28 19:30:20,19,28,4,2,0
U001,28.610733615738777,77.23271268323649,2025-02-28 20:03:07,20,28,4,2,0
U001,28.612671379138707,77.2314967761678,2025-02-28 20:12:20,20,28,4,2,0
U001,28.61198154477742,77.23110534084114,2025-02-28 20:21:35,20,28,4,2,0
U001,28.60802247986244,77.2304552511957,2025-02-28 20:23:09,20,28,4,2,0
U001,28.61160577931818,77.22734717601388,2025-02-28 20:40:47,20,28,4,2,0
U001,28.616421991628,77.20690910523567,2025-02-28 21:01:47,21,28,4,2,0
U001,28.61461467809238,77.20796408761535,2025-02-28 21:02:10,21,28,4,2,0
U001,28.613251830507316,77.21022733951459,2025-02-28 21:30:14,21,28,4,2,0
U001,28.615010232512347,77.20925031716976,2025-02-28 21:47:05,21,28,4,2,0
U001,28.61339768198847,77.20772531215412,2025-02-28 22:02:27,22,28,4,2,0
U001,28.61494143309336,77.21050055798027,2025-02-28 22:14:25,22,28,4,2,0
U001,28.614212858841277,77.20951680118081,2025-02-28 22:45:52,22,28,4,2,0
U001,28.612389561124456,77.20945590435933,2025-02-28 22:47:00,22,28,4,2,0
U001,28.614352220872053,77.21062465555997,2025-02-28 23:17:23,23,28,4,2,0
U001,28.610811562047527,77.20976448487541,2025-02-28 23:26:32,23,28,4,2,0
U001,28.61139070494446,77.2096177007538,2025-02-28 23:26:40,23,28,4,2,0
U001,28.61385731786776,77.21053612712768,2025-02-28 23:27:34,23,28,4,2,0
U001,28.611232035550884,77.20717824486356,2025-03-01 00:04:40,0,1,5,3,1
U001,28.61503839613254,77.20846443862169,2025-03-01 00:43:41,0,1,5,3,1
U001,28.61495402508877,77.21359665666924,2025-03-01 00:45:22,0,1,5,3,1
U001,28.610397068660752,77.2091719389707,2025-03-01 00:52:11,0,1,5,3,1
U001,28.616299907478385,77.20504497656209,2025-03-01 00:59:52,0,1,5,3,1
U001,28.614768413610637,77.2111318726137,2025-03-01 01:08:10,1,1,5,3,1
U001,28.614184828842163,77.20683512189719,2025-03-01 01:23:30,1,1,5,3,1
U001,28.6130712909319,77.20701255201817,2025-03-01 01:29:07,1,1,5,3,1
U001,28.613139548397957,77.20881615338467,2025-03-01 01:56:21,1,1,5,3,1
U001,28.612095723075548,77.2105399671388,2025-03-01 02:22:13,2,1,5,3,1
U001,28.61401255396272,77.21020366727986,2025-03-01 02:53:55,2,1,5,3,1
U001,28.61515006370833,77.21168576558303,2025-03-01 02:55:58,2,1,5,3,1
U001,28.614900677956737,77.2051967143282,2025-03-01 03:15:37,3,1,5,3,1
U001,28.61443961171064,77.21264819550152,2025-03-01 03:35:16,3,1,5,3,1
U001,28.61597916515455,77.20858242796962,2025-03-01 03:42:49,3,1,5,3,1
U001,28.6139342174668,77.21022647718085,2025-03-01 03:53:06,3,1,5,3,1
U001,28.614228994690613,77.20935675464206,2025-03-01 03:57:21,3,1,5,3,1
U001,28.615298439618307,77.20820051923735,2025-03-01 04:18:46,4,1,5,3,1
U001,28.61741347942904,77.21051960874442,2025-03-01 04:41:31,4,1,5,3,1
U001,28.61575943426413,77.20927583122153,2025-03-01 04:50:26,4,1,5,3,1
U001,28.617018914220296,77.20930218218717,2025-03-01 05:10:35,5,1,5,3,1
U001,28.614935464158755,77.21012679331167,2025-03-01 05:10:56,5,1,5,3,1
U001,28.6134519213134,77.21142185703285,2025-03-01 05:23:33,5,1,5,3,1
U001,28.61144304788198,77.21063327855369,2025-03-01 06:29:28,6,1,5,3,1
U001,28.61081163318832,77.21214293710887,2025-03-01 06:29:30,6,1,5,3,1
U001,28.613589840399847,77.21294691141443,2025-03-01 06:38:25,6,1,5,3,1
U001,28.613996434653508,77.20895540868402,2025-03-01 07:02:50,7,1,5,3,1
U001,28.614255655474818,77.2059223396719,2025-03-01 07:16:08,7,1,5,3,1
U001,28.610513446721438,77.2086336191583,2025-03-01 07:23:41,7,1,5,3,1
U001,28.615082706947675,77.20621152797776,2025-03-01 07:35:27,7,1,5,3,1
U001,28.618554664066547,77.20897744587977,2025-03-01 07:46:47,7,1,5,3,1
U001,28.610847517966725,77.20430402864538,2025-03-01 08:18:57,8,1,5,3,1
U001,28.612359566300952,77.2086557642515,2025-03-01 08:21:37,8,1,5,3,1
U001,28.615447653251717,77.20863452347943,2025-03-01 08:32:54,8,1,5,3,1
U001,28.614500085361534,77.20992325840821,2025-03-01 08:46:19,8,1,5,3,1
U001,28.626474501336133,77.19493135678493,2025-03-01 09:08:26,9,1,5,3,1
U001,28.62231553197442,77.19995314734759,2025-03-01 09:36:14,9,1,5,3,1
U001,28.627870013614217,77.19352312996152,2025-03-01 09:49:11,9,1,5,3,1
U001,28.627946214429137,77.19607658263091,2025-03-01 09:53:24,9,1,5,3,1
U001,28.624813797303723,77.1936301272936,2025-03-01 09:58:13,9,1,5,3,1
U001,28.628172058028937,77.19666946537195,2025-03-01 10:30:04,10,1,5,3,1
U001,28.62577459938496,77.19577070984653,2025-03-01 10:30:30,10,1,5,3,1
U001,28.627118450267982,77.1935754416059,2025-03-01 10:51:20,10,1,5,3,1
U001,28.62784236778362,77.19394023695827,2025-03-01 11:02:57,11,1,5,3,1
U001,28.627533260359552,77.19140358525856,2025-03-01 11:19:15,11,1,5,3,1
U001,28.623056033877116,77.19312230250056,2025-03-01 11:31:15,11,1,5,3,1
U001,28.62475570623784,77.1985657384665,2025-03-01 11:32:27,11,1,5,3,1
U001,28.62617940698589,77.19500864691555,2025-03-01 11:34:57,11,1,5,3,1
U001,28.59982794436692,77.20371638268035,2025-03-01 12:12:39,12,1,5,3,1
U001,28.59724696083785,77.19979273710628,2025-03-01 12:25:26,12,1,5,3,1
U001,28.60230867017253,77.20729592846276,2025-03-01 12:33:45,12,1,5,3,1
U001,28.599842856950204,77.20447903566522,2025-03-01 13:02:45,13,1,5,3,1
U001,28.5998811351802,77.20354832036136,2025-03-01 13:03:03,13,1,5,3,1
U001,28.600457466103308,77.20615492255885,2025-03-01 13:16:51,13,1,5,3,1
U001,28.599312747189156,77.20649021137285,2025-03-01 13:58:30,13,1,5,3,1
U001,28.603084424612305,77.2105166329325,2025-03-01 14:18:12,14,1,5,3,1
U001,28.600952045914852,77.20544218424345,2025-03-01 14:40:45,14,1,5,3,1
U001,28.60133435333112,77.20465838096528,2025-03-01 14:45:56,14,1,5,3,1
U001,28.59916047291782,77.20412715351027,2025-03-01 14:53:29,14,1,5,3,1
U001,28.60005453866668,77.20619343733473,2025-03-01 14:55:42,14,1,5,3,1
U001,28.60091063026561,77.20475078749716,2025-03-01 15:03:10,15,1,5,3,1
U001,28.601636573711342,77.2053646618437,2025-03-01 15:10:48,15,1,5,3,1
U001,28.598269371788785,77.20539094530571,2025-03-01 15:15:51,15,1,5,3,1
U001,28.600070534932744,77.204726778769,2025-03-01 15:39:13,15,1,5,3,1
U001,28.5998899977175,77.20275880788986,2025-03-01 15:40:05,15,1,5,3,1
U001,28.6400840955874,77.22501187761752,2025-03-01 16:04:13,16,1,5,3,1
U001,28.645334874114894,77.22388891685546,2025-03-01 16:47:33,16,1,5,3,1
U001,28.639042875184668,77.22865966048992,2025-03-01 16:58:20,16,1,5,3,1
U001,28.64154124975079,77.22453062388887,2025-03-01 17:06:16,17,1,5,3,1
U001,28.63876291920391,77.22149062637378,2025-03-01 17:13:39,17,1,5,3,1
U001,28.640059483179822,77.2215444890508,2025-03-01 17:19:49,17,1,5,3,1
U001,28.64280450562061,77.22724825757062,2025-03-01 17:48:09,17,1,5,3,1
U001,28.639722943403218,77.22429699686548,2025-03-01 17:51:13,17,1,5,3,1
U001,28.64197420750192,77.22382031170666,2025-03-01 18:12:20,18,1,5,3,1
U001,28.638199191776742,77.2252316090154,2025-03-01 18:16:01,18,1,5,3,1
U001,28.63936510515863,77.22556049760264,2025-03-01 18:23:24,18,1,5,3,1
U001,28.640742697145495,77.22868682310828,2025-03-01 18:31:26,18,1,5,3,1
U001,28.64086072972632,77.21918766693734,2025-03-01 18:59:48,18,1,5,3,1
U001,28.638280392617222,77.2246730439039,2025-03-01 19:19:45,19,1,5,3,1
U001,28.640333667587896,77.219519516571,2025-03-01 19:26:24,19,1,5,3,1
U001,28.64527401248977,77.22345572526305,2025-03-01 19:31:27,19,1,5,3,1
U001,28.640408495226577,77.22676406551845,2025-03-01 19:46:28,19,1,5,3,1
U001,28.64125567628393,77.22605058028496,2025-03-01 19:52:00,19,1,5,3,1
U001,28.613077892824755,77.21011988030352,2025-03-01 20:02:56,20,1,5,3,1
U001,28.609803273570517,77.2079159206086,2025-03-01 20:33:16,20,1,5,3,1
U001,28.61776932274677,77.20666819930042,2025-03-01 20:38:49,20,1,5,3,1
U001,28.61249769559825,77.20907644071102,2025-03-01 20:52:23,20,1,5,3,1
U001,28.61613931906015,77.209258651639,2025-03-01 21:01:15,21,1,5,3,1
U001,28.613247393818696,77.20650210263119,2025-03-01 21:02:24,21,1,5,3,1
U001,28.6154760914779,77.2107248367356,2025-03-01 21:19:26,21,1,5,3,1
U001,28.61323220522281,77.20810415128174,2025-03-01 21:21:06,21,1,5,3,1
U001,28.612792050660914,77.2091853083512,2025-03-01 21:40:25,21,1,5,3,1
U001,28.61320609171348,77.20811225436718,2025-03-01 22:18:20,22,1,5,3,1
U001,28.60921241109488,77.2096709129373,2025-03-01 22:30:34,22,1,5,3,1
U001,28.615153200718485,77.2109654435048,2025-03-01 22:34:53,22,1,5,3,1
U001,28.614783259383948,77.21175193043914,2025-03-01 22:48:40,22,1,5,3,1
U001,28.614563023762805,77.21050965748358,2025-03-01 23:20:12,23,1,5,3,1
U001,28.61466113551285,77.21061030896655,2025-03-01 23:29:57,23,1,5,3,1
U001,28.615358849533006,77.20687057492505,2025-03-01 23:32:25,23,1,5,3,1
U001,28.61405196704692,77.21107013769316,2025-03-01 23:41:08,23,1,5,3,1
U001,28.60888721778108,77.21167498870992,2025-03-01 23:49:56,23,1,5,3,1
